input,output,architecture,predicted_class,confidence,status,error
data\raw\974e32f0fa628a307ba1bc2ec7f48d137b8190da0582678d7c5c75c8120bf383\Testing\glioma\Te-gl_1.jpg,artifacts\inference\convnext-tiny-production\Te-gl_1__glioma__highlighted.png,convnext_tiny,glioma,0.9991975426673889,ok,
data\raw\974e32f0fa628a307ba1bc2ec7f48d137b8190da0582678d7c5c75c8120bf383\Testing\glioma\Te-gl_10.jpg,artifacts\inference\convnext-tiny-production\Te-gl_10__glioma__highlighted.png,convnext_tiny,glioma,1.0,ok,
data\raw\974e32f0fa628a307ba1bc2ec7f48d137b8190da0582678d7c5c75c8120bf383\Testing\glioma\Te-gl_100.jpg,artifacts\inference\convnext-tiny-production\Te-gl_100__glioma__highlighted.png,convnext_tiny,glioma,0.9999998807907104,ok,
data\raw\974e32f0fa628a307ba1bc2ec7f48d137b8190da0582678d7c5c75c8120bf383\Testing\glioma\Te-gl_101.jpg,artifacts\inference\convnext-tiny-production\Te-gl_101__glioma__highlighted.png,convnext_tiny,glioma,0.9992868304252625,ok,
data\raw\974e32f0fa628a307ba1bc2ec7f48d137b8190da0582678d7c5c75c8120bf383\Testing\glioma\Te-gl_102.jpg,artifacts\inference\convnext-tiny-production\Te-gl_102__glioma__highlighted.png,convnext_tiny,glioma,0.9715973138809204,ok,
data\raw\974e32f0fa628a307ba1bc2ec7f48d137b8190da0582678d7c5c75c8120bf383\Testing\glioma\Te-gl_103.jpg,artifacts\inference\convnext-tiny-production\Te-gl_103__meningioma__highlighted.png,convnext_tiny,meningioma,0.578064501285553,ok,
data\raw\974e32f0fa628a307ba1bc2ec7f48d137b8190da0582678d7c5c75c8120bf383\Testing\glioma\Te-gl_104.jpg,artifacts\inference\convnext-tiny-production\Te-gl_104__glioma__highlighted.png,convnext_tiny,glioma,0.9766801595687866,ok,
data\raw\974e32f0fa628a307ba1bc2ec7f48d137b8190da0582678d7c5c75c8120bf383\Testing\glioma\Te-gl_105.jpg,artifacts\inference\convnext-tiny-production\Te-gl_105__glioma__highlighted.png,convnext_tiny,glioma,0.9999997615814209,ok,
data\raw\974e32f0fa628a307ba1bc2ec7f48d137b8190da0582678d7c5c75c8120bf383\Testing\glioma\Te-gl_106.jpg,artifacts\inference\convnext-tiny-production\Te-gl_106__meningioma__highlighted.png,convnext_tiny,meningioma,0.9977896213531494,ok,
data\raw\974e32f0fa628a307ba1bc2ec7f48d137b8190da0582678d7c5c75c8120bf383\Testing\glioma\Te-gl_107.jpg,artifacts\inference\convnext-tiny-production\Te-gl_107__glioma__highlighted.png,convnext_tiny,glioma,0.9999812841415405,ok,
data\raw\974e32f0fa628a307ba1bc2ec7f48d137b8190da0582678d7c5c75c8120bf383\Testing\glioma\Te-gl_108.jpg,artifacts\inference\convnext-tiny-production\Te-gl_108__glioma__highlighted.png,convnext_tiny,glioma,0.9959251880645752,ok,
data\raw\974e32f0fa628a307ba1bc2ec7f48d137b8190da0582678d7c5c75c8120bf383\Testing\glioma\Te-gl_109.jpg,artifacts\inference\convnext-tiny-production\Te-gl_109__meningioma__highlighted.png,convnext_tiny,meningioma,0.9934117197990417,ok,
data\raw\974e32f0fa628a307ba1bc2ec7f48d137b8190da0582678d7c5c75c8120bf383\Testing\glioma\Te-gl_11.jpg,artifacts\inference\convnext-tiny-production\Te-gl_11__glioma__highlighted.png,convnext_tiny,glioma,0.9999998807907104,ok,
data\raw\974e32f0fa628a307ba1bc2ec7f48d137b8190da0582678d7c5c75c8120bf383\Testing\glioma\Te-gl_110.jpg,artifacts\inference\convnext-tiny-production\Te-gl_110__glioma__highlighted.png,convnext_tiny,glioma,0.9664655923843384,ok,
data\raw\974e32f0fa628a307ba1bc2ec7f48d137b8190da0582678d7c5c75c8120bf383\Testing\glioma\Te-gl_111.jpg,artifacts\inference\convnext-tiny-production\Te-gl_111__glioma__highlighted.png,convnext_tiny,glioma,1.0,ok,
data\raw\974e32f0fa628a307ba1bc2ec7f48d137b8190da0582678d7c5c75c8120bf383\Testing\glioma\Te-gl_112.jpg,artifacts\inference\convnext-tiny-production\Te-gl_112__glioma__highlighted.png,convnext_tiny,glioma,0.9999992847442627,ok,
data\raw\974e32f0fa628a307ba1bc2ec7f48d137b8190da0582678d7c5c75c8120bf383\Testing\glioma\Te-gl_113.jpg,artifacts\inference\convnext-tiny-production\Te-gl_113__glioma__highlighted.png,convnext_tiny,glioma,0.9999998807907104,ok,
data\raw\974e32f0fa628a307ba1bc2ec7f48d137b8190da0582678d7c5c75c8120bf383\Testing\glioma\Te-gl_114.jpg,artifacts\inference\convnext-tiny-production\Te-gl_114__glioma__highlighted.png,convnext_tiny,glioma,0.999963641166687,ok,
data\raw\974e32f0fa628a307ba1bc2ec7f48d137b8190da0582678d7c5c75c8120bf383\Testing\glioma\Te-gl_115.jpg,artifacts\inference\convnext-tiny-production\Te-gl_115__notumor__highlighted.png,convnext_tiny,notumor,0.44824546575546265,ok,
data\raw\974e32f0fa628a307ba1bc2ec7f48d137b8190da0582678d7c5c75c8120bf383\Testing\glioma\Te-gl_116.jpg,artifacts\inference\convnext-tiny-production\Te-gl_116__glioma__highlighted.png,convnext_tiny,glioma,0.9999570846557617,ok,
data\raw\974e32f0fa628a307ba1bc2ec7f48d137b8190da0582678d7c5c75c8120bf383\Testing\glioma\Te-gl_117.jpg,artifacts\inference\convnext-tiny-production\Te-gl_117__glioma__highlighted.png,convnext_tiny,glioma,1.0,ok,
data\raw\974e32f0fa628a307ba1bc2ec7f48d137b8190da0582678d7c5c75c8120bf383\Testing\glioma\Te-gl_118.jpg,artifacts\inference\convnext-tiny-production\Te-gl_118__glioma__highlighted.png,convnext_tiny,glioma,0.9981269240379333,ok,
data\raw\974e32f0fa628a307ba1bc2ec7f48d137b8190da0582678d7c5c75c8120bf383\Testing\glioma\Te-gl_119.jpg,artifacts\inference\convnext-tiny-production\Te-gl_119__glioma__highlighted.png,convnext_tiny,glioma,0.9996459484100342,ok,
data\raw\974e32f0fa628a307ba1bc2ec7f48d137b8190da0582678d7c5c75c8120bf383\Testing\glioma\Te-gl_12.jpg,artifacts\inference\convnext-tiny-production\Te-gl_12__glioma__highlighted.png,convnext_tiny,glioma,0.9999727010726929,ok,
data\raw\974e32f0fa628a307ba1bc2ec7f48d137b8190da0582678d7c5c75c8120bf383\Testing\glioma\Te-gl_120.jpg,artifacts\inference\convnext-tiny-production\Te-gl_120__glioma__highlighted.png,convnext_tiny,glioma,0.9999997615814209,ok,
data\raw\974e32f0fa628a307ba1bc2ec7f48d137b8190da0582678d7c5c75c8120bf383\Testing\glioma\Te-gl_121.jpg,artifacts\inference\convnext-tiny-production\Te-gl_121__glioma__highlighted.png,convnext_tiny,glioma,0.9984059929847717,ok,
data\raw\974e32f0fa628a307ba1bc2ec7f48d137b8190da0582678d7c5c75c8120bf383\Testing\glioma\Te-gl_122.jpg,artifacts\inference\convnext-tiny-production\Te-gl_122__glioma__highlighted.png,convnext_tiny,glioma,0.9999978542327881,ok,
data\raw\974e32f0fa628a307ba1bc2ec7f48d137b8190da0582678d7c5c75c8120bf383\Testing\glioma\Te-gl_123.jpg,artifacts\inference\convnext-tiny-production\Te-gl_123__glioma__highlighted.png,convnext_tiny,glioma,0.9993688464164734,ok,
data\raw\974e32f0fa628a307ba1bc2ec7f48d137b8190da0582678d7c5c75c8120bf383\Testing\glioma\Te-gl_124.jpg,artifacts\inference\convnext-tiny-production\Te-gl_124__glioma__highlighted.png,convnext_tiny,glioma,0.999998927116394,ok,
data\raw\974e32f0fa628a307ba1bc2ec7f48d137b8190da0582678d7c5c75c8120bf383\Testing\glioma\Te-gl_125.jpg,artifacts\inference\convnext-tiny-production\Te-gl_125__glioma__highlighted.png,convnext_tiny,glioma,0.9998656511306763,ok,
data\raw\974e32f0fa628a307ba1bc2ec7f48d137b8190da0582678d7c5c75c8120bf383\Testing\glioma\Te-gl_126.jpg,artifacts\inference\convnext-tiny-production\Te-gl_126__meningioma__highlighted.png,convnext_tiny,meningioma,0.9988705515861511,ok,
data\raw\974e32f0fa628a307ba1bc2ec7f48d137b8190da0582678d7c5c75c8120bf383\Testing\glioma\Te-gl_127.jpg,artifacts\inference\convnext-tiny-production\Te-gl_127__glioma__highlighted.png,convnext_tiny,glioma,1.0,ok,
data\raw\974e32f0fa628a307ba1bc2ec7f48d137b8190da0582678d7c5c75c8120bf383\Testing\glioma\Te-gl_128.jpg,artifacts\inference\convnext-tiny-production\Te-gl_128__glioma__highlighted.png,convnext_tiny,glioma,0.9999957084655762,ok,
data\raw\974e32f0fa628a307ba1bc2ec7f48d137b8190da0582678d7c5c75c8120bf383\Testing\glioma\Te-gl_129.jpg,artifacts\inference\convnext-tiny-production\Te-gl_129__meningioma__highlighted.png,convnext_tiny,meningioma,0.7958270907402039,ok,
data\raw\974e32f0fa628a307ba1bc2ec7f48d137b8190da0582678d7c5c75c8120bf383\Testing\glioma\Te-gl_13.jpg,artifacts\inference\convnext-tiny-production\Te-gl_13__glioma__highlighted.png,convnext_tiny,glioma,0.9999998807907104,ok,
data\raw\974e32f0fa628a307ba1bc2ec7f48d137b8190da0582678d7c5c75c8120bf383\Testing\glioma\Te-gl_130.jpg,artifacts\inference\convnext-tiny-production\Te-gl_130__glioma__highlighted.png,convnext_tiny,glioma,0.9997928738594055,ok,
data\raw\974e32f0fa628a307ba1bc2ec7f48d137b8190da0582678d7c5c75c8120bf383\Testing\glioma\Te-gl_131.jpg,artifacts\inference\convnext-tiny-production\Te-gl_131__glioma__highlighted.png,convnext_tiny,glioma,0.9999772310256958,ok,
data\raw\974e32f0fa628a307ba1bc2ec7f48d137b8190da0582678d7c5c75c8120bf383\Testing\glioma\Te-gl_132.jpg,artifacts\inference\convnext-tiny-production\Te-gl_132__glioma__highlighted.png,convnext_tiny,glioma,0.9999971389770508,ok,
data\raw\974e32f0fa628a307ba1bc2ec7f48d137b8190da0582678d7c5c75c8120bf383\Testing\glioma\Te-gl_133.jpg,artifacts\inference\convnext-tiny-production\Te-gl_133__notumor__highlighted.png,convnext_tiny,notumor,0.8845569491386414,ok,
data\raw\974e32f0fa628a307ba1bc2ec7f48d137b8190da0582678d7c5c75c8120bf383\Testing\glioma\Te-gl_134.jpg,artifacts\inference\convnext-tiny-production\Te-gl_134__glioma__highlighted.png,convnext_tiny,glioma,0.9999964237213135,ok,
data\raw\974e32f0fa628a307ba1bc2ec7f48d137b8190da0582678d7c5c75c8120bf383\Testing\glioma\Te-gl_135.jpg,artifacts\inference\convnext-tiny-production\Te-gl_135__glioma__highlighted.png,convnext_tiny,glioma,0.9998106360435486,ok,
data\raw\974e32f0fa628a307ba1bc2ec7f48d137b8190da0582678d7c5c75c8120bf383\Testing\glioma\Te-gl_136.jpg,artifacts\inference\convnext-tiny-production\Te-gl_136__glioma__highlighted.png,convnext_tiny,glioma,0.9999998807907104,ok,
data\raw\974e32f0fa628a307ba1bc2ec7f48d137b8190da0582678d7c5c75c8120bf383\Testing\glioma\Te-gl_137.jpg,artifacts\inference\convnext-tiny-production\Te-gl_137__glioma__highlighted.png,convnext_tiny,glioma,0.9999842643737793,ok,
data\raw\974e32f0fa628a307ba1bc2ec7f48d137b8190da0582678d7c5c75c8120bf383\Testing\glioma\Te-gl_138.jpg,artifacts\inference\convnext-tiny-production\Te-gl_138__glioma__highlighted.png,convnext_tiny,glioma,0.9996065497398376,ok,
data\raw\974e32f0fa628a307ba1bc2ec7f48d137b8190da0582678d7c5c75c8120bf383\Testing\glioma\Te-gl_139.jpg,artifacts\inference\convnext-tiny-production\Te-gl_139__glioma__highlighted.png,convnext_tiny,glioma,0.9999998807907104,ok,
data\raw\974e32f0fa628a307ba1bc2ec7f48d137b8190da0582678d7c5c75c8120bf383\Testing\glioma\Te-gl_14.jpg,artifacts\inference\convnext-tiny-production\Te-gl_14__glioma__highlighted.png,convnext_tiny,glioma,0.5225446820259094,ok,
data\raw\974e32f0fa628a307ba1bc2ec7f48d137b8190da0582678d7c5c75c8120bf383\Testing\glioma\Te-gl_140.jpg,artifacts\inference\convnext-tiny-production\Te-gl_140__glioma__highlighted.png,convnext_tiny,glioma,0.5752090811729431,ok,
data\raw\974e32f0fa628a307ba1bc2ec7f48d137b8190da0582678d7c5c75c8120bf383\Testing\glioma\Te-gl_141.jpg,artifacts\inference\convnext-tiny-production\Te-gl_141__glioma__highlighted.png,convnext_tiny,glioma,1.0,ok,
data\raw\974e32f0fa628a307ba1bc2ec7f48d137b8190da0582678d7c5c75c8120bf383\Testing\glioma\Te-gl_142.jpg,artifacts\inference\convnext-tiny-production\Te-gl_142__glioma__highlighted.png,convnext_tiny,glioma,0.9999078512191772,ok,
data\raw\974e32f0fa628a307ba1bc2ec7f48d137b8190da0582678d7c5c75c8120bf383\Testing\glioma\Te-gl_143.jpg,artifacts\inference\convnext-tiny-production\Te-gl_143__notumor__highlighted.png,convnext_tiny,notumor,0.998881995677948,ok,
data\raw\974e32f0fa628a307ba1bc2ec7f48d137b8190da0582678d7c5c75c8120bf383\Testing\glioma\Te-gl_144.jpg,artifacts\inference\convnext-tiny-production\Te-gl_144__glioma__highlighted.png,convnext_tiny,glioma,0.8963137269020081,ok,
data\raw\974e32f0fa628a307ba1bc2ec7f48d137b8190da0582678d7c5c75c8120bf383\Testing\glioma\Te-gl_145.jpg,artifacts\inference\convnext-tiny-production\Te-gl_145__glioma__highlighted.png,convnext_tiny,glioma,0.9999983310699463,ok,
data\raw\974e32f0fa628a307ba1bc2ec7f48d137b8190da0582678d7c5c75c8120bf383\Testing\glioma\Te-gl_146.jpg,artifacts\inference\convnext-tiny-production\Te-gl_146__glioma__highlighted.png,convnext_tiny,glioma,0.9999737739562988,ok,
data\raw\974e32f0fa628a307ba1bc2ec7f48d137b8190da0582678d7c5c75c8120bf383\Testing\glioma\Te-gl_147.jpg,artifacts\inference\convnext-tiny-production\Te-gl_147__glioma__highlighted.png,convnext_tiny,glioma,0.9999873638153076,ok,
data\raw\974e32f0fa628a307ba1bc2ec7f48d137b8190da0582678d7c5c75c8120bf383\Testing\glioma\Te-gl_148.jpg,artifacts\inference\convnext-tiny-production\Te-gl_148__glioma__highlighted.png,convnext_tiny,glioma,0.9999884366989136,ok,
data\raw\974e32f0fa628a307ba1bc2ec7f48d137b8190da0582678d7c5c75c8120bf383\Testing\glioma\Te-gl_149.jpg,artifacts\inference\convnext-tiny-production\Te-gl_149__glioma__highlighted.png,convnext_tiny,glioma,0.9989031553268433,ok,
data\raw\974e32f0fa628a307ba1bc2ec7f48d137b8190da0582678d7c5c75c8120bf383\Testing\glioma\Te-gl_15.jpg,artifacts\inference\convnext-tiny-production\Te-gl_15__meningioma__highlighted.png,convnext_tiny,meningioma,0.9999496936798096,ok,
data\raw\974e32f0fa628a307ba1bc2ec7f48d137b8190da0582678d7c5c75c8120bf383\Testing\glioma\Te-gl_150.jpg,artifacts\inference\convnext-tiny-production\Te-gl_150__glioma__highlighted.png,convnext_tiny,glioma,0.9996114373207092,ok,
data\raw\974e32f0fa628a307ba1bc2ec7f48d137b8190da0582678d7c5c75c8120bf383\Testing\glioma\Te-gl_151.jpg,artifacts\inference\convnext-tiny-production\Te-gl_151__meningioma__highlighted.png,convnext_tiny,meningioma,0.5515680313110352,ok,
data\raw\974e32f0fa628a307ba1bc2ec7f48d137b8190da0582678d7c5c75c8120bf383\Testing\glioma\Te-gl_152.jpg,artifacts\inference\convnext-tiny-production\Te-gl_152__glioma__highlighted.png,convnext_tiny,glioma,0.9999997615814209,ok,
data\raw\974e32f0fa628a307ba1bc2ec7f48d137b8190da0582678d7c5c75c8120bf383\Testing\glioma\Te-gl_153.jpg,artifacts\inference\convnext-tiny-production\Te-gl_153__glioma__highlighted.png,convnext_tiny,glioma,0.9994755387306213,ok,
data\raw\974e32f0fa628a307ba1bc2ec7f48d137b8190da0582678d7c5c75c8120bf383\Testing\glioma\Te-gl_154.jpg,artifacts\inference\convnext-tiny-production\Te-gl_154__glioma__highlighted.png,convnext_tiny,glioma,0.9999954700469971,ok,
data\raw\974e32f0fa628a307ba1bc2ec7f48d137b8190da0582678d7c5c75c8120bf383\Testing\glioma\Te-gl_155.jpg,artifacts\inference\convnext-tiny-production\Te-gl_155__glioma__highlighted.png,convnext_tiny,glioma,1.0,ok,
data\raw\974e32f0fa628a307ba1bc2ec7f48d137b8190da0582678d7c5c75c8120bf383\Testing\glioma\Te-gl_156.jpg,artifacts\inference\convnext-tiny-production\Te-gl_156__glioma__highlighted.png,convnext_tiny,glioma,0.9999983310699463,ok,
data\raw\974e32f0fa628a307ba1bc2ec7f48d137b8190da0582678d7c5c75c8120bf383\Testing\glioma\Te-gl_157.jpg,artifacts\inference\convnext-tiny-production\Te-gl_157__glioma__highlighted.png,convnext_tiny,glioma,0.5051308274269104,ok,
data\raw\974e32f0fa628a307ba1bc2ec7f48d137b8190da0582678d7c5c75c8120bf383\Testing\glioma\Te-gl_158.jpg,artifacts\inference\convnext-tiny-production\Te-gl_158__glioma__highlighted.png,convnext_tiny,glioma,0.9497089385986328,ok,
data\raw\974e32f0fa628a307ba1bc2ec7f48d137b8190da0582678d7c5c75c8120bf383\Testing\glioma\Te-gl_159.jpg,artifacts\inference\convnext-tiny-production\Te-gl_159__notumor__highlighted.png,convnext_tiny,notumor,0.9996001124382019,ok,
data\raw\974e32f0fa628a307ba1bc2ec7f48d137b8190da0582678d7c5c75c8120bf383\Testing\glioma\Te-gl_16.jpg,artifacts\inference\convnext-tiny-production\Te-gl_16__glioma__highlighted.png,convnext_tiny,glioma,0.9998618364334106,ok,
data\raw\974e32f0fa628a307ba1bc2ec7f48d137b8190da0582678d7c5c75c8120bf383\Testing\glioma\Te-gl_160.jpg,artifacts\inference\convnext-tiny-production\Te-gl_160__meningioma__highlighted.png,convnext_tiny,meningioma,0.9958136677742004,ok,
data\raw\974e32f0fa628a307ba1bc2ec7f48d137b8190da0582678d7c5c75c8120bf383\Testing\glioma\Te-gl_161.jpg,artifacts\inference\convnext-tiny-production\Te-gl_161__glioma__highlighted.png,convnext_tiny,glioma,0.9754523038864136,ok,
data\raw\974e32f0fa628a307ba1bc2ec7f48d137b8190da0582678d7c5c75c8120bf383\Testing\glioma\Te-gl_162.jpg,artifacts\inference\convnext-tiny-production\Te-gl_162__glioma__highlighted.png,convnext_tiny,glioma,0.99998939037323,ok,
data\raw\974e32f0fa628a307ba1bc2ec7f48d137b8190da0582678d7c5c75c8120bf383\Testing\glioma\Te-gl_163.jpg,artifacts\inference\convnext-tiny-production\Te-gl_163__glioma__highlighted.png,convnext_tiny,glioma,0.9999997615814209,ok,
data\raw\974e32f0fa628a307ba1bc2ec7f48d137b8190da0582678d7c5c75c8120bf383\Testing\glioma\Te-gl_164.jpg,artifacts\inference\convnext-tiny-production\Te-gl_164__glioma__highlighted.png,convnext_tiny,glioma,1.0,ok,
data\raw\974e32f0fa628a307ba1bc2ec7f48d137b8190da0582678d7c5c75c8120bf383\Testing\glioma\Te-gl_165.jpg,artifacts\inference\convnext-tiny-production\Te-gl_165__glioma__highlighted.png,convnext_tiny,glioma,0.9999476671218872,ok,
data\raw\974e32f0fa628a307ba1bc2ec7f48d137b8190da0582678d7c5c75c8120bf383\Testing\glioma\Te-gl_166.jpg,artifacts\inference\convnext-tiny-production\Te-gl_166__notumor__highlighted.png,convnext_tiny,notumor,0.6811463236808777,ok,
data\raw\974e32f0fa628a307ba1bc2ec7f48d137b8190da0582678d7c5c75c8120bf383\Testing\glioma\Te-gl_167.jpg,artifacts\inference\convnext-tiny-production\Te-gl_167__glioma__highlighted.png,convnext_tiny,glioma,0.999438464641571,ok,
data\raw\974e32f0fa628a307ba1bc2ec7f48d137b8190da0582678d7c5c75c8120bf383\Testing\glioma\Te-gl_168.jpg,artifacts\inference\convnext-tiny-production\Te-gl_168__glioma__highlighted.png,convnext_tiny,glioma,1.0,ok,
data\raw\974e32f0fa628a307ba1bc2ec7f48d137b8190da0582678d7c5c75c8120bf383\Testing\glioma\Te-gl_169.jpg,artifacts\inference\convnext-tiny-production\Te-gl_169__glioma__highlighted.png,convnext_tiny,glioma,0.9997184872627258,ok,
data\raw\974e32f0fa628a307ba1bc2ec7f48d137b8190da0582678d7c5c75c8120bf383\Testing\glioma\Te-gl_17.jpg,artifacts\inference\convnext-tiny-production\Te-gl_17__glioma__highlighted.png,convnext_tiny,glioma,1.0,ok,
data\raw\974e32f0fa628a307ba1bc2ec7f48d137b8190da0582678d7c5c75c8120bf383\Testing\glioma\Te-gl_170.jpg,artifacts\inference\convnext-tiny-production\Te-gl_170__glioma__highlighted.png,convnext_tiny,glioma,0.6103405952453613,ok,
data\raw\974e32f0fa628a307ba1bc2ec7f48d137b8190da0582678d7c5c75c8120bf383\Testing\glioma\Te-gl_171.jpg,artifacts\inference\convnext-tiny-production\Te-gl_171__meningioma__highlighted.png,convnext_tiny,meningioma,0.8674631714820862,ok,
data\raw\974e32f0fa628a307ba1bc2ec7f48d137b8190da0582678d7c5c75c8120bf383\Testing\glioma\Te-gl_172.jpg,artifacts\inference\convnext-tiny-production\Te-gl_172__glioma__highlighted.png,convnext_tiny,glioma,0.9998364448547363,ok,
data\raw\974e32f0fa628a307ba1bc2ec7f48d137b8190da0582678d7c5c75c8120bf383\Testing\glioma\Te-gl_173.jpg,artifacts\inference\convnext-tiny-production\Te-gl_173__glioma__highlighted.png,convnext_tiny,glioma,1.0,ok,
data\raw\974e32f0fa628a307ba1bc2ec7f48d137b8190da0582678d7c5c75c8120bf383\Testing\glioma\Te-gl_174.jpg,artifacts\inference\convnext-tiny-production\Te-gl_174__glioma__highlighted.png,convnext_tiny,glioma,0.9975700974464417,ok,
data\raw\974e32f0fa628a307ba1bc2ec7f48d137b8190da0582678d7c5c75c8120bf383\Testing\glioma\Te-gl_175.jpg,artifacts\inference\convnext-tiny-production\Te-gl_175__glioma__highlighted.png,convnext_tiny,glioma,0.9641879796981812,ok,
data\raw\974e32f0fa628a307ba1bc2ec7f48d137b8190da0582678d7c5c75c8120bf383\Testing\glioma\Te-gl_176.jpg,artifacts\inference\convnext-tiny-production\Te-gl_176__glioma__highlighted.png,convnext_tiny,glioma,0.9999120235443115,ok,
data\raw\974e32f0fa628a307ba1bc2ec7f48d137b8190da0582678d7c5c75c8120bf383\Testing\glioma\Te-gl_177.jpg,artifacts\inference\convnext-tiny-production\Te-gl_177__glioma__highlighted.png,convnext_tiny,glioma,0.9995152950286865,ok,
data\raw\974e32f0fa628a307ba1bc2ec7f48d137b8190da0582678d7c5c75c8120bf383\Testing\glioma\Te-gl_178.jpg,artifacts\inference\convnext-tiny-production\Te-gl_178__glioma__highlighted.png,convnext_tiny,glioma,0.6103405952453613,ok,
data\raw\974e32f0fa628a307ba1bc2ec7f48d137b8190da0582678d7c5c75c8120bf383\Testing\glioma\Te-gl_179.jpg,artifacts\inference\convnext-tiny-production\Te-gl_179__glioma__highlighted.png,convnext_tiny,glioma,0.999997615814209,ok,
data\raw\974e32f0fa628a307ba1bc2ec7f48d137b8190da0582678d7c5c75c8120bf383\Testing\glioma\Te-gl_18.jpg,artifacts\inference\convnext-tiny-production\Te-gl_18__glioma__highlighted.png,convnext_tiny,glioma,0.9903562068939209,ok,
data\raw\974e32f0fa628a307ba1bc2ec7f48d137b8190da0582678d7c5c75c8120bf383\Testing\glioma\Te-gl_180.jpg,artifacts\inference\convnext-tiny-production\Te-gl_180__glioma__highlighted.png,convnext_tiny,glioma,0.999988317489624,ok,
data\raw\974e32f0fa628a307ba1bc2ec7f48d137b8190da0582678d7c5c75c8120bf383\Testing\glioma\Te-gl_181.jpg,artifacts\inference\convnext-tiny-production\Te-gl_181__glioma__highlighted.png,convnext_tiny,glioma,0.9967240691184998,ok,
data\raw\974e32f0fa628a307ba1bc2ec7f48d137b8190da0582678d7c5c75c8120bf383\Testing\glioma\Te-gl_182.jpg,artifacts\inference\convnext-tiny-production\Te-gl_182__glioma__highlighted.png,convnext_tiny,glioma,1.0,ok,
data\raw\974e32f0fa628a307ba1bc2ec7f48d137b8190da0582678d7c5c75c8120bf383\Testing\glioma\Te-gl_183.jpg,artifacts\inference\convnext-tiny-production\Te-gl_183__glioma__highlighted.png,convnext_tiny,glioma,0.9999964237213135,ok,
data\raw\974e32f0fa628a307ba1bc2ec7f48d137b8190da0582678d7c5c75c8120bf383\Testing\glioma\Te-gl_184.jpg,artifacts\inference\convnext-tiny-production\Te-gl_184__glioma__highlighted.png,convnext_tiny,glioma,0.9974206686019897,ok,
data\raw\974e32f0fa628a307ba1bc2ec7f48d137b8190da0582678d7c5c75c8120bf383\Testing\glioma\Te-gl_185.jpg,artifacts\inference\convnext-tiny-production\Te-gl_185__glioma__highlighted.png,convnext_tiny,glioma,0.9999997615814209,ok,
data\raw\974e32f0fa628a307ba1bc2ec7f48d137b8190da0582678d7c5c75c8120bf383\Testing\glioma\Te-gl_186.jpg,artifacts\inference\convnext-tiny-production\Te-gl_186__glioma__highlighted.png,convnext_tiny,glioma,1.0,ok,
data\raw\974e32f0fa628a307ba1bc2ec7f48d137b8190da0582678d7c5c75c8120bf383\Testing\glioma\Te-gl_187.jpg,artifacts\inference\convnext-tiny-production\Te-gl_187__notumor__highlighted.png,convnext_tiny,notumor,0.8402703404426575,ok,
data\raw\974e32f0fa628a307ba1bc2ec7f48d137b8190da0582678d7c5c75c8120bf383\Testing\glioma\Te-gl_188.jpg,artifacts\inference\convnext-tiny-production\Te-gl_188__glioma__highlighted.png,convnext_tiny,glioma,0.9999990463256836,ok,
data\raw\974e32f0fa628a307ba1bc2ec7f48d137b8190da0582678d7c5c75c8120bf383\Testing\glioma\Te-gl_189.jpg,artifacts\inference\convnext-tiny-production\Te-gl_189__meningioma__highlighted.png,convnext_tiny,meningioma,0.999832034111023,ok,
data\raw\974e32f0fa628a307ba1bc2ec7f48d137b8190da0582678d7c5c75c8120bf383\Testing\glioma\Te-gl_19.jpg,artifacts\inference\convnext-tiny-production\Te-gl_19__glioma__highlighted.png,convnext_tiny,glioma,0.9998689889907837,ok,
data\raw\974e32f0fa628a307ba1bc2ec7f48d137b8190da0582678d7c5c75c8120bf383\Testing\glioma\Te-gl_190.jpg,artifacts\inference\convnext-tiny-production\Te-gl_190__glioma__highlighted.png,convnext_tiny,glioma,0.9999686479568481,ok,
data\raw\974e32f0fa628a307ba1bc2ec7f48d137b8190da0582678d7c5c75c8120bf383\Testing\glioma\Te-gl_191.jpg,artifacts\inference\convnext-tiny-production\Te-gl_191__glioma__highlighted.png,convnext_tiny,glioma,0.999776303768158,ok,
data\raw\974e32f0fa628a307ba1bc2ec7f48d137b8190da0582678d7c5c75c8120bf383\Testing\glioma\Te-gl_192.jpg,artifacts\inference\convnext-tiny-production\Te-gl_192__glioma__highlighted.png,convnext_tiny,glioma,0.9999969005584717,ok,
data\raw\974e32f0fa628a307ba1bc2ec7f48d137b8190da0582678d7c5c75c8120bf383\Testing\glioma\Te-gl_193.jpg,artifacts\inference\convnext-tiny-production\Te-gl_193__glioma__highlighted.png,convnext_tiny,glioma,0.9999998807907104,ok,
data\raw\974e32f0fa628a307ba1bc2ec7f48d137b8190da0582678d7c5c75c8120bf383\Testing\glioma\Te-gl_194.jpg,artifacts\inference\convnext-tiny-production\Te-gl_194__glioma__highlighted.png,convnext_tiny,glioma,0.9999990463256836,ok,
data\raw\974e32f0fa628a307ba1bc2ec7f48d137b8190da0582678d7c5c75c8120bf383\Testing\glioma\Te-gl_195.jpg,artifacts\inference\convnext-tiny-production\Te-gl_195__glioma__highlighted.png,convnext_tiny,glioma,0.9978007674217224,ok,
data\raw\974e32f0fa628a307ba1bc2ec7f48d137b8190da0582678d7c5c75c8120bf383\Testing\glioma\Te-gl_196.jpg,artifacts\inference\convnext-tiny-production\Te-gl_196__glioma__highlighted.png,convnext_tiny,glioma,0.7029556035995483,ok,
data\raw\974e32f0fa628a307ba1bc2ec7f48d137b8190da0582678d7c5c75c8120bf383\Testing\glioma\Te-gl_197.jpg,artifacts\inference\convnext-tiny-production\Te-gl_197__glioma__highlighted.png,convnext_tiny,glioma,0.9999943971633911,ok,
data\raw\974e32f0fa628a307ba1bc2ec7f48d137b8190da0582678d7c5c75c8120bf383\Testing\glioma\Te-gl_198.jpg,artifacts\inference\convnext-tiny-production\Te-gl_198__glioma__highlighted.png,convnext_tiny,glioma,1.0,ok,
data\raw\974e32f0fa628a307ba1bc2ec7f48d137b8190da0582678d7c5c75c8120bf383\Testing\glioma\Te-gl_199.jpg,artifacts\inference\convnext-tiny-production\Te-gl_199__glioma__highlighted.png,convnext_tiny,glioma,0.9998824596405029,ok,
data\raw\974e32f0fa628a307ba1bc2ec7f48d137b8190da0582678d7c5c75c8120bf383\Testing\glioma\Te-gl_2.jpg,artifacts\inference\convnext-tiny-production\Te-gl_2__glioma__highlighted.png,convnext_tiny,glioma,0.9999788999557495,ok,
data\raw\974e32f0fa628a307ba1bc2ec7f48d137b8190da0582678d7c5c75c8120bf383\Testing\glioma\Te-gl_20.jpg,artifacts\inference\convnext-tiny-production\Te-gl_20__glioma__highlighted.png,convnext_tiny,glioma,0.9999996423721313,ok,
data\raw\974e32f0fa628a307ba1bc2ec7f48d137b8190da0582678d7c5c75c8120bf383\Testing\glioma\Te-gl_200.jpg,artifacts\inference\convnext-tiny-production\Te-gl_200__glioma__highlighted.png,convnext_tiny,glioma,0.9999986886978149,ok,
data\raw\974e32f0fa628a307ba1bc2ec7f48d137b8190da0582678d7c5c75c8120bf383\Testing\glioma\Te-gl_201.jpg,artifacts\inference\convnext-tiny-production\Te-gl_201__glioma__highlighted.png,convnext_tiny,glioma,1.0,ok,
data\raw\974e32f0fa628a307ba1bc2ec7f48d137b8190da0582678d7c5c75c8120bf383\Testing\glioma\Te-gl_202.jpg,artifacts\inference\convnext-tiny-production\Te-gl_202__glioma__highlighted.png,convnext_tiny,glioma,0.998932421207428,ok,
data\raw\974e32f0fa628a307ba1bc2ec7f48d137b8190da0582678d7c5c75c8120bf383\Testing\glioma\Te-gl_203.jpg,artifacts\inference\convnext-tiny-production\Te-gl_203__glioma__highlighted.png,convnext_tiny,glioma,1.0,ok,
data\raw\974e32f0fa628a307ba1bc2ec7f48d137b8190da0582678d7c5c75c8120bf383\Testing\glioma\Te-gl_204.jpg,artifacts\inference\convnext-tiny-production\Te-gl_204__notumor__highlighted.png,convnext_tiny,notumor,0.9963101744651794,ok,
data\raw\974e32f0fa628a307ba1bc2ec7f48d137b8190da0582678d7c5c75c8120bf383\Testing\glioma\Te-gl_205.jpg,artifacts\inference\convnext-tiny-production\Te-gl_205__glioma__highlighted.png,convnext_tiny,glioma,0.9900524020195007,ok,
data\raw\974e32f0fa628a307ba1bc2ec7f48d137b8190da0582678d7c5c75c8120bf383\Testing\glioma\Te-gl_206.jpg,artifacts\inference\convnext-tiny-production\Te-gl_206__glioma__highlighted.png,convnext_tiny,glioma,0.9999309778213501,ok,
data\raw\974e32f0fa628a307ba1bc2ec7f48d137b8190da0582678d7c5c75c8120bf383\Testing\glioma\Te-gl_207.jpg,artifacts\inference\convnext-tiny-production\Te-gl_207__glioma__highlighted.png,convnext_tiny,glioma,0.9999977350234985,ok,
data\raw\974e32f0fa628a307ba1bc2ec7f48d137b8190da0582678d7c5c75c8120bf383\Testing\glioma\Te-gl_208.jpg,artifacts\inference\convnext-tiny-production\Te-gl_208__glioma__highlighted.png,convnext_tiny,glioma,0.9997715353965759,ok,
data\raw\974e32f0fa628a307ba1bc2ec7f48d137b8190da0582678d7c5c75c8120bf383\Testing\glioma\Te-gl_209.jpg,artifacts\inference\convnext-tiny-production\Te-gl_209__glioma__highlighted.png,convnext_tiny,glioma,0.9998262524604797,ok,
data\raw\974e32f0fa628a307ba1bc2ec7f48d137b8190da0582678d7c5c75c8120bf383\Testing\glioma\Te-gl_21.jpg,artifacts\inference\convnext-tiny-production\Te-gl_21__glioma__highlighted.png,convnext_tiny,glioma,1.0,ok,
data\raw\974e32f0fa628a307ba1bc2ec7f48d137b8190da0582678d7c5c75c8120bf383\Testing\glioma\Te-gl_210.jpg,artifacts\inference\convnext-tiny-production\Te-gl_210__glioma__highlighted.png,convnext_tiny,glioma,0.9999716281890869,ok,
data\raw\974e32f0fa628a307ba1bc2ec7f48d137b8190da0582678d7c5c75c8120bf383\Testing\glioma\Te-gl_211.jpg,artifacts\inference\convnext-tiny-production\Te-gl_211__glioma__highlighted.png,convnext_tiny,glioma,0.9826830625534058,ok,
data\raw\974e32f0fa628a307ba1bc2ec7f48d137b8190da0582678d7c5c75c8120bf383\Testing\glioma\Te-gl_212.jpg,artifacts\inference\convnext-tiny-production\Te-gl_212__glioma__highlighted.png,convnext_tiny,glioma,0.856265664100647,ok,
data\raw\974e32f0fa628a307ba1bc2ec7f48d137b8190da0582678d7c5c75c8120bf383\Testing\glioma\Te-gl_213.jpg,artifacts\inference\convnext-tiny-production\Te-gl_213__meningioma__highlighted.png,convnext_tiny,meningioma,0.5010544061660767,ok,
data\raw\974e32f0fa628a307ba1bc2ec7f48d137b8190da0582678d7c5c75c8120bf383\Testing\glioma\Te-gl_214.jpg,artifacts\inference\convnext-tiny-production\Te-gl_214__glioma__highlighted.png,convnext_tiny,glioma,0.9999998807907104,ok,
data\raw\974e32f0fa628a307ba1bc2ec7f48d137b8190da0582678d7c5c75c8120bf383\Testing\glioma\Te-gl_215.jpg,artifacts\inference\convnext-tiny-production\Te-gl_215__glioma__highlighted.png,convnext_tiny,glioma,0.9757508635520935,ok,
data\raw\974e32f0fa628a307ba1bc2ec7f48d137b8190da0582678d7c5c75c8120bf383\Testing\glioma\Te-gl_216.jpg,artifacts\inference\convnext-tiny-production\Te-gl_216__glioma__highlighted.png,convnext_tiny,glioma,0.9999995231628418,ok,
data\raw\974e32f0fa628a307ba1bc2ec7f48d137b8190da0582678d7c5c75c8120bf383\Testing\glioma\Te-gl_217.jpg,artifacts\inference\convnext-tiny-production\Te-gl_217__glioma__highlighted.png,convnext_tiny,glioma,1.0,ok,
data\raw\974e32f0fa628a307ba1bc2ec7f48d137b8190da0582678d7c5c75c8120bf383\Testing\glioma\Te-gl_218.jpg,artifacts\inference\convnext-tiny-production\Te-gl_218__meningioma__highlighted.png,convnext_tiny,meningioma,0.9990479350090027,ok,
data\raw\974e32f0fa628a307ba1bc2ec7f48d137b8190da0582678d7c5c75c8120bf383\Testing\glioma\Te-gl_219.jpg,artifacts\inference\convnext-tiny-production\Te-gl_219__glioma__highlighted.png,convnext_tiny,glioma,0.9999998807907104,ok,
data\raw\974e32f0fa628a307ba1bc2ec7f48d137b8190da0582678d7c5c75c8120bf383\Testing\glioma\Te-gl_22.jpg,artifacts\inference\convnext-tiny-production\Te-gl_22__glioma__highlighted.png,convnext_tiny,glioma,0.9996893405914307,ok,
data\raw\974e32f0fa628a307ba1bc2ec7f48d137b8190da0582678d7c5c75c8120bf383\Testing\glioma\Te-gl_220.jpg,artifacts\inference\convnext-tiny-production\Te-gl_220__glioma__highlighted.png,convnext_tiny,glioma,1.0,ok,
data\raw\974e32f0fa628a307ba1bc2ec7f48d137b8190da0582678d7c5c75c8120bf383\Testing\glioma\Te-gl_221.jpg,artifacts\inference\convnext-tiny-production\Te-gl_221__glioma__highlighted.png,convnext_tiny,glioma,0.9999445676803589,ok,
data\raw\974e32f0fa628a307ba1bc2ec7f48d137b8190da0582678d7c5c75c8120bf383\Testing\glioma\Te-gl_222.jpg,artifacts\inference\convnext-tiny-production\Te-gl_222__glioma__highlighted.png,convnext_tiny,glioma,0.9999995231628418,ok,
data\raw\974e32f0fa628a307ba1bc2ec7f48d137b8190da0582678d7c5c75c8120bf383\Testing\glioma\Te-gl_223.jpg,artifacts\inference\convnext-tiny-production\Te-gl_223__glioma__highlighted.png,convnext_tiny,glioma,1.0,ok,
data\raw\974e32f0fa628a307ba1bc2ec7f48d137b8190da0582678d7c5c75c8120bf383\Testing\glioma\Te-gl_224.jpg,artifacts\inference\convnext-tiny-production\Te-gl_224__glioma__highlighted.png,convnext_tiny,glioma,0.9999849796295166,ok,
data\raw\974e32f0fa628a307ba1bc2ec7f48d137b8190da0582678d7c5c75c8120bf383\Testing\glioma\Te-gl_225.jpg,artifacts\inference\convnext-tiny-production\Te-gl_225__glioma__highlighted.png,convnext_tiny,glioma,0.9999995231628418,ok,
data\raw\974e32f0fa628a307ba1bc2ec7f48d137b8190da0582678d7c5c75c8120bf383\Testing\glioma\Te-gl_226.jpg,artifacts\inference\convnext-tiny-production\Te-gl_226__glioma__highlighted.png,convnext_tiny,glioma,0.9999998807907104,ok,
data\raw\974e32f0fa628a307ba1bc2ec7f48d137b8190da0582678d7c5c75c8120bf383\Testing\glioma\Te-gl_227.jpg,artifacts\inference\convnext-tiny-production\Te-gl_227__glioma__highlighted.png,convnext_tiny,glioma,0.9999998807907104,ok,
data\raw\974e32f0fa628a307ba1bc2ec7f48d137b8190da0582678d7c5c75c8120bf383\Testing\glioma\Te-gl_228.jpg,artifacts\inference\convnext-tiny-production\Te-gl_228__meningioma__highlighted.png,convnext_tiny,meningioma,0.8674631714820862,ok,
data\raw\974e32f0fa628a307ba1bc2ec7f48d137b8190da0582678d7c5c75c8120bf383\Testing\glioma\Te-gl_229.jpg,artifacts\inference\convnext-tiny-production\Te-gl_229__glioma__highlighted.png,convnext_tiny,glioma,0.9992256164550781,ok,
data\raw\974e32f0fa628a307ba1bc2ec7f48d137b8190da0582678d7c5c75c8120bf383\Testing\glioma\Te-gl_23.jpg,artifacts\inference\convnext-tiny-production\Te-gl_23__glioma__highlighted.png,convnext_tiny,glioma,0.9997836947441101,ok,
data\raw\974e32f0fa628a307ba1bc2ec7f48d137b8190da0582678d7c5c75c8120bf383\Testing\glioma\Te-gl_230.jpg,artifacts\inference\convnext-tiny-production\Te-gl_230__glioma__highlighted.png,convnext_tiny,glioma,0.9984182119369507,ok,
data\raw\974e32f0fa628a307ba1bc2ec7f48d137b8190da0582678d7c5c75c8120bf383\Testing\glioma\Te-gl_231.jpg,artifacts\inference\convnext-tiny-production\Te-gl_231__glioma__highlighted.png,convnext_tiny,glioma,0.9999736547470093,ok,
data\raw\974e32f0fa628a307ba1bc2ec7f48d137b8190da0582678d7c5c75c8120bf383\Testing\glioma\Te-gl_232.jpg,artifacts\inference\convnext-tiny-production\Te-gl_232__glioma__highlighted.png,convnext_tiny,glioma,0.9998505115509033,ok,
data\raw\974e32f0fa628a307ba1bc2ec7f48d137b8190da0582678d7c5c75c8120bf383\Testing\glioma\Te-gl_233.jpg,artifacts\inference\convnext-tiny-production\Te-gl_233__glioma__highlighted.png,convnext_tiny,glioma,0.9999998807907104,ok,
data\raw\974e32f0fa628a307ba1bc2ec7f48d137b8190da0582678d7c5c75c8120bf383\Testing\glioma\Te-gl_234.jpg,artifacts\inference\convnext-tiny-production\Te-gl_234__glioma__highlighted.png,convnext_tiny,glioma,0.9999995231628418,ok,
data\raw\974e32f0fa628a307ba1bc2ec7f48d137b8190da0582678d7c5c75c8120bf383\Testing\glioma\Te-gl_235.jpg,artifacts\inference\convnext-tiny-production\Te-gl_235__glioma__highlighted.png,convnext_tiny,glioma,0.9997140765190125,ok,
data\raw\974e32f0fa628a307ba1bc2ec7f48d137b8190da0582678d7c5c75c8120bf383\Testing\glioma\Te-gl_236.jpg,artifacts\inference\convnext-tiny-production\Te-gl_236__glioma__highlighted.png,convnext_tiny,glioma,0.9999929666519165,ok,
data\raw\974e32f0fa628a307ba1bc2ec7f48d137b8190da0582678d7c5c75c8120bf383\Testing\glioma\Te-gl_237.jpg,artifacts\inference\convnext-tiny-production\Te-gl_237__glioma__highlighted.png,convnext_tiny,glioma,0.9999533891677856,ok,
data\raw\974e32f0fa628a307ba1bc2ec7f48d137b8190da0582678d7c5c75c8120bf383\Testing\glioma\Te-gl_238.jpg,artifacts\inference\convnext-tiny-production\Te-gl_238__glioma__highlighted.png,convnext_tiny,glioma,0.5752090811729431,ok,
data\raw\974e32f0fa628a307ba1bc2ec7f48d137b8190da0582678d7c5c75c8120bf383\Testing\glioma\Te-gl_239.jpg,artifacts\inference\convnext-tiny-production\Te-gl_239__glioma__highlighted.png,convnext_tiny,glioma,0.9999657869338989,ok,
data\raw\974e32f0fa628a307ba1bc2ec7f48d137b8190da0582678d7c5c75c8120bf383\Testing\glioma\Te-gl_24.jpg,artifacts\inference\convnext-tiny-production\Te-gl_24__glioma__highlighted.png,convnext_tiny,glioma,1.0,ok,
data\raw\974e32f0fa628a307ba1bc2ec7f48d137b8190da0582678d7c5c75c8120bf383\Testing\glioma\Te-gl_240.jpg,artifacts\inference\convnext-tiny-production\Te-gl_240__glioma__highlighted.png,convnext_tiny,glioma,0.9999995231628418,ok,
data\raw\974e32f0fa628a307ba1bc2ec7f48d137b8190da0582678d7c5c75c8120bf383\Testing\glioma\Te-gl_241.jpg,artifacts\inference\convnext-tiny-production\Te-gl_241__glioma__highlighted.png,convnext_tiny,glioma,0.9999995231628418,ok,
data\raw\974e32f0fa628a307ba1bc2ec7f48d137b8190da0582678d7c5c75c8120bf383\Testing\glioma\Te-gl_242.jpg,artifacts\inference\convnext-tiny-production\Te-gl_242__glioma__highlighted.png,convnext_tiny,glioma,1.0,ok,
data\raw\974e32f0fa628a307ba1bc2ec7f48d137b8190da0582678d7c5c75c8120bf383\Testing\glioma\Te-gl_243.jpg,artifacts\inference\convnext-tiny-production\Te-gl_243__glioma__highlighted.png,convnext_tiny,glioma,0.9999995231628418,ok,
data\raw\974e32f0fa628a307ba1bc2ec7f48d137b8190da0582678d7c5c75c8120bf383\Testing\glioma\Te-gl_244.jpg,artifacts\inference\convnext-tiny-production\Te-gl_244__glioma__highlighted.png,convnext_tiny,glioma,0.998078465461731,ok,
data\raw\974e32f0fa628a307ba1bc2ec7f48d137b8190da0582678d7c5c75c8120bf383\Testing\glioma\Te-gl_245.jpg,artifacts\inference\convnext-tiny-production\Te-gl_245__glioma__highlighted.png,convnext_tiny,glioma,0.9999808073043823,ok,
data\raw\974e32f0fa628a307ba1bc2ec7f48d137b8190da0582678d7c5c75c8120bf383\Testing\glioma\Te-gl_246.jpg,artifacts\inference\convnext-tiny-production\Te-gl_246__glioma__highlighted.png,convnext_tiny,glioma,0.9999772310256958,ok,
data\raw\974e32f0fa628a307ba1bc2ec7f48d137b8190da0582678d7c5c75c8120bf383\Testing\glioma\Te-gl_247.jpg,artifacts\inference\convnext-tiny-production\Te-gl_247__glioma__highlighted.png,convnext_tiny,glioma,0.9791805148124695,ok,
data\raw\974e32f0fa628a307ba1bc2ec7f48d137b8190da0582678d7c5c75c8120bf383\Testing\glioma\Te-gl_248.jpg,artifacts\inference\convnext-tiny-production\Te-gl_248__glioma__highlighted.png,convnext_tiny,glioma,0.9999995231628418,ok,
data\raw\974e32f0fa628a307ba1bc2ec7f48d137b8190da0582678d7c5c75c8120bf383\Testing\glioma\Te-gl_249.jpg,artifacts\inference\convnext-tiny-production\Te-gl_249__glioma__highlighted.png,convnext_tiny,glioma,0.9999995231628418,ok,
data\raw\974e32f0fa628a307ba1bc2ec7f48d137b8190da0582678d7c5c75c8120bf383\Testing\glioma\Te-gl_25.jpg,artifacts\inference\convnext-tiny-production\Te-gl_25__glioma__highlighted.png,convnext_tiny,glioma,0.9998235106468201,ok,
data\raw\974e32f0fa628a307ba1bc2ec7f48d137b8190da0582678d7c5c75c8120bf383\Testing\glioma\Te-gl_250.jpg,artifacts\inference\convnext-tiny-production\Te-gl_250__glioma__highlighted.png,convnext_tiny,glioma,0.9999752044677734,ok,
data\raw\974e32f0fa628a307ba1bc2ec7f48d137b8190da0582678d7c5c75c8120bf383\Testing\glioma\Te-gl_251.jpg,artifacts\inference\convnext-tiny-production\Te-gl_251__glioma__highlighted.png,convnext_tiny,glioma,0.9954580068588257,ok,
data\raw\974e32f0fa628a307ba1bc2ec7f48d137b8190da0582678d7c5c75c8120bf383\Testing\glioma\Te-gl_252.jpg,artifacts\inference\convnext-tiny-production\Te-gl_252__glioma__highlighted.png,convnext_tiny,glioma,0.9998606443405151,ok,
data\raw\974e32f0fa628a307ba1bc2ec7f48d137b8190da0582678d7c5c75c8120bf383\Testing\glioma\Te-gl_253.jpg,artifacts\inference\convnext-tiny-production\Te-gl_253__glioma__highlighted.png,convnext_tiny,glioma,1.0,ok,
data\raw\974e32f0fa628a307ba1bc2ec7f48d137b8190da0582678d7c5c75c8120bf383\Testing\glioma\Te-gl_254.jpg,artifacts\inference\convnext-tiny-production\Te-gl_254__glioma__highlighted.png,convnext_tiny,glioma,0.9999991655349731,ok,
data\raw\974e32f0fa628a307ba1bc2ec7f48d137b8190da0582678d7c5c75c8120bf383\Testing\glioma\Te-gl_255.jpg,artifacts\inference\convnext-tiny-production\Te-gl_255__glioma__highlighted.png,convnext_tiny,glioma,0.9999996423721313,ok,
data\raw\974e32f0fa628a307ba1bc2ec7f48d137b8190da0582678d7c5c75c8120bf383\Testing\glioma\Te-gl_256.jpg,artifacts\inference\convnext-tiny-production\Te-gl_256__glioma__highlighted.png,convnext_tiny,glioma,0.9997319579124451,ok,
data\raw\974e32f0fa628a307ba1bc2ec7f48d137b8190da0582678d7c5c75c8120bf383\Testing\glioma\Te-gl_257.jpg,artifacts\inference\convnext-tiny-production\Te-gl_257__glioma__highlighted.png,convnext_tiny,glioma,0.9999901056289673,ok,
data\raw\974e32f0fa628a307ba1bc2ec7f48d137b8190da0582678d7c5c75c8120bf383\Testing\glioma\Te-gl_258.jpg,artifacts\inference\convnext-tiny-production\Te-gl_258__glioma__highlighted.png,convnext_tiny,glioma,0.9999997615814209,ok,
data\raw\974e32f0fa628a307ba1bc2ec7f48d137b8190da0582678d7c5c75c8120bf383\Testing\glioma\Te-gl_259.jpg,artifacts\inference\convnext-tiny-production\Te-gl_259__notumor__highlighted.png,convnext_tiny,notumor,0.9963101744651794,ok,
data\raw\974e32f0fa628a307ba1bc2ec7f48d137b8190da0582678d7c5c75c8120bf383\Testing\glioma\Te-gl_26.jpg,artifacts\inference\convnext-tiny-production\Te-gl_26__glioma__highlighted.png,convnext_tiny,glioma,0.9999492168426514,ok,
data\raw\974e32f0fa628a307ba1bc2ec7f48d137b8190da0582678d7c5c75c8120bf383\Testing\glioma\Te-gl_260.jpg,artifacts\inference\convnext-tiny-production\Te-gl_260__glioma__highlighted.png,convnext_tiny,glioma,0.9999998807907104,ok,
data\raw\974e32f0fa628a307ba1bc2ec7f48d137b8190da0582678d7c5c75c8120bf383\Testing\glioma\Te-gl_261.jpg,artifacts\inference\convnext-tiny-production\Te-gl_261__glioma__highlighted.png,convnext_tiny,glioma,0.9999980926513672,ok,
data\raw\974e32f0fa628a307ba1bc2ec7f48d137b8190da0582678d7c5c75c8120bf383\Testing\glioma\Te-gl_262.jpg,artifacts\inference\convnext-tiny-production\Te-gl_262__glioma__highlighted.png,convnext_tiny,glioma,0.9999955892562866,ok,
data\raw\974e32f0fa628a307ba1bc2ec7f48d137b8190da0582678d7c5c75c8120bf383\Testing\glioma\Te-gl_263.jpg,artifacts\inference\convnext-tiny-production\Te-gl_263__glioma__highlighted.png,convnext_tiny,glioma,0.8748979568481445,ok,
data\raw\974e32f0fa628a307ba1bc2ec7f48d137b8190da0582678d7c5c75c8120bf383\Testing\glioma\Te-gl_264.jpg,artifacts\inference\convnext-tiny-production\Te-gl_264__meningioma__highlighted.png,convnext_tiny,meningioma,0.9891601204872131,ok,
data\raw\974e32f0fa628a307ba1bc2ec7f48d137b8190da0582678d7c5c75c8120bf383\Testing\glioma\Te-gl_265.jpg,artifacts\inference\convnext-tiny-production\Te-gl_265__glioma__highlighted.png,convnext_tiny,glioma,1.0,ok,
data\raw\974e32f0fa628a307ba1bc2ec7f48d137b8190da0582678d7c5c75c8120bf383\Testing\glioma\Te-gl_266.jpg,artifacts\inference\convnext-tiny-production\Te-gl_266__glioma__highlighted.png,convnext_tiny,glioma,0.9999954700469971,ok,
data\raw\974e32f0fa628a307ba1bc2ec7f48d137b8190da0582678d7c5c75c8120bf383\Testing\glioma\Te-gl_267.jpg,artifacts\inference\convnext-tiny-production\Te-gl_267__glioma__highlighted.png,convnext_tiny,glioma,1.0,ok,
data\raw\974e32f0fa628a307ba1bc2ec7f48d137b8190da0582678d7c5c75c8120bf383\Testing\glioma\Te-gl_268.jpg,artifacts\inference\convnext-tiny-production\Te-gl_268__glioma__highlighted.png,convnext_tiny,glioma,1.0,ok,
data\raw\974e32f0fa628a307ba1bc2ec7f48d137b8190da0582678d7c5c75c8120bf383\Testing\glioma\Te-gl_269.jpg,artifacts\inference\convnext-tiny-production\Te-gl_269__glioma__highlighted.png,convnext_tiny,glioma,0.9999438524246216,ok,
data\raw\974e32f0fa628a307ba1bc2ec7f48d137b8190da0582678d7c5c75c8120bf383\Testing\glioma\Te-gl_27.jpg,artifacts\inference\convnext-tiny-production\Te-gl_27__meningioma__highlighted.png,convnext_tiny,meningioma,0.9793961048126221,ok,
data\raw\974e32f0fa628a307ba1bc2ec7f48d137b8190da0582678d7c5c75c8120bf383\Testing\glioma\Te-gl_270.jpg,artifacts\inference\convnext-tiny-production\Te-gl_270__glioma__highlighted.png,convnext_tiny,glioma,0.999987006187439,ok,
data\raw\974e32f0fa628a307ba1bc2ec7f48d137b8190da0582678d7c5c75c8120bf383\Testing\glioma\Te-gl_271.jpg,artifacts\inference\convnext-tiny-production\Te-gl_271__glioma__highlighted.png,convnext_tiny,glioma,1.0,ok,
data\raw\974e32f0fa628a307ba1bc2ec7f48d137b8190da0582678d7c5c75c8120bf383\Testing\glioma\Te-gl_272.jpg,artifacts\inference\convnext-tiny-production\Te-gl_272__glioma__highlighted.png,convnext_tiny,glioma,0.856265664100647,ok,
data\raw\974e32f0fa628a307ba1bc2ec7f48d137b8190da0582678d7c5c75c8120bf383\Testing\glioma\Te-gl_273.jpg,artifacts\inference\convnext-tiny-production\Te-gl_273__glioma__highlighted.png,convnext_tiny,glioma,0.9999878406524658,ok,
data\raw\974e32f0fa628a307ba1bc2ec7f48d137b8190da0582678d7c5c75c8120bf383\Testing\glioma\Te-gl_274.jpg,artifacts\inference\convnext-tiny-production\Te-gl_274__glioma__highlighted.png,convnext_tiny,glioma,0.9999992847442627,ok,
data\raw\974e32f0fa628a307ba1bc2ec7f48d137b8190da0582678d7c5c75c8120bf383\Testing\glioma\Te-gl_275.jpg,artifacts\inference\convnext-tiny-production\Te-gl_275__meningioma__highlighted.png,convnext_tiny,meningioma,0.9947380423545837,ok,
data\raw\974e32f0fa628a307ba1bc2ec7f48d137b8190da0582678d7c5c75c8120bf383\Testing\glioma\Te-gl_276.jpg,artifacts\inference\convnext-tiny-production\Te-gl_276__glioma__highlighted.png,convnext_tiny,glioma,0.9999767541885376,ok,
data\raw\974e32f0fa628a307ba1bc2ec7f48d137b8190da0582678d7c5c75c8120bf383\Testing\glioma\Te-gl_277.jpg,artifacts\inference\convnext-tiny-production\Te-gl_277__notumor__highlighted.png,convnext_tiny,notumor,0.9999738931655884,ok,
data\raw\974e32f0fa628a307ba1bc2ec7f48d137b8190da0582678d7c5c75c8120bf383\Testing\glioma\Te-gl_278.jpg,artifacts\inference\convnext-tiny-production\Te-gl_278__notumor__highlighted.png,convnext_tiny,notumor,0.6811463236808777,ok,
data\raw\974e32f0fa628a307ba1bc2ec7f48d137b8190da0582678d7c5c75c8120bf383\Testing\glioma\Te-gl_279.jpg,artifacts\inference\convnext-tiny-production\Te-gl_279__glioma__highlighted.png,convnext_tiny,glioma,0.999690055847168,ok,
data\raw\974e32f0fa628a307ba1bc2ec7f48d137b8190da0582678d7c5c75c8120bf383\Testing\glioma\Te-gl_28.jpg,artifacts\inference\convnext-tiny-production\Te-gl_28__glioma__highlighted.png,convnext_tiny,glioma,0.9999995231628418,ok,
data\raw\974e32f0fa628a307ba1bc2ec7f48d137b8190da0582678d7c5c75c8120bf383\Testing\glioma\Te-gl_280.jpg,artifacts\inference\convnext-tiny-production\Te-gl_280__glioma__highlighted.png,convnext_tiny,glioma,0.9994969367980957,ok,
data\raw\974e32f0fa628a307ba1bc2ec7f48d137b8190da0582678d7c5c75c8120bf383\Testing\glioma\Te-gl_281.jpg,artifacts\inference\convnext-tiny-production\Te-gl_281__glioma__highlighted.png,convnext_tiny,glioma,0.9999958276748657,ok,
data\raw\974e32f0fa628a307ba1bc2ec7f48d137b8190da0582678d7c5c75c8120bf383\Testing\glioma\Te-gl_282.jpg,artifacts\inference\convnext-tiny-production\Te-gl_282__glioma__highlighted.png,convnext_tiny,glioma,0.9999995231628418,ok,
data\raw\974e32f0fa628a307ba1bc2ec7f48d137b8190da0582678d7c5c75c8120bf383\Testing\glioma\Te-gl_283.jpg,artifacts\inference\convnext-tiny-production\Te-gl_283__meningioma__highlighted.png,convnext_tiny,meningioma,0.9563383460044861,ok,
data\raw\974e32f0fa628a307ba1bc2ec7f48d137b8190da0582678d7c5c75c8120bf383\Testing\glioma\Te-gl_284.jpg,artifacts\inference\convnext-tiny-production\Te-gl_284__glioma__highlighted.png,convnext_tiny,glioma,0.9999945163726807,ok,
data\raw\974e32f0fa628a307ba1bc2ec7f48d137b8190da0582678d7c5c75c8120bf383\Testing\glioma\Te-gl_285.jpg,artifacts\inference\convnext-tiny-production\Te-gl_285__glioma__highlighted.png,convnext_tiny,glioma,0.9999806880950928,ok,
data\raw\974e32f0fa628a307ba1bc2ec7f48d137b8190da0582678d7c5c75c8120bf383\Testing\glioma\Te-gl_286.jpg,artifacts\inference\convnext-tiny-production\Te-gl_286__glioma__highlighted.png,convnext_tiny,glioma,0.9999998807907104,ok,
data\raw\974e32f0fa628a307ba1bc2ec7f48d137b8190da0582678d7c5c75c8120bf383\Testing\glioma\Te-gl_287.jpg,artifacts\inference\convnext-tiny-production\Te-gl_287__glioma__highlighted.png,convnext_tiny,glioma,0.9999935626983643,ok,
data\raw\974e32f0fa628a307ba1bc2ec7f48d137b8190da0582678d7c5c75c8120bf383\Testing\glioma\Te-gl_288.jpg,artifacts\inference\convnext-tiny-production\Te-gl_288__glioma__highlighted.png,convnext_tiny,glioma,0.9991241097450256,ok,
data\raw\974e32f0fa628a307ba1bc2ec7f48d137b8190da0582678d7c5c75c8120bf383\Testing\glioma\Te-gl_289.jpg,artifacts\inference\convnext-tiny-production\Te-gl_289__glioma__highlighted.png,convnext_tiny,glioma,0.9999998807907104,ok,
data\raw\974e32f0fa628a307ba1bc2ec7f48d137b8190da0582678d7c5c75c8120bf383\Testing\glioma\Te-gl_29.jpg,artifacts\inference\convnext-tiny-production\Te-gl_29__glioma__highlighted.png,convnext_tiny,glioma,0.999987006187439,ok,
data\raw\974e32f0fa628a307ba1bc2ec7f48d137b8190da0582678d7c5c75c8120bf383\Testing\glioma\Te-gl_290.jpg,artifacts\inference\convnext-tiny-production\Te-gl_290__glioma__highlighted.png,convnext_tiny,glioma,0.9836279153823853,ok,
data\raw\974e32f0fa628a307ba1bc2ec7f48d137b8190da0582678d7c5c75c8120bf383\Testing\glioma\Te-gl_291.jpg,artifacts\inference\convnext-tiny-production\Te-gl_291__glioma__highlighted.png,convnext_tiny,glioma,0.9999990463256836,ok,
data\raw\974e32f0fa628a307ba1bc2ec7f48d137b8190da0582678d7c5c75c8120bf383\Testing\glioma\Te-gl_292.jpg,artifacts\inference\convnext-tiny-production\Te-gl_292__glioma__highlighted.png,convnext_tiny,glioma,1.0,ok,
data\raw\974e32f0fa628a307ba1bc2ec7f48d137b8190da0582678d7c5c75c8120bf383\Testing\glioma\Te-gl_293.jpg,artifacts\inference\convnext-tiny-production\Te-gl_293__glioma__highlighted.png,convnext_tiny,glioma,0.9999610185623169,ok,
data\raw\974e32f0fa628a307ba1bc2ec7f48d137b8190da0582678d7c5c75c8120bf383\Testing\glioma\Te-gl_294.jpg,artifacts\inference\convnext-tiny-production\Te-gl_294__glioma__highlighted.png,convnext_tiny,glioma,0.9999974966049194,ok,
data\raw\974e32f0fa628a307ba1bc2ec7f48d137b8190da0582678d7c5c75c8120bf383\Testing\glioma\Te-gl_295.jpg,artifacts\inference\convnext-tiny-production\Te-gl_295__meningioma__highlighted.png,convnext_tiny,meningioma,0.8998180627822876,ok,
data\raw\974e32f0fa628a307ba1bc2ec7f48d137b8190da0582678d7c5c75c8120bf383\Testing\glioma\Te-gl_296.jpg,artifacts\inference\convnext-tiny-production\Te-gl_296__glioma__highlighted.png,convnext_tiny,glioma,0.9999970197677612,ok,
data\raw\974e32f0fa628a307ba1bc2ec7f48d137b8190da0582678d7c5c75c8120bf383\Testing\glioma\Te-gl_297.jpg,artifacts\inference\convnext-tiny-production\Te-gl_297__glioma__highlighted.png,convnext_tiny,glioma,0.9999891519546509,ok,
data\raw\974e32f0fa628a307ba1bc2ec7f48d137b8190da0582678d7c5c75c8120bf383\Testing\glioma\Te-gl_298.jpg,artifacts\inference\convnext-tiny-production\Te-gl_298__glioma__highlighted.png,convnext_tiny,glioma,0.9995929598808289,ok,
data\raw\974e32f0fa628a307ba1bc2ec7f48d137b8190da0582678d7c5c75c8120bf383\Testing\glioma\Te-gl_299.jpg,artifacts\inference\convnext-tiny-production\Te-gl_299__glioma__highlighted.png,convnext_tiny,glioma,0.9999998807907104,ok,
data\raw\974e32f0fa628a307ba1bc2ec7f48d137b8190da0582678d7c5c75c8120bf383\Testing\glioma\Te-gl_3.jpg,artifacts\inference\convnext-tiny-production\Te-gl_3__glioma__highlighted.png,convnext_tiny,glioma,0.9999992847442627,ok,
data\raw\974e32f0fa628a307ba1bc2ec7f48d137b8190da0582678d7c5c75c8120bf383\Testing\glioma\Te-gl_30.jpg,artifacts\inference\convnext-tiny-production\Te-gl_30__glioma__highlighted.png,convnext_tiny,glioma,0.995641827583313,ok,
data\raw\974e32f0fa628a307ba1bc2ec7f48d137b8190da0582678d7c5c75c8120bf383\Testing\glioma\Te-gl_300.jpg,artifacts\inference\convnext-tiny-production\Te-gl_300__glioma__highlighted.png,convnext_tiny,glioma,0.9999881982803345,ok,
data\raw\974e32f0fa628a307ba1bc2ec7f48d137b8190da0582678d7c5c75c8120bf383\Testing\glioma\Te-gl_301.jpg,artifacts\inference\convnext-tiny-production\Te-gl_301__glioma__highlighted.png,convnext_tiny,glioma,0.9999948740005493,ok,
data\raw\974e32f0fa628a307ba1bc2ec7f48d137b8190da0582678d7c5c75c8120bf383\Testing\glioma\Te-gl_302.jpg,artifacts\inference\convnext-tiny-production\Te-gl_302__glioma__highlighted.png,convnext_tiny,glioma,0.9999986886978149,ok,
data\raw\974e32f0fa628a307ba1bc2ec7f48d137b8190da0582678d7c5c75c8120bf383\Testing\glioma\Te-gl_303.jpg,artifacts\inference\convnext-tiny-production\Te-gl_303__meningioma__highlighted.png,convnext_tiny,meningioma,0.7958270907402039,ok,
data\raw\974e32f0fa628a307ba1bc2ec7f48d137b8190da0582678d7c5c75c8120bf383\Testing\glioma\Te-gl_304.jpg,artifacts\inference\convnext-tiny-production\Te-gl_304__glioma__highlighted.png,convnext_tiny,glioma,0.9974634647369385,ok,
data\raw\974e32f0fa628a307ba1bc2ec7f48d137b8190da0582678d7c5c75c8120bf383\Testing\glioma\Te-gl_305.jpg,artifacts\inference\convnext-tiny-production\Te-gl_305__glioma__highlighted.png,convnext_tiny,glioma,0.9999279975891113,ok,
data\raw\974e32f0fa628a307ba1bc2ec7f48d137b8190da0582678d7c5c75c8120bf383\Testing\glioma\Te-gl_306.jpg,artifacts\inference\convnext-tiny-production\Te-gl_306__glioma__highlighted.png,convnext_tiny,glioma,0.9778416156768799,ok,
data\raw\974e32f0fa628a307ba1bc2ec7f48d137b8190da0582678d7c5c75c8120bf383\Testing\glioma\Te-gl_307.jpg,artifacts\inference\convnext-tiny-production\Te-gl_307__glioma__highlighted.png,convnext_tiny,glioma,0.9999986886978149,ok,
data\raw\974e32f0fa628a307ba1bc2ec7f48d137b8190da0582678d7c5c75c8120bf383\Testing\glioma\Te-gl_308.jpg,artifacts\inference\convnext-tiny-production\Te-gl_308__glioma__highlighted.png,convnext_tiny,glioma,0.9607661962509155,ok,
data\raw\974e32f0fa628a307ba1bc2ec7f48d137b8190da0582678d7c5c75c8120bf383\Testing\glioma\Te-gl_309.jpg,artifacts\inference\convnext-tiny-production\Te-gl_309__glioma__highlighted.png,convnext_tiny,glioma,0.999925971031189,ok,
data\raw\974e32f0fa628a307ba1bc2ec7f48d137b8190da0582678d7c5c75c8120bf383\Testing\glioma\Te-gl_31.jpg,artifacts\inference\convnext-tiny-production\Te-gl_31__glioma__highlighted.png,convnext_tiny,glioma,0.9999459981918335,ok,
data\raw\974e32f0fa628a307ba1bc2ec7f48d137b8190da0582678d7c5c75c8120bf383\Testing\glioma\Te-gl_310.jpg,artifacts\inference\convnext-tiny-production\Te-gl_310__notumor__highlighted.png,convnext_tiny,notumor,0.5233611464500427,ok,
data\raw\974e32f0fa628a307ba1bc2ec7f48d137b8190da0582678d7c5c75c8120bf383\Testing\glioma\Te-gl_311.jpg,artifacts\inference\convnext-tiny-production\Te-gl_311__glioma__highlighted.png,convnext_tiny,glioma,0.9999997615814209,ok,
data\raw\974e32f0fa628a307ba1bc2ec7f48d137b8190da0582678d7c5c75c8120bf383\Testing\glioma\Te-gl_312.jpg,artifacts\inference\convnext-tiny-production\Te-gl_312__glioma__highlighted.png,convnext_tiny,glioma,1.0,ok,
data\raw\974e32f0fa628a307ba1bc2ec7f48d137b8190da0582678d7c5c75c8120bf383\Testing\glioma\Te-gl_313.jpg,artifacts\inference\convnext-tiny-production\Te-gl_313__meningioma__highlighted.png,convnext_tiny,meningioma,0.9271286129951477,ok,
data\raw\974e32f0fa628a307ba1bc2ec7f48d137b8190da0582678d7c5c75c8120bf383\Testing\glioma\Te-gl_314.jpg,artifacts\inference\convnext-tiny-production\Te-gl_314__notumor__highlighted.png,convnext_tiny,notumor,0.7723524570465088,ok,
data\raw\974e32f0fa628a307ba1bc2ec7f48d137b8190da0582678d7c5c75c8120bf383\Testing\glioma\Te-gl_315.jpg,artifacts\inference\convnext-tiny-production\Te-gl_315__glioma__highlighted.png,convnext_tiny,glioma,0.9836575388908386,ok,
data\raw\974e32f0fa628a307ba1bc2ec7f48d137b8190da0582678d7c5c75c8120bf383\Testing\glioma\Te-gl_316.jpg,artifacts\inference\convnext-tiny-production\Te-gl_316__meningioma__highlighted.png,convnext_tiny,meningioma,0.7657591104507446,ok,
data\raw\974e32f0fa628a307ba1bc2ec7f48d137b8190da0582678d7c5c75c8120bf383\Testing\glioma\Te-gl_317.jpg,artifacts\inference\convnext-tiny-production\Te-gl_317__glioma__highlighted.png,convnext_tiny,glioma,0.9999938011169434,ok,
data\raw\974e32f0fa628a307ba1bc2ec7f48d137b8190da0582678d7c5c75c8120bf383\Testing\glioma\Te-gl_318.jpg,artifacts\inference\convnext-tiny-production\Te-gl_318__notumor__highlighted.png,convnext_tiny,notumor,0.9954622387886047,ok,
data\raw\974e32f0fa628a307ba1bc2ec7f48d137b8190da0582678d7c5c75c8120bf383\Testing\glioma\Te-gl_319.jpg,artifacts\inference\convnext-tiny-production\Te-gl_319__glioma__highlighted.png,convnext_tiny,glioma,0.987774670124054,ok,
data\raw\974e32f0fa628a307ba1bc2ec7f48d137b8190da0582678d7c5c75c8120bf383\Testing\glioma\Te-gl_32.jpg,artifacts\inference\convnext-tiny-production\Te-gl_32__meningioma__highlighted.png,convnext_tiny,meningioma,0.8693245649337769,ok,
data\raw\974e32f0fa628a307ba1bc2ec7f48d137b8190da0582678d7c5c75c8120bf383\Testing\glioma\Te-gl_320.jpg,artifacts\inference\convnext-tiny-production\Te-gl_320__glioma__highlighted.png,convnext_tiny,glioma,0.9999920129776001,ok,
data\raw\974e32f0fa628a307ba1bc2ec7f48d137b8190da0582678d7c5c75c8120bf383\Testing\glioma\Te-gl_321.jpg,artifacts\inference\convnext-tiny-production\Te-gl_321__glioma__highlighted.png,convnext_tiny,glioma,0.9991175532341003,ok,
data\raw\974e32f0fa628a307ba1bc2ec7f48d137b8190da0582678d7c5c75c8120bf383\Testing\glioma\Te-gl_322.jpg,artifacts\inference\convnext-tiny-production\Te-gl_322__glioma__highlighted.png,convnext_tiny,glioma,0.9999961853027344,ok,
data\raw\974e32f0fa628a307ba1bc2ec7f48d137b8190da0582678d7c5c75c8120bf383\Testing\glioma\Te-gl_323.jpg,artifacts\inference\convnext-tiny-production\Te-gl_323__glioma__highlighted.png,convnext_tiny,glioma,0.9992409944534302,ok,
data\raw\974e32f0fa628a307ba1bc2ec7f48d137b8190da0582678d7c5c75c8120bf383\Testing\glioma\Te-gl_324.jpg,artifacts\inference\convnext-tiny-production\Te-gl_324__glioma__highlighted.png,convnext_tiny,glioma,0.9999998807907104,ok,
data\raw\974e32f0fa628a307ba1bc2ec7f48d137b8190da0582678d7c5c75c8120bf383\Testing\glioma\Te-gl_325.jpg,artifacts\inference\convnext-tiny-production\Te-gl_325__glioma__highlighted.png,convnext_tiny,glioma,0.9999997615814209,ok,
data\raw\974e32f0fa628a307ba1bc2ec7f48d137b8190da0582678d7c5c75c8120bf383\Testing\glioma\Te-gl_326.jpg,artifacts\inference\convnext-tiny-production\Te-gl_326__glioma__highlighted.png,convnext_tiny,glioma,0.9999998807907104,ok,
data\raw\974e32f0fa628a307ba1bc2ec7f48d137b8190da0582678d7c5c75c8120bf383\Testing\glioma\Te-gl_327.jpg,artifacts\inference\convnext-tiny-production\Te-gl_327__glioma__highlighted.png,convnext_tiny,glioma,0.999543309211731,ok,
data\raw\974e32f0fa628a307ba1bc2ec7f48d137b8190da0582678d7c5c75c8120bf383\Testing\glioma\Te-gl_328.jpg,artifacts\inference\convnext-tiny-production\Te-gl_328__glioma__highlighted.png,convnext_tiny,glioma,0.9999992847442627,ok,
data\raw\974e32f0fa628a307ba1bc2ec7f48d137b8190da0582678d7c5c75c8120bf383\Testing\glioma\Te-gl_329.jpg,artifacts\inference\convnext-tiny-production\Te-gl_329__glioma__highlighted.png,convnext_tiny,glioma,0.9999978542327881,ok,
data\raw\974e32f0fa628a307ba1bc2ec7f48d137b8190da0582678d7c5c75c8120bf383\Testing\glioma\Te-gl_33.jpg,artifacts\inference\convnext-tiny-production\Te-gl_33__glioma__highlighted.png,convnext_tiny,glioma,1.0,ok,
data\raw\974e32f0fa628a307ba1bc2ec7f48d137b8190da0582678d7c5c75c8120bf383\Testing\glioma\Te-gl_330.jpg,artifacts\inference\convnext-tiny-production\Te-gl_330__glioma__highlighted.png,convnext_tiny,glioma,0.5869793891906738,ok,
data\raw\974e32f0fa628a307ba1bc2ec7f48d137b8190da0582678d7c5c75c8120bf383\Testing\glioma\Te-gl_331.jpg,artifacts\inference\convnext-tiny-production\Te-gl_331__glioma__highlighted.png,convnext_tiny,glioma,0.9999756813049316,ok,
data\raw\974e32f0fa628a307ba1bc2ec7f48d137b8190da0582678d7c5c75c8120bf383\Testing\glioma\Te-gl_332.jpg,artifacts\inference\convnext-tiny-production\Te-gl_332__glioma__highlighted.png,convnext_tiny,glioma,1.0,ok,
data\raw\974e32f0fa628a307ba1bc2ec7f48d137b8190da0582678d7c5c75c8120bf383\Testing\glioma\Te-gl_333.jpg,artifacts\inference\convnext-tiny-production\Te-gl_333__glioma__highlighted.png,convnext_tiny,glioma,0.9999988079071045,ok,
data\raw\974e32f0fa628a307ba1bc2ec7f48d137b8190da0582678d7c5c75c8120bf383\Testing\glioma\Te-gl_334.jpg,artifacts\inference\convnext-tiny-production\Te-gl_334__glioma__highlighted.png,convnext_tiny,glioma,0.9999923706054688,ok,
data\raw\974e32f0fa628a307ba1bc2ec7f48d137b8190da0582678d7c5c75c8120bf383\Testing\glioma\Te-gl_335.jpg,artifacts\inference\convnext-tiny-production\Te-gl_335__meningioma__highlighted.png,convnext_tiny,meningioma,0.9163973927497864,ok,
data\raw\974e32f0fa628a307ba1bc2ec7f48d137b8190da0582678d7c5c75c8120bf383\Testing\glioma\Te-gl_336.jpg,artifacts\inference\convnext-tiny-production\Te-gl_336__glioma__highlighted.png,convnext_tiny,glioma,0.932307243347168,ok,
data\raw\974e32f0fa628a307ba1bc2ec7f48d137b8190da0582678d7c5c75c8120bf383\Testing\glioma\Te-gl_337.jpg,artifacts\inference\convnext-tiny-production\Te-gl_337__glioma__highlighted.png,convnext_tiny,glioma,0.9963914752006531,ok,
data\raw\974e32f0fa628a307ba1bc2ec7f48d137b8190da0582678d7c5c75c8120bf383\Testing\glioma\Te-gl_338.jpg,artifacts\inference\convnext-tiny-production\Te-gl_338__glioma__highlighted.png,convnext_tiny,glioma,0.856265664100647,ok,
data\raw\974e32f0fa628a307ba1bc2ec7f48d137b8190da0582678d7c5c75c8120bf383\Testing\glioma\Te-gl_339.jpg,artifacts\inference\convnext-tiny-production\Te-gl_339__glioma__highlighted.png,convnext_tiny,glioma,0.9999994039535522,ok,
data\raw\974e32f0fa628a307ba1bc2ec7f48d137b8190da0582678d7c5c75c8120bf383\Testing\glioma\Te-gl_34.jpg,artifacts\inference\convnext-tiny-production\Te-gl_34__glioma__highlighted.png,convnext_tiny,glioma,0.9999953508377075,ok,
data\raw\974e32f0fa628a307ba1bc2ec7f48d137b8190da0582678d7c5c75c8120bf383\Testing\glioma\Te-gl_340.jpg,artifacts\inference\convnext-tiny-production\Te-gl_340__glioma__highlighted.png,convnext_tiny,glioma,0.999968409538269,ok,
data\raw\974e32f0fa628a307ba1bc2ec7f48d137b8190da0582678d7c5c75c8120bf383\Testing\glioma\Te-gl_341.jpg,artifacts\inference\convnext-tiny-production\Te-gl_341__notumor__highlighted.png,convnext_tiny,notumor,0.9999927282333374,ok,
data\raw\974e32f0fa628a307ba1bc2ec7f48d137b8190da0582678d7c5c75c8120bf383\Testing\glioma\Te-gl_342.jpg,artifacts\inference\convnext-tiny-production\Te-gl_342__glioma__highlighted.png,convnext_tiny,glioma,0.9999978542327881,ok,
data\raw\974e32f0fa628a307ba1bc2ec7f48d137b8190da0582678d7c5c75c8120bf383\Testing\glioma\Te-gl_343.jpg,artifacts\inference\convnext-tiny-production\Te-gl_343__glioma__highlighted.png,convnext_tiny,glioma,0.9999058246612549,ok,
data\raw\974e32f0fa628a307ba1bc2ec7f48d137b8190da0582678d7c5c75c8120bf383\Testing\glioma\Te-gl_344.jpg,artifacts\inference\convnext-tiny-production\Te-gl_344__glioma__highlighted.png,convnext_tiny,glioma,0.9999337196350098,ok,
data\raw\974e32f0fa628a307ba1bc2ec7f48d137b8190da0582678d7c5c75c8120bf383\Testing\glioma\Te-gl_345.jpg,artifacts\inference\convnext-tiny-production\Te-gl_345__glioma__highlighted.png,convnext_tiny,glioma,0.9999942779541016,ok,
data\raw\974e32f0fa628a307ba1bc2ec7f48d137b8190da0582678d7c5c75c8120bf383\Testing\glioma\Te-gl_346.jpg,artifacts\inference\convnext-tiny-production\Te-gl_346__glioma__highlighted.png,convnext_tiny,glioma,0.9996428489685059,ok,
data\raw\974e32f0fa628a307ba1bc2ec7f48d137b8190da0582678d7c5c75c8120bf383\Testing\glioma\Te-gl_347.jpg,artifacts\inference\convnext-tiny-production\Te-gl_347__glioma__highlighted.png,convnext_tiny,glioma,0.9999955892562866,ok,
data\raw\974e32f0fa628a307ba1bc2ec7f48d137b8190da0582678d7c5c75c8120bf383\Testing\glioma\Te-gl_348.jpg,artifacts\inference\convnext-tiny-production\Te-gl_348__glioma__highlighted.png,convnext_tiny,glioma,0.9999996423721313,ok,
data\raw\974e32f0fa628a307ba1bc2ec7f48d137b8190da0582678d7c5c75c8120bf383\Testing\glioma\Te-gl_349.jpg,artifacts\inference\convnext-tiny-production\Te-gl_349__glioma__highlighted.png,convnext_tiny,glioma,0.8885849714279175,ok,
data\raw\974e32f0fa628a307ba1bc2ec7f48d137b8190da0582678d7c5c75c8120bf383\Testing\glioma\Te-gl_35.jpg,artifacts\inference\convnext-tiny-production\Te-gl_35__glioma__highlighted.png,convnext_tiny,glioma,0.9999997615814209,ok,
data\raw\974e32f0fa628a307ba1bc2ec7f48d137b8190da0582678d7c5c75c8120bf383\Testing\glioma\Te-gl_350.jpg,artifacts\inference\convnext-tiny-production\Te-gl_350__notumor__highlighted.png,convnext_tiny,notumor,0.9783875942230225,ok,
data\raw\974e32f0fa628a307ba1bc2ec7f48d137b8190da0582678d7c5c75c8120bf383\Testing\glioma\Te-gl_351.jpg,artifacts\inference\convnext-tiny-production\Te-gl_351__pituitary__highlighted.png,convnext_tiny,pituitary,0.9265388250350952,ok,
data\raw\974e32f0fa628a307ba1bc2ec7f48d137b8190da0582678d7c5c75c8120bf383\Testing\glioma\Te-gl_352.jpg,artifacts\inference\convnext-tiny-production\Te-gl_352__glioma__highlighted.png,convnext_tiny,glioma,1.0,ok,
data\raw\974e32f0fa628a307ba1bc2ec7f48d137b8190da0582678d7c5c75c8120bf383\Testing\glioma\Te-gl_353.jpg,artifacts\inference\convnext-tiny-production\Te-gl_353__glioma__highlighted.png,convnext_tiny,glioma,0.9999666213989258,ok,
data\raw\974e32f0fa628a307ba1bc2ec7f48d137b8190da0582678d7c5c75c8120bf383\Testing\glioma\Te-gl_354.jpg,artifacts\inference\convnext-tiny-production\Te-gl_354__glioma__highlighted.png,convnext_tiny,glioma,1.0,ok,
data\raw\974e32f0fa628a307ba1bc2ec7f48d137b8190da0582678d7c5c75c8120bf383\Testing\glioma\Te-gl_355.jpg,artifacts\inference\convnext-tiny-production\Te-gl_355__glioma__highlighted.png,convnext_tiny,glioma,0.9999655485153198,ok,
data\raw\974e32f0fa628a307ba1bc2ec7f48d137b8190da0582678d7c5c75c8120bf383\Testing\glioma\Te-gl_356.jpg,artifacts\inference\convnext-tiny-production\Te-gl_356__glioma__highlighted.png,convnext_tiny,glioma,0.999607503414154,ok,
data\raw\974e32f0fa628a307ba1bc2ec7f48d137b8190da0582678d7c5c75c8120bf383\Testing\glioma\Te-gl_357.jpg,artifacts\inference\convnext-tiny-production\Te-gl_357__glioma__highlighted.png,convnext_tiny,glioma,0.9999998807907104,ok,
data\raw\974e32f0fa628a307ba1bc2ec7f48d137b8190da0582678d7c5c75c8120bf383\Testing\glioma\Te-gl_358.jpg,artifacts\inference\convnext-tiny-production\Te-gl_358__notumor__highlighted.png,convnext_tiny,notumor,0.8795388340950012,ok,
data\raw\974e32f0fa628a307ba1bc2ec7f48d137b8190da0582678d7c5c75c8120bf383\Testing\glioma\Te-gl_359.jpg,artifacts\inference\convnext-tiny-production\Te-gl_359__glioma__highlighted.png,convnext_tiny,glioma,0.99998939037323,ok,
data\raw\974e32f0fa628a307ba1bc2ec7f48d137b8190da0582678d7c5c75c8120bf383\Testing\glioma\Te-gl_36.jpg,artifacts\inference\convnext-tiny-production\Te-gl_36__glioma__highlighted.png,convnext_tiny,glioma,0.9995152950286865,ok,
data\raw\974e32f0fa628a307ba1bc2ec7f48d137b8190da0582678d7c5c75c8120bf383\Testing\glioma\Te-gl_360.jpg,artifacts\inference\convnext-tiny-production\Te-gl_360__glioma__highlighted.png,convnext_tiny,glioma,0.9999434947967529,ok,
data\raw\974e32f0fa628a307ba1bc2ec7f48d137b8190da0582678d7c5c75c8120bf383\Testing\glioma\Te-gl_361.jpg,artifacts\inference\convnext-tiny-production\Te-gl_361__glioma__highlighted.png,convnext_tiny,glioma,1.0,ok,
data\raw\974e32f0fa628a307ba1bc2ec7f48d137b8190da0582678d7c5c75c8120bf383\Testing\glioma\Te-gl_362.jpg,artifacts\inference\convnext-tiny-production\Te-gl_362__glioma__highlighted.png,convnext_tiny,glioma,1.0,ok,
data\raw\974e32f0fa628a307ba1bc2ec7f48d137b8190da0582678d7c5c75c8120bf383\Testing\glioma\Te-gl_363.jpg,artifacts\inference\convnext-tiny-production\Te-gl_363__glioma__highlighted.png,convnext_tiny,glioma,0.9999841451644897,ok,
data\raw\974e32f0fa628a307ba1bc2ec7f48d137b8190da0582678d7c5c75c8120bf383\Testing\glioma\Te-gl_364.jpg,artifacts\inference\convnext-tiny-production\Te-gl_364__glioma__highlighted.png,convnext_tiny,glioma,0.9999998807907104,ok,
data\raw\974e32f0fa628a307ba1bc2ec7f48d137b8190da0582678d7c5c75c8120bf383\Testing\glioma\Te-gl_365.jpg,artifacts\inference\convnext-tiny-production\Te-gl_365__glioma__highlighted.png,convnext_tiny,glioma,0.9964436888694763,ok,
data\raw\974e32f0fa628a307ba1bc2ec7f48d137b8190da0582678d7c5c75c8120bf383\Testing\glioma\Te-gl_366.jpg,artifacts\inference\convnext-tiny-production\Te-gl_366__glioma__highlighted.png,convnext_tiny,glioma,0.9989752769470215,ok,
data\raw\974e32f0fa628a307ba1bc2ec7f48d137b8190da0582678d7c5c75c8120bf383\Testing\glioma\Te-gl_367.jpg,artifacts\inference\convnext-tiny-production\Te-gl_367__glioma__highlighted.png,convnext_tiny,glioma,0.9999998807907104,ok,
data\raw\974e32f0fa628a307ba1bc2ec7f48d137b8190da0582678d7c5c75c8120bf383\Testing\glioma\Te-gl_368.jpg,artifacts\inference\convnext-tiny-production\Te-gl_368__glioma__highlighted.png,convnext_tiny,glioma,0.9999996423721313,ok,
data\raw\974e32f0fa628a307ba1bc2ec7f48d137b8190da0582678d7c5c75c8120bf383\Testing\glioma\Te-gl_369.jpg,artifacts\inference\convnext-tiny-production\Te-gl_369__glioma__highlighted.png,convnext_tiny,glioma,0.9997779726982117,ok,
data\raw\974e32f0fa628a307ba1bc2ec7f48d137b8190da0582678d7c5c75c8120bf383\Testing\glioma\Te-gl_37.jpg,artifacts\inference\convnext-tiny-production\Te-gl_37__glioma__highlighted.png,convnext_tiny,glioma,0.9999982118606567,ok,
data\raw\974e32f0fa628a307ba1bc2ec7f48d137b8190da0582678d7c5c75c8120bf383\Testing\glioma\Te-gl_370.jpg,artifacts\inference\convnext-tiny-production\Te-gl_370__glioma__highlighted.png,convnext_tiny,glioma,0.9999992847442627,ok,
data\raw\974e32f0fa628a307ba1bc2ec7f48d137b8190da0582678d7c5c75c8120bf383\Testing\glioma\Te-gl_371.jpg,artifacts\inference\convnext-tiny-production\Te-gl_371__glioma__highlighted.png,convnext_tiny,glioma,0.9981291890144348,ok,
data\raw\974e32f0fa628a307ba1bc2ec7f48d137b8190da0582678d7c5c75c8120bf383\Testing\glioma\Te-gl_372.jpg,artifacts\inference\convnext-tiny-production\Te-gl_372__notumor__highlighted.png,convnext_tiny,notumor,0.9995719790458679,ok,
data\raw\974e32f0fa628a307ba1bc2ec7f48d137b8190da0582678d7c5c75c8120bf383\Testing\glioma\Te-gl_373.jpg,artifacts\inference\convnext-tiny-production\Te-gl_373__glioma__highlighted.png,convnext_tiny,glioma,0.9999828338623047,ok,
data\raw\974e32f0fa628a307ba1bc2ec7f48d137b8190da0582678d7c5c75c8120bf383\Testing\glioma\Te-gl_374.jpg,artifacts\inference\convnext-tiny-production\Te-gl_374__glioma__highlighted.png,convnext_tiny,glioma,0.9999994039535522,ok,
data\raw\974e32f0fa628a307ba1bc2ec7f48d137b8190da0582678d7c5c75c8120bf383\Testing\glioma\Te-gl_375.jpg,artifacts\inference\convnext-tiny-production\Te-gl_375__glioma__highlighted.png,convnext_tiny,glioma,0.9999982118606567,ok,
data\raw\974e32f0fa628a307ba1bc2ec7f48d137b8190da0582678d7c5c75c8120bf383\Testing\glioma\Te-gl_376.jpg,artifacts\inference\convnext-tiny-production\Te-gl_376__glioma__highlighted.png,convnext_tiny,glioma,0.9999860525131226,ok,
data\raw\974e32f0fa628a307ba1bc2ec7f48d137b8190da0582678d7c5c75c8120bf383\Testing\glioma\Te-gl_377.jpg,artifacts\inference\convnext-tiny-production\Te-gl_377__glioma__highlighted.png,convnext_tiny,glioma,0.9998227953910828,ok,
data\raw\974e32f0fa628a307ba1bc2ec7f48d137b8190da0582678d7c5c75c8120bf383\Testing\glioma\Te-gl_378.jpg,artifacts\inference\convnext-tiny-production\Te-gl_378__glioma__highlighted.png,convnext_tiny,glioma,0.9999990463256836,ok,
data\raw\974e32f0fa628a307ba1bc2ec7f48d137b8190da0582678d7c5c75c8120bf383\Testing\glioma\Te-gl_379.jpg,artifacts\inference\convnext-tiny-production\Te-gl_379__glioma__highlighted.png,convnext_tiny,glioma,0.9993845224380493,ok,
data\raw\974e32f0fa628a307ba1bc2ec7f48d137b8190da0582678d7c5c75c8120bf383\Testing\glioma\Te-gl_38.jpg,artifacts\inference\convnext-tiny-production\Te-gl_38__glioma__highlighted.png,convnext_tiny,glioma,0.9999998807907104,ok,
data\raw\974e32f0fa628a307ba1bc2ec7f48d137b8190da0582678d7c5c75c8120bf383\Testing\glioma\Te-gl_380.jpg,artifacts\inference\convnext-tiny-production\Te-gl_380__glioma__highlighted.png,convnext_tiny,glioma,0.9998981952667236,ok,
data\raw\974e32f0fa628a307ba1bc2ec7f48d137b8190da0582678d7c5c75c8120bf383\Testing\glioma\Te-gl_381.jpg,artifacts\inference\convnext-tiny-production\Te-gl_381__glioma__highlighted.png,convnext_tiny,glioma,0.9999990463256836,ok,
data\raw\974e32f0fa628a307ba1bc2ec7f48d137b8190da0582678d7c5c75c8120bf383\Testing\glioma\Te-gl_382.jpg,artifacts\inference\convnext-tiny-production\Te-gl_382__glioma__highlighted.png,convnext_tiny,glioma,0.9338605403900146,ok,
data\raw\974e32f0fa628a307ba1bc2ec7f48d137b8190da0582678d7c5c75c8120bf383\Testing\glioma\Te-gl_383.jpg,artifacts\inference\convnext-tiny-production\Te-gl_383__glioma__highlighted.png,convnext_tiny,glioma,0.9999845027923584,ok,
data\raw\974e32f0fa628a307ba1bc2ec7f48d137b8190da0582678d7c5c75c8120bf383\Testing\glioma\Te-gl_384.jpg,artifacts\inference\convnext-tiny-production\Te-gl_384__glioma__highlighted.png,convnext_tiny,glioma,0.9999998807907104,ok,
data\raw\974e32f0fa628a307ba1bc2ec7f48d137b8190da0582678d7c5c75c8120bf383\Testing\glioma\Te-gl_385.jpg,artifacts\inference\convnext-tiny-production\Te-gl_385__glioma__highlighted.png,convnext_tiny,glioma,0.9999933242797852,ok,
data\raw\974e32f0fa628a307ba1bc2ec7f48d137b8190da0582678d7c5c75c8120bf383\Testing\glioma\Te-gl_386.jpg,artifacts\inference\convnext-tiny-production\Te-gl_386__glioma__highlighted.png,convnext_tiny,glioma,0.9999953508377075,ok,
data\raw\974e32f0fa628a307ba1bc2ec7f48d137b8190da0582678d7c5c75c8120bf383\Testing\glioma\Te-gl_387.jpg,artifacts\inference\convnext-tiny-production\Te-gl_387__glioma__highlighted.png,convnext_tiny,glioma,1.0,ok,
data\raw\974e32f0fa628a307ba1bc2ec7f48d137b8190da0582678d7c5c75c8120bf383\Testing\glioma\Te-gl_388.jpg,artifacts\inference\convnext-tiny-production\Te-gl_388__glioma__highlighted.png,convnext_tiny,glioma,0.9999072551727295,ok,
data\raw\974e32f0fa628a307ba1bc2ec7f48d137b8190da0582678d7c5c75c8120bf383\Testing\glioma\Te-gl_389.jpg,artifacts\inference\convnext-tiny-production\Te-gl_389__meningioma__highlighted.png,convnext_tiny,meningioma,0.8693245649337769,ok,
data\raw\974e32f0fa628a307ba1bc2ec7f48d137b8190da0582678d7c5c75c8120bf383\Testing\glioma\Te-gl_39.jpg,artifacts\inference\convnext-tiny-production\Te-gl_39__meningioma__highlighted.png,convnext_tiny,meningioma,0.9929199814796448,ok,
data\raw\974e32f0fa628a307ba1bc2ec7f48d137b8190da0582678d7c5c75c8120bf383\Testing\glioma\Te-gl_390.jpg,artifacts\inference\convnext-tiny-production\Te-gl_390__glioma__highlighted.png,convnext_tiny,glioma,0.9999994039535522,ok,
data\raw\974e32f0fa628a307ba1bc2ec7f48d137b8190da0582678d7c5c75c8120bf383\Testing\glioma\Te-gl_391.jpg,artifacts\inference\convnext-tiny-production\Te-gl_391__meningioma__highlighted.png,convnext_tiny,meningioma,0.7999280095100403,ok,
data\raw\974e32f0fa628a307ba1bc2ec7f48d137b8190da0582678d7c5c75c8120bf383\Testing\glioma\Te-gl_392.jpg,artifacts\inference\convnext-tiny-production\Te-gl_392__glioma__highlighted.png,convnext_tiny,glioma,0.9999997615814209,ok,
data\raw\974e32f0fa628a307ba1bc2ec7f48d137b8190da0582678d7c5c75c8120bf383\Testing\glioma\Te-gl_393.jpg,artifacts\inference\convnext-tiny-production\Te-gl_393__glioma__highlighted.png,convnext_tiny,glioma,0.9997043013572693,ok,
data\raw\974e32f0fa628a307ba1bc2ec7f48d137b8190da0582678d7c5c75c8120bf383\Testing\glioma\Te-gl_394.jpg,artifacts\inference\convnext-tiny-production\Te-gl_394__glioma__highlighted.png,convnext_tiny,glioma,0.9980680346488953,ok,
data\raw\974e32f0fa628a307ba1bc2ec7f48d137b8190da0582678d7c5c75c8120bf383\Testing\glioma\Te-gl_395.jpg,artifacts\inference\convnext-tiny-production\Te-gl_395__glioma__highlighted.png,convnext_tiny,glioma,0.999790608882904,ok,
data\raw\974e32f0fa628a307ba1bc2ec7f48d137b8190da0582678d7c5c75c8120bf383\Testing\glioma\Te-gl_396.jpg,artifacts\inference\convnext-tiny-production\Te-gl_396__glioma__highlighted.png,convnext_tiny,glioma,0.9999992847442627,ok,
data\raw\974e32f0fa628a307ba1bc2ec7f48d137b8190da0582678d7c5c75c8120bf383\Testing\glioma\Te-gl_397.jpg,artifacts\inference\convnext-tiny-production\Te-gl_397__glioma__highlighted.png,convnext_tiny,glioma,0.9999986886978149,ok,
data\raw\974e32f0fa628a307ba1bc2ec7f48d137b8190da0582678d7c5c75c8120bf383\Testing\glioma\Te-gl_398.jpg,artifacts\inference\convnext-tiny-production\Te-gl_398__glioma__highlighted.png,convnext_tiny,glioma,1.0,ok,
data\raw\974e32f0fa628a307ba1bc2ec7f48d137b8190da0582678d7c5c75c8120bf383\Testing\glioma\Te-gl_399.jpg,artifacts\inference\convnext-tiny-production\Te-gl_399__glioma__highlighted.png,convnext_tiny,glioma,0.9984146356582642,ok,
data\raw\974e32f0fa628a307ba1bc2ec7f48d137b8190da0582678d7c5c75c8120bf383\Testing\glioma\Te-gl_4.jpg,artifacts\inference\convnext-tiny-production\Te-gl_4__glioma__highlighted.png,convnext_tiny,glioma,0.9999991655349731,ok,
data\raw\974e32f0fa628a307ba1bc2ec7f48d137b8190da0582678d7c5c75c8120bf383\Testing\glioma\Te-gl_40.jpg,artifacts\inference\convnext-tiny-production\Te-gl_40__glioma__highlighted.png,convnext_tiny,glioma,0.9999998807907104,ok,
data\raw\974e32f0fa628a307ba1bc2ec7f48d137b8190da0582678d7c5c75c8120bf383\Testing\glioma\Te-gl_400.jpg,artifacts\inference\convnext-tiny-production\Te-gl_400__glioma__highlighted.png,convnext_tiny,glioma,0.9997473359107971,ok,
data\raw\974e32f0fa628a307ba1bc2ec7f48d137b8190da0582678d7c5c75c8120bf383\Testing\glioma\Te-gl_41.jpg,artifacts\inference\convnext-tiny-production\Te-gl_41__glioma__highlighted.png,convnext_tiny,glioma,0.9999918937683105,ok,
data\raw\974e32f0fa628a307ba1bc2ec7f48d137b8190da0582678d7c5c75c8120bf383\Testing\glioma\Te-gl_42.jpg,artifacts\inference\convnext-tiny-production\Te-gl_42__glioma__highlighted.png,convnext_tiny,glioma,0.9999983310699463,ok,
data\raw\974e32f0fa628a307ba1bc2ec7f48d137b8190da0582678d7c5c75c8120bf383\Testing\glioma\Te-gl_43.jpg,artifacts\inference\convnext-tiny-production\Te-gl_43__notumor__highlighted.png,convnext_tiny,notumor,0.962341845035553,ok,
data\raw\974e32f0fa628a307ba1bc2ec7f48d137b8190da0582678d7c5c75c8120bf383\Testing\glioma\Te-gl_44.jpg,artifacts\inference\convnext-tiny-production\Te-gl_44__glioma__highlighted.png,convnext_tiny,glioma,0.9999998807907104,ok,
data\raw\974e32f0fa628a307ba1bc2ec7f48d137b8190da0582678d7c5c75c8120bf383\Testing\glioma\Te-gl_45.jpg,artifacts\inference\convnext-tiny-production\Te-gl_45__glioma__highlighted.png,convnext_tiny,glioma,0.9999521970748901,ok,
data\raw\974e32f0fa628a307ba1bc2ec7f48d137b8190da0582678d7c5c75c8120bf383\Testing\glioma\Te-gl_46.jpg,artifacts\inference\convnext-tiny-production\Te-gl_46__glioma__highlighted.png,convnext_tiny,glioma,0.9863978028297424,ok,
data\raw\974e32f0fa628a307ba1bc2ec7f48d137b8190da0582678d7c5c75c8120bf383\Testing\glioma\Te-gl_47.jpg,artifacts\inference\convnext-tiny-production\Te-gl_47__meningioma__highlighted.png,convnext_tiny,meningioma,0.9882900714874268,ok,
data\raw\974e32f0fa628a307ba1bc2ec7f48d137b8190da0582678d7c5c75c8120bf383\Testing\glioma\Te-gl_48.jpg,artifacts\inference\convnext-tiny-production\Te-gl_48__glioma__highlighted.png,convnext_tiny,glioma,0.9999954700469971,ok,
data\raw\974e32f0fa628a307ba1bc2ec7f48d137b8190da0582678d7c5c75c8120bf383\Testing\glioma\Te-gl_49.jpg,artifacts\inference\convnext-tiny-production\Te-gl_49__glioma__highlighted.png,convnext_tiny,glioma,0.9999994039535522,ok,
data\raw\974e32f0fa628a307ba1bc2ec7f48d137b8190da0582678d7c5c75c8120bf383\Testing\glioma\Te-gl_5.jpg,artifacts\inference\convnext-tiny-production\Te-gl_5__glioma__highlighted.png,convnext_tiny,glioma,0.9999998807907104,ok,
data\raw\974e32f0fa628a307ba1bc2ec7f48d137b8190da0582678d7c5c75c8120bf383\Testing\glioma\Te-gl_50.jpg,artifacts\inference\convnext-tiny-production\Te-gl_50__glioma__highlighted.png,convnext_tiny,glioma,0.9999980926513672,ok,
data\raw\974e32f0fa628a307ba1bc2ec7f48d137b8190da0582678d7c5c75c8120bf383\Testing\glioma\Te-gl_51.jpg,artifacts\inference\convnext-tiny-production\Te-gl_51__glioma__highlighted.png,convnext_tiny,glioma,0.999398946762085,ok,
data\raw\974e32f0fa628a307ba1bc2ec7f48d137b8190da0582678d7c5c75c8120bf383\Testing\glioma\Te-gl_52.jpg,artifacts\inference\convnext-tiny-production\Te-gl_52__glioma__highlighted.png,convnext_tiny,glioma,0.9999998807907104,ok,
data\raw\974e32f0fa628a307ba1bc2ec7f48d137b8190da0582678d7c5c75c8120bf383\Testing\glioma\Te-gl_53.jpg,artifacts\inference\convnext-tiny-production\Te-gl_53__meningioma__highlighted.png,convnext_tiny,meningioma,0.8044583797454834,ok,
data\raw\974e32f0fa628a307ba1bc2ec7f48d137b8190da0582678d7c5c75c8120bf383\Testing\glioma\Te-gl_54.jpg,artifacts\inference\convnext-tiny-production\Te-gl_54__glioma__highlighted.png,convnext_tiny,glioma,0.9999996423721313,ok,
data\raw\974e32f0fa628a307ba1bc2ec7f48d137b8190da0582678d7c5c75c8120bf383\Testing\glioma\Te-gl_55.jpg,artifacts\inference\convnext-tiny-production\Te-gl_55__glioma__highlighted.png,convnext_tiny,glioma,0.9999990463256836,ok,
data\raw\974e32f0fa628a307ba1bc2ec7f48d137b8190da0582678d7c5c75c8120bf383\Testing\glioma\Te-gl_56.jpg,artifacts\inference\convnext-tiny-production\Te-gl_56__glioma__highlighted.png,convnext_tiny,glioma,0.9901577830314636,ok,
data\raw\974e32f0fa628a307ba1bc2ec7f48d137b8190da0582678d7c5c75c8120bf383\Testing\glioma\Te-gl_57.jpg,artifacts\inference\convnext-tiny-production\Te-gl_57__glioma__highlighted.png,convnext_tiny,glioma,0.9999980926513672,ok,
data\raw\974e32f0fa628a307ba1bc2ec7f48d137b8190da0582678d7c5c75c8120bf383\Testing\glioma\Te-gl_58.jpg,artifacts\inference\convnext-tiny-production\Te-gl_58__meningioma__highlighted.png,convnext_tiny,meningioma,0.9765140414237976,ok,
data\raw\974e32f0fa628a307ba1bc2ec7f48d137b8190da0582678d7c5c75c8120bf383\Testing\glioma\Te-gl_59.jpg,artifacts\inference\convnext-tiny-production\Te-gl_59__glioma__highlighted.png,convnext_tiny,glioma,0.8963137269020081,ok,
data\raw\974e32f0fa628a307ba1bc2ec7f48d137b8190da0582678d7c5c75c8120bf383\Testing\glioma\Te-gl_6.jpg,artifacts\inference\convnext-tiny-production\Te-gl_6__glioma__highlighted.png,convnext_tiny,glioma,1.0,ok,
data\raw\974e32f0fa628a307ba1bc2ec7f48d137b8190da0582678d7c5c75c8120bf383\Testing\glioma\Te-gl_60.jpg,artifacts\inference\convnext-tiny-production\Te-gl_60__glioma__highlighted.png,convnext_tiny,glioma,1.0,ok,
data\raw\974e32f0fa628a307ba1bc2ec7f48d137b8190da0582678d7c5c75c8120bf383\Testing\glioma\Te-gl_61.jpg,artifacts\inference\convnext-tiny-production\Te-gl_61__glioma__highlighted.png,convnext_tiny,glioma,0.9999995231628418,ok,
data\raw\974e32f0fa628a307ba1bc2ec7f48d137b8190da0582678d7c5c75c8120bf383\Testing\glioma\Te-gl_62.jpg,artifacts\inference\convnext-tiny-production\Te-gl_62__meningioma__highlighted.png,convnext_tiny,meningioma,0.9966331124305725,ok,
data\raw\974e32f0fa628a307ba1bc2ec7f48d137b8190da0582678d7c5c75c8120bf383\Testing\glioma\Te-gl_63.jpg,artifacts\inference\convnext-tiny-production\Te-gl_63__glioma__highlighted.png,convnext_tiny,glioma,0.999998927116394,ok,
data\raw\974e32f0fa628a307ba1bc2ec7f48d137b8190da0582678d7c5c75c8120bf383\Testing\glioma\Te-gl_64.jpg,artifacts\inference\convnext-tiny-production\Te-gl_64__glioma__highlighted.png,convnext_tiny,glioma,0.9999847412109375,ok,
data\raw\974e32f0fa628a307ba1bc2ec7f48d137b8190da0582678d7c5c75c8120bf383\Testing\glioma\Te-gl_65.jpg,artifacts\inference\convnext-tiny-production\Te-gl_65__glioma__highlighted.png,convnext_tiny,glioma,0.9999947547912598,ok,
data\raw\974e32f0fa628a307ba1bc2ec7f48d137b8190da0582678d7c5c75c8120bf383\Testing\glioma\Te-gl_66.jpg,artifacts\inference\convnext-tiny-production\Te-gl_66__meningioma__highlighted.png,convnext_tiny,meningioma,0.9683185815811157,ok,
data\raw\974e32f0fa628a307ba1bc2ec7f48d137b8190da0582678d7c5c75c8120bf383\Testing\glioma\Te-gl_67.jpg,artifacts\inference\convnext-tiny-production\Te-gl_67__glioma__highlighted.png,convnext_tiny,glioma,0.9902603030204773,ok,
data\raw\974e32f0fa628a307ba1bc2ec7f48d137b8190da0582678d7c5c75c8120bf383\Testing\glioma\Te-gl_68.jpg,artifacts\inference\convnext-tiny-production\Te-gl_68__meningioma__highlighted.png,convnext_tiny,meningioma,0.9999992847442627,ok,
data\raw\974e32f0fa628a307ba1bc2ec7f48d137b8190da0582678d7c5c75c8120bf383\Testing\glioma\Te-gl_69.jpg,artifacts\inference\convnext-tiny-production\Te-gl_69__glioma__highlighted.png,convnext_tiny,glioma,0.9999959468841553,ok,
data\raw\974e32f0fa628a307ba1bc2ec7f48d137b8190da0582678d7c5c75c8120bf383\Testing\glioma\Te-gl_7.jpg,artifacts\inference\convnext-tiny-production\Te-gl_7__glioma__highlighted.png,convnext_tiny,glioma,0.9999997615814209,ok,
data\raw\974e32f0fa628a307ba1bc2ec7f48d137b8190da0582678d7c5c75c8120bf383\Testing\glioma\Te-gl_70.jpg,artifacts\inference\convnext-tiny-production\Te-gl_70__glioma__highlighted.png,convnext_tiny,glioma,0.99294114112854,ok,
data\raw\974e32f0fa628a307ba1bc2ec7f48d137b8190da0582678d7c5c75c8120bf383\Testing\glioma\Te-gl_71.jpg,artifacts\inference\convnext-tiny-production\Te-gl_71__glioma__highlighted.png,convnext_tiny,glioma,0.9997610449790955,ok,
data\raw\974e32f0fa628a307ba1bc2ec7f48d137b8190da0582678d7c5c75c8120bf383\Testing\glioma\Te-gl_72.jpg,artifacts\inference\convnext-tiny-production\Te-gl_72__notumor__highlighted.png,convnext_tiny,notumor,0.998881995677948,ok,
data\raw\974e32f0fa628a307ba1bc2ec7f48d137b8190da0582678d7c5c75c8120bf383\Testing\glioma\Te-gl_73.jpg,artifacts\inference\convnext-tiny-production\Te-gl_73__glioma__highlighted.png,convnext_tiny,glioma,0.9999980926513672,ok,
data\raw\974e32f0fa628a307ba1bc2ec7f48d137b8190da0582678d7c5c75c8120bf383\Testing\glioma\Te-gl_74.jpg,artifacts\inference\convnext-tiny-production\Te-gl_74__notumor__highlighted.png,convnext_tiny,notumor,0.9537991285324097,ok,
data\raw\974e32f0fa628a307ba1bc2ec7f48d137b8190da0582678d7c5c75c8120bf383\Testing\glioma\Te-gl_75.jpg,artifacts\inference\convnext-tiny-production\Te-gl_75__glioma__highlighted.png,convnext_tiny,glioma,0.996956467628479,ok,
data\raw\974e32f0fa628a307ba1bc2ec7f48d137b8190da0582678d7c5c75c8120bf383\Testing\glioma\Te-gl_76.jpg,artifacts\inference\convnext-tiny-production\Te-gl_76__glioma__highlighted.png,convnext_tiny,glioma,0.5338975787162781,ok,
data\raw\974e32f0fa628a307ba1bc2ec7f48d137b8190da0582678d7c5c75c8120bf383\Testing\glioma\Te-gl_77.jpg,artifacts\inference\convnext-tiny-production\Te-gl_77__glioma__highlighted.png,convnext_tiny,glioma,0.9999266862869263,ok,
data\raw\974e32f0fa628a307ba1bc2ec7f48d137b8190da0582678d7c5c75c8120bf383\Testing\glioma\Te-gl_78.jpg,artifacts\inference\convnext-tiny-production\Te-gl_78__notumor__highlighted.png,convnext_tiny,notumor,0.9729301929473877,ok,
data\raw\974e32f0fa628a307ba1bc2ec7f48d137b8190da0582678d7c5c75c8120bf383\Testing\glioma\Te-gl_79.jpg,artifacts\inference\convnext-tiny-production\Te-gl_79__glioma__highlighted.png,convnext_tiny,glioma,0.9999955892562866,ok,
data\raw\974e32f0fa628a307ba1bc2ec7f48d137b8190da0582678d7c5c75c8120bf383\Testing\glioma\Te-gl_8.jpg,artifacts\inference\convnext-tiny-production\Te-gl_8__glioma__highlighted.png,convnext_tiny,glioma,0.999998927116394,ok,
data\raw\974e32f0fa628a307ba1bc2ec7f48d137b8190da0582678d7c5c75c8120bf383\Testing\glioma\Te-gl_80.jpg,artifacts\inference\convnext-tiny-production\Te-gl_80__glioma__highlighted.png,convnext_tiny,glioma,1.0,ok,
data\raw\974e32f0fa628a307ba1bc2ec7f48d137b8190da0582678d7c5c75c8120bf383\Testing\glioma\Te-gl_81.jpg,artifacts\inference\convnext-tiny-production\Te-gl_81__glioma__highlighted.png,convnext_tiny,glioma,0.9999951124191284,ok,
data\raw\974e32f0fa628a307ba1bc2ec7f48d137b8190da0582678d7c5c75c8120bf383\Testing\glioma\Te-gl_82.jpg,artifacts\inference\convnext-tiny-production\Te-gl_82__glioma__highlighted.png,convnext_tiny,glioma,0.9990192651748657,ok,
data\raw\974e32f0fa628a307ba1bc2ec7f48d137b8190da0582678d7c5c75c8120bf383\Testing\glioma\Te-gl_83.jpg,artifacts\inference\convnext-tiny-production\Te-gl_83__glioma__highlighted.png,convnext_tiny,glioma,0.9999922513961792,ok,
data\raw\974e32f0fa628a307ba1bc2ec7f48d137b8190da0582678d7c5c75c8120bf383\Testing\glioma\Te-gl_84.jpg,artifacts\inference\convnext-tiny-production\Te-gl_84__glioma__highlighted.png,convnext_tiny,glioma,0.9917932152748108,ok,
data\raw\974e32f0fa628a307ba1bc2ec7f48d137b8190da0582678d7c5c75c8120bf383\Testing\glioma\Te-gl_85.jpg,artifacts\inference\convnext-tiny-production\Te-gl_85__glioma__highlighted.png,convnext_tiny,glioma,1.0,ok,
data\raw\974e32f0fa628a307ba1bc2ec7f48d137b8190da0582678d7c5c75c8120bf383\Testing\glioma\Te-gl_86.jpg,artifacts\inference\convnext-tiny-production\Te-gl_86__meningioma__highlighted.png,convnext_tiny,meningioma,0.848580539226532,ok,
data\raw\974e32f0fa628a307ba1bc2ec7f48d137b8190da0582678d7c5c75c8120bf383\Testing\glioma\Te-gl_87.jpg,artifacts\inference\convnext-tiny-production\Te-gl_87__meningioma__highlighted.png,convnext_tiny,meningioma,0.9997425675392151,ok,
data\raw\974e32f0fa628a307ba1bc2ec7f48d137b8190da0582678d7c5c75c8120bf383\Testing\glioma\Te-gl_88.jpg,artifacts\inference\convnext-tiny-production\Te-gl_88__glioma__highlighted.png,convnext_tiny,glioma,0.9993584752082825,ok,
data\raw\974e32f0fa628a307ba1bc2ec7f48d137b8190da0582678d7c5c75c8120bf383\Testing\glioma\Te-gl_89.jpg,artifacts\inference\convnext-tiny-production\Te-gl_89__glioma__highlighted.png,convnext_tiny,glioma,0.9999730587005615,ok,
data\raw\974e32f0fa628a307ba1bc2ec7f48d137b8190da0582678d7c5c75c8120bf383\Testing\glioma\Te-gl_9.jpg,artifacts\inference\convnext-tiny-production\Te-gl_9__glioma__highlighted.png,convnext_tiny,glioma,0.9999997615814209,ok,
data\raw\974e32f0fa628a307ba1bc2ec7f48d137b8190da0582678d7c5c75c8120bf383\Testing\glioma\Te-gl_90.jpg,artifacts\inference\convnext-tiny-production\Te-gl_90__glioma__highlighted.png,convnext_tiny,glioma,1.0,ok,
data\raw\974e32f0fa628a307ba1bc2ec7f48d137b8190da0582678d7c5c75c8120bf383\Testing\glioma\Te-gl_91.jpg,artifacts\inference\convnext-tiny-production\Te-gl_91__glioma__highlighted.png,convnext_tiny,glioma,0.9996254444122314,ok,
data\raw\974e32f0fa628a307ba1bc2ec7f48d137b8190da0582678d7c5c75c8120bf383\Testing\glioma\Te-gl_92.jpg,artifacts\inference\convnext-tiny-production\Te-gl_92__glioma__highlighted.png,convnext_tiny,glioma,0.9999998807907104,ok,
data\raw\974e32f0fa628a307ba1bc2ec7f48d137b8190da0582678d7c5c75c8120bf383\Testing\glioma\Te-gl_93.jpg,artifacts\inference\convnext-tiny-production\Te-gl_93__glioma__highlighted.png,convnext_tiny,glioma,0.9999812841415405,ok,
data\raw\974e32f0fa628a307ba1bc2ec7f48d137b8190da0582678d7c5c75c8120bf383\Testing\glioma\Te-gl_94.jpg,artifacts\inference\convnext-tiny-production\Te-gl_94__glioma__highlighted.png,convnext_tiny,glioma,0.9883983731269836,ok,
data\raw\974e32f0fa628a307ba1bc2ec7f48d137b8190da0582678d7c5c75c8120bf383\Testing\glioma\Te-gl_95.jpg,artifacts\inference\convnext-tiny-production\Te-gl_95__glioma__highlighted.png,convnext_tiny,glioma,0.9999983310699463,ok,
data\raw\974e32f0fa628a307ba1bc2ec7f48d137b8190da0582678d7c5c75c8120bf383\Testing\glioma\Te-gl_96.jpg,artifacts\inference\convnext-tiny-production\Te-gl_96__glioma__highlighted.png,convnext_tiny,glioma,0.9999722242355347,ok,
data\raw\974e32f0fa628a307ba1bc2ec7f48d137b8190da0582678d7c5c75c8120bf383\Testing\glioma\Te-gl_97.jpg,artifacts\inference\convnext-tiny-production\Te-gl_97__notumor__highlighted.png,convnext_tiny,notumor,0.9987657070159912,ok,
data\raw\974e32f0fa628a307ba1bc2ec7f48d137b8190da0582678d7c5c75c8120bf383\Testing\glioma\Te-gl_98.jpg,artifacts\inference\convnext-tiny-production\Te-gl_98__glioma__highlighted.png,convnext_tiny,glioma,1.0,ok,
data\raw\974e32f0fa628a307ba1bc2ec7f48d137b8190da0582678d7c5c75c8120bf383\Testing\glioma\Te-gl_99.jpg,artifacts\inference\convnext-tiny-production\Te-gl_99__glioma__highlighted.png,convnext_tiny,glioma,1.0,ok,
data\raw\974e32f0fa628a307ba1bc2ec7f48d137b8190da0582678d7c5c75c8120bf383\Testing\meningioma\Te-aug-me_1.jpg,artifacts\inference\convnext-tiny-production\Te-aug-me_1__meningioma__highlighted.png,convnext_tiny,meningioma,0.9999886751174927,ok,
data\raw\974e32f0fa628a307ba1bc2ec7f48d137b8190da0582678d7c5c75c8120bf383\Testing\meningioma\Te-aug-me_10.jpg,artifacts\inference\convnext-tiny-production\Te-aug-me_10__meningioma__highlighted.png,convnext_tiny,meningioma,0.999583899974823,ok,
data\raw\974e32f0fa628a307ba1bc2ec7f48d137b8190da0582678d7c5c75c8120bf383\Testing\meningioma\Te-aug-me_100.jpg,artifacts\inference\convnext-tiny-production\Te-aug-me_100__meningioma__highlighted.png,convnext_tiny,meningioma,0.9997650980949402,ok,
data\raw\974e32f0fa628a307ba1bc2ec7f48d137b8190da0582678d7c5c75c8120bf383\Testing\meningioma\Te-aug-me_101.jpg,artifacts\inference\convnext-tiny-production\Te-aug-me_101__meningioma__highlighted.png,convnext_tiny,meningioma,0.9998689889907837,ok,
data\raw\974e32f0fa628a307ba1bc2ec7f48d137b8190da0582678d7c5c75c8120bf383\Testing\meningioma\Te-aug-me_102.jpg,artifacts\inference\convnext-tiny-production\Te-aug-me_102__glioma__highlighted.png,convnext_tiny,glioma,0.37191280722618103,ok,
data\raw\974e32f0fa628a307ba1bc2ec7f48d137b8190da0582678d7c5c75c8120bf383\Testing\meningioma\Te-aug-me_103.jpg,artifacts\inference\convnext-tiny-production\Te-aug-me_103__meningioma__highlighted.png,convnext_tiny,meningioma,1.0,ok,
data\raw\974e32f0fa628a307ba1bc2ec7f48d137b8190da0582678d7c5c75c8120bf383\Testing\meningioma\Te-aug-me_11.jpg,artifacts\inference\convnext-tiny-production\Te-aug-me_11__meningioma__highlighted.png,convnext_tiny,meningioma,0.9999020099639893,ok,
data\raw\974e32f0fa628a307ba1bc2ec7f48d137b8190da0582678d7c5c75c8120bf383\Testing\meningioma\Te-aug-me_12.jpg,artifacts\inference\convnext-tiny-production\Te-aug-me_12__meningioma__highlighted.png,convnext_tiny,meningioma,0.9998525381088257,ok,
data\raw\974e32f0fa628a307ba1bc2ec7f48d137b8190da0582678d7c5c75c8120bf383\Testing\meningioma\Te-aug-me_13.jpg,artifacts\inference\convnext-tiny-production\Te-aug-me_13__meningioma__highlighted.png,convnext_tiny,meningioma,0.9999634027481079,ok,
data\raw\974e32f0fa628a307ba1bc2ec7f48d137b8190da0582678d7c5c75c8120bf383\Testing\meningioma\Te-aug-me_14.jpg,artifacts\inference\convnext-tiny-production\Te-aug-me_14__meningioma__highlighted.png,convnext_tiny,meningioma,0.875821053981781,ok,
data\raw\974e32f0fa628a307ba1bc2ec7f48d137b8190da0582678d7c5c75c8120bf383\Testing\meningioma\Te-aug-me_15.jpg,artifacts\inference\convnext-tiny-production\Te-aug-me_15__meningioma__highlighted.png,convnext_tiny,meningioma,1.0,ok,
data\raw\974e32f0fa628a307ba1bc2ec7f48d137b8190da0582678d7c5c75c8120bf383\Testing\meningioma\Te-aug-me_16.jpg,artifacts\inference\convnext-tiny-production\Te-aug-me_16__meningioma__highlighted.png,convnext_tiny,meningioma,0.9997088313102722,ok,
data\raw\974e32f0fa628a307ba1bc2ec7f48d137b8190da0582678d7c5c75c8120bf383\Testing\meningioma\Te-aug-me_17.jpg,artifacts\inference\convnext-tiny-production\Te-aug-me_17__meningioma__highlighted.png,convnext_tiny,meningioma,0.8135492205619812,ok,
data\raw\974e32f0fa628a307ba1bc2ec7f48d137b8190da0582678d7c5c75c8120bf383\Testing\meningioma\Te-aug-me_18.jpg,artifacts\inference\convnext-tiny-production\Te-aug-me_18__meningioma__highlighted.png,convnext_tiny,meningioma,1.0,ok,
data\raw\974e32f0fa628a307ba1bc2ec7f48d137b8190da0582678d7c5c75c8120bf383\Testing\meningioma\Te-aug-me_19.jpg,artifacts\inference\convnext-tiny-production\Te-aug-me_19__meningioma__highlighted.png,convnext_tiny,meningioma,0.9998015761375427,ok,
data\raw\974e32f0fa628a307ba1bc2ec7f48d137b8190da0582678d7c5c75c8120bf383\Testing\meningioma\Te-aug-me_2.jpg,artifacts\inference\convnext-tiny-production\Te-aug-me_2__meningioma__highlighted.png,convnext_tiny,meningioma,0.9999992847442627,ok,
data\raw\974e32f0fa628a307ba1bc2ec7f48d137b8190da0582678d7c5c75c8120bf383\Testing\meningioma\Te-aug-me_20.jpg,artifacts\inference\convnext-tiny-production\Te-aug-me_20__meningioma__highlighted.png,convnext_tiny,meningioma,0.9999997615814209,ok,
data\raw\974e32f0fa628a307ba1bc2ec7f48d137b8190da0582678d7c5c75c8120bf383\Testing\meningioma\Te-aug-me_21.jpg,artifacts\inference\convnext-tiny-production\Te-aug-me_21__meningioma__highlighted.png,convnext_tiny,meningioma,0.8744697570800781,ok,
data\raw\974e32f0fa628a307ba1bc2ec7f48d137b8190da0582678d7c5c75c8120bf383\Testing\meningioma\Te-aug-me_22.jpg,artifacts\inference\convnext-tiny-production\Te-aug-me_22__meningioma__highlighted.png,convnext_tiny,meningioma,0.9992573857307434,ok,
data\raw\974e32f0fa628a307ba1bc2ec7f48d137b8190da0582678d7c5c75c8120bf383\Testing\meningioma\Te-aug-me_23.jpg,artifacts\inference\convnext-tiny-production\Te-aug-me_23__meningioma__highlighted.png,convnext_tiny,meningioma,0.9999953508377075,ok,
data\raw\974e32f0fa628a307ba1bc2ec7f48d137b8190da0582678d7c5c75c8120bf383\Testing\meningioma\Te-aug-me_24.jpg,artifacts\inference\convnext-tiny-production\Te-aug-me_24__meningioma__highlighted.png,convnext_tiny,meningioma,0.9939806461334229,ok,
data\raw\974e32f0fa628a307ba1bc2ec7f48d137b8190da0582678d7c5c75c8120bf383\Testing\meningioma\Te-aug-me_25.jpg,artifacts\inference\convnext-tiny-production\Te-aug-me_25__meningioma__highlighted.png,convnext_tiny,meningioma,0.9999923706054688,ok,
data\raw\974e32f0fa628a307ba1bc2ec7f48d137b8190da0582678d7c5c75c8120bf383\Testing\meningioma\Te-aug-me_26.jpg,artifacts\inference\convnext-tiny-production\Te-aug-me_26__meningioma__highlighted.png,convnext_tiny,meningioma,0.9999866485595703,ok,
data\raw\974e32f0fa628a307ba1bc2ec7f48d137b8190da0582678d7c5c75c8120bf383\Testing\meningioma\Te-aug-me_27.jpg,artifacts\inference\convnext-tiny-production\Te-aug-me_27__meningioma__highlighted.png,convnext_tiny,meningioma,0.999813973903656,ok,
data\raw\974e32f0fa628a307ba1bc2ec7f48d137b8190da0582678d7c5c75c8120bf383\Testing\meningioma\Te-aug-me_28.jpg,artifacts\inference\convnext-tiny-production\Te-aug-me_28__meningioma__highlighted.png,convnext_tiny,meningioma,1.0,ok,
data\raw\974e32f0fa628a307ba1bc2ec7f48d137b8190da0582678d7c5c75c8120bf383\Testing\meningioma\Te-aug-me_29.jpg,artifacts\inference\convnext-tiny-production\Te-aug-me_29__meningioma__highlighted.png,convnext_tiny,meningioma,0.9997928738594055,ok,
data\raw\974e32f0fa628a307ba1bc2ec7f48d137b8190da0582678d7c5c75c8120bf383\Testing\meningioma\Te-aug-me_3.jpg,artifacts\inference\convnext-tiny-production\Te-aug-me_3__meningioma__highlighted.png,convnext_tiny,meningioma,0.9927884936332703,ok,
data\raw\974e32f0fa628a307ba1bc2ec7f48d137b8190da0582678d7c5c75c8120bf383\Testing\meningioma\Te-aug-me_30.jpg,artifacts\inference\convnext-tiny-production\Te-aug-me_30__meningioma__highlighted.png,convnext_tiny,meningioma,0.9999990463256836,ok,
data\raw\974e32f0fa628a307ba1bc2ec7f48d137b8190da0582678d7c5c75c8120bf383\Testing\meningioma\Te-aug-me_31.jpg,artifacts\inference\convnext-tiny-production\Te-aug-me_31__meningioma__highlighted.png,convnext_tiny,meningioma,0.9999998807907104,ok,
data\raw\974e32f0fa628a307ba1bc2ec7f48d137b8190da0582678d7c5c75c8120bf383\Testing\meningioma\Te-aug-me_32.jpg,artifacts\inference\convnext-tiny-production\Te-aug-me_32__meningioma__highlighted.png,convnext_tiny,meningioma,1.0,ok,
data\raw\974e32f0fa628a307ba1bc2ec7f48d137b8190da0582678d7c5c75c8120bf383\Testing\meningioma\Te-aug-me_33.jpg,artifacts\inference\convnext-tiny-production\Te-aug-me_33__meningioma__highlighted.png,convnext_tiny,meningioma,0.9999948740005493,ok,
data\raw\974e32f0fa628a307ba1bc2ec7f48d137b8190da0582678d7c5c75c8120bf383\Testing\meningioma\Te-aug-me_34.jpg,artifacts\inference\convnext-tiny-production\Te-aug-me_34__meningioma__highlighted.png,convnext_tiny,meningioma,0.9999998807907104,ok,
data\raw\974e32f0fa628a307ba1bc2ec7f48d137b8190da0582678d7c5c75c8120bf383\Testing\meningioma\Te-aug-me_35.jpg,artifacts\inference\convnext-tiny-production\Te-aug-me_35__pituitary__highlighted.png,convnext_tiny,pituitary,0.9958683252334595,ok,
data\raw\974e32f0fa628a307ba1bc2ec7f48d137b8190da0582678d7c5c75c8120bf383\Testing\meningioma\Te-aug-me_36.jpg,artifacts\inference\convnext-tiny-production\Te-aug-me_36__meningioma__highlighted.png,convnext_tiny,meningioma,0.999996542930603,ok,
data\raw\974e32f0fa628a307ba1bc2ec7f48d137b8190da0582678d7c5c75c8120bf383\Testing\meningioma\Te-aug-me_37.jpg,artifacts\inference\convnext-tiny-production\Te-aug-me_37__meningioma__highlighted.png,convnext_tiny,meningioma,0.9999983310699463,ok,
data\raw\974e32f0fa628a307ba1bc2ec7f48d137b8190da0582678d7c5c75c8120bf383\Testing\meningioma\Te-aug-me_38.jpg,artifacts\inference\convnext-tiny-production\Te-aug-me_38__meningioma__highlighted.png,convnext_tiny,meningioma,0.998788058757782,ok,
data\raw\974e32f0fa628a307ba1bc2ec7f48d137b8190da0582678d7c5c75c8120bf383\Testing\meningioma\Te-aug-me_39.jpg,artifacts\inference\convnext-tiny-production\Te-aug-me_39__meningioma__highlighted.png,convnext_tiny,meningioma,1.0,ok,
data\raw\974e32f0fa628a307ba1bc2ec7f48d137b8190da0582678d7c5c75c8120bf383\Testing\meningioma\Te-aug-me_4.jpg,artifacts\inference\convnext-tiny-production\Te-aug-me_4__meningioma__highlighted.png,convnext_tiny,meningioma,0.9999998807907104,ok,
data\raw\974e32f0fa628a307ba1bc2ec7f48d137b8190da0582678d7c5c75c8120bf383\Testing\meningioma\Te-aug-me_40.jpg,artifacts\inference\convnext-tiny-production\Te-aug-me_40__meningioma__highlighted.png,convnext_tiny,meningioma,0.8543016314506531,ok,
data\raw\974e32f0fa628a307ba1bc2ec7f48d137b8190da0582678d7c5c75c8120bf383\Testing\meningioma\Te-aug-me_41.jpg,artifacts\inference\convnext-tiny-production\Te-aug-me_41__meningioma__highlighted.png,convnext_tiny,meningioma,0.9999949932098389,ok,
data\raw\974e32f0fa628a307ba1bc2ec7f48d137b8190da0582678d7c5c75c8120bf383\Testing\meningioma\Te-aug-me_42.jpg,artifacts\inference\convnext-tiny-production\Te-aug-me_42__meningioma__highlighted.png,convnext_tiny,meningioma,0.9999432563781738,ok,
data\raw\974e32f0fa628a307ba1bc2ec7f48d137b8190da0582678d7c5c75c8120bf383\Testing\meningioma\Te-aug-me_43.jpg,artifacts\inference\convnext-tiny-production\Te-aug-me_43__meningioma__highlighted.png,convnext_tiny,meningioma,0.9998506307601929,ok,
data\raw\974e32f0fa628a307ba1bc2ec7f48d137b8190da0582678d7c5c75c8120bf383\Testing\meningioma\Te-aug-me_44.jpg,artifacts\inference\convnext-tiny-production\Te-aug-me_44__meningioma__highlighted.png,convnext_tiny,meningioma,1.0,ok,
data\raw\974e32f0fa628a307ba1bc2ec7f48d137b8190da0582678d7c5c75c8120bf383\Testing\meningioma\Te-aug-me_45.jpg,artifacts\inference\convnext-tiny-production\Te-aug-me_45__meningioma__highlighted.png,convnext_tiny,meningioma,0.9983276724815369,ok,
data\raw\974e32f0fa628a307ba1bc2ec7f48d137b8190da0582678d7c5c75c8120bf383\Testing\meningioma\Te-aug-me_46.jpg,artifacts\inference\convnext-tiny-production\Te-aug-me_46__meningioma__highlighted.png,convnext_tiny,meningioma,0.9999991655349731,ok,
data\raw\974e32f0fa628a307ba1bc2ec7f48d137b8190da0582678d7c5c75c8120bf383\Testing\meningioma\Te-aug-me_47.jpg,artifacts\inference\convnext-tiny-production\Te-aug-me_47__meningioma__highlighted.png,convnext_tiny,meningioma,0.9999998807907104,ok,
data\raw\974e32f0fa628a307ba1bc2ec7f48d137b8190da0582678d7c5c75c8120bf383\Testing\meningioma\Te-aug-me_48.jpg,artifacts\inference\convnext-tiny-production\Te-aug-me_48__meningioma__highlighted.png,convnext_tiny,meningioma,0.9999995231628418,ok,
data\raw\974e32f0fa628a307ba1bc2ec7f48d137b8190da0582678d7c5c75c8120bf383\Testing\meningioma\Te-aug-me_49.jpg,artifacts\inference\convnext-tiny-production\Te-aug-me_49__meningioma__highlighted.png,convnext_tiny,meningioma,0.9999905824661255,ok,
data\raw\974e32f0fa628a307ba1bc2ec7f48d137b8190da0582678d7c5c75c8120bf383\Testing\meningioma\Te-aug-me_5.jpg,artifacts\inference\convnext-tiny-production\Te-aug-me_5__meningioma__highlighted.png,convnext_tiny,meningioma,0.9989051818847656,ok,
data\raw\974e32f0fa628a307ba1bc2ec7f48d137b8190da0582678d7c5c75c8120bf383\Testing\meningioma\Te-aug-me_50.jpg,artifacts\inference\convnext-tiny-production\Te-aug-me_50__meningioma__highlighted.png,convnext_tiny,meningioma,0.49252957105636597,ok,
data\raw\974e32f0fa628a307ba1bc2ec7f48d137b8190da0582678d7c5c75c8120bf383\Testing\meningioma\Te-aug-me_51.jpg,artifacts\inference\convnext-tiny-production\Te-aug-me_51__meningioma__highlighted.png,convnext_tiny,meningioma,0.9999998807907104,ok,
data\raw\974e32f0fa628a307ba1bc2ec7f48d137b8190da0582678d7c5c75c8120bf383\Testing\meningioma\Te-aug-me_52.jpg,artifacts\inference\convnext-tiny-production\Te-aug-me_52__meningioma__highlighted.png,convnext_tiny,meningioma,1.0,ok,
data\raw\974e32f0fa628a307ba1bc2ec7f48d137b8190da0582678d7c5c75c8120bf383\Testing\meningioma\Te-aug-me_53.jpg,artifacts\inference\convnext-tiny-production\Te-aug-me_53__meningioma__highlighted.png,convnext_tiny,meningioma,1.0,ok,
data\raw\974e32f0fa628a307ba1bc2ec7f48d137b8190da0582678d7c5c75c8120bf383\Testing\meningioma\Te-aug-me_54.jpg,artifacts\inference\convnext-tiny-production\Te-aug-me_54__meningioma__highlighted.png,convnext_tiny,meningioma,0.9991894364356995,ok,
data\raw\974e32f0fa628a307ba1bc2ec7f48d137b8190da0582678d7c5c75c8120bf383\Testing\meningioma\Te-aug-me_55.jpg,artifacts\inference\convnext-tiny-production\Te-aug-me_55__meningioma__highlighted.png,convnext_tiny,meningioma,0.9999309778213501,ok,
data\raw\974e32f0fa628a307ba1bc2ec7f48d137b8190da0582678d7c5c75c8120bf383\Testing\meningioma\Te-aug-me_56.jpg,artifacts\inference\convnext-tiny-production\Te-aug-me_56__glioma__highlighted.png,convnext_tiny,glioma,0.8539674878120422,ok,
data\raw\974e32f0fa628a307ba1bc2ec7f48d137b8190da0582678d7c5c75c8120bf383\Testing\meningioma\Te-aug-me_57.jpg,artifacts\inference\convnext-tiny-production\Te-aug-me_57__meningioma__highlighted.png,convnext_tiny,meningioma,0.9999914169311523,ok,
data\raw\974e32f0fa628a307ba1bc2ec7f48d137b8190da0582678d7c5c75c8120bf383\Testing\meningioma\Te-aug-me_58.jpg,artifacts\inference\convnext-tiny-production\Te-aug-me_58__meningioma__highlighted.png,convnext_tiny,meningioma,0.9999990463256836,ok,
data\raw\974e32f0fa628a307ba1bc2ec7f48d137b8190da0582678d7c5c75c8120bf383\Testing\meningioma\Te-aug-me_59.jpg,artifacts\inference\convnext-tiny-production\Te-aug-me_59__meningioma__highlighted.png,convnext_tiny,meningioma,0.9999998807907104,ok,
data\raw\974e32f0fa628a307ba1bc2ec7f48d137b8190da0582678d7c5c75c8120bf383\Testing\meningioma\Te-aug-me_6.jpg,artifacts\inference\convnext-tiny-production\Te-aug-me_6__meningioma__highlighted.png,convnext_tiny,meningioma,0.9998642206192017,ok,
data\raw\974e32f0fa628a307ba1bc2ec7f48d137b8190da0582678d7c5c75c8120bf383\Testing\meningioma\Te-aug-me_60.jpg,artifacts\inference\convnext-tiny-production\Te-aug-me_60__meningioma__highlighted.png,convnext_tiny,meningioma,0.9927322268486023,ok,
data\raw\974e32f0fa628a307ba1bc2ec7f48d137b8190da0582678d7c5c75c8120bf383\Testing\meningioma\Te-aug-me_61.jpg,artifacts\inference\convnext-tiny-production\Te-aug-me_61__meningioma__highlighted.png,convnext_tiny,meningioma,0.9999592304229736,ok,
data\raw\974e32f0fa628a307ba1bc2ec7f48d137b8190da0582678d7c5c75c8120bf383\Testing\meningioma\Te-aug-me_62.jpg,artifacts\inference\convnext-tiny-production\Te-aug-me_62__meningioma__highlighted.png,convnext_tiny,meningioma,1.0,ok,
data\raw\974e32f0fa628a307ba1bc2ec7f48d137b8190da0582678d7c5c75c8120bf383\Testing\meningioma\Te-aug-me_63.jpg,artifacts\inference\convnext-tiny-production\Te-aug-me_63__meningioma__highlighted.png,convnext_tiny,meningioma,0.9939085245132446,ok,
data\raw\974e32f0fa628a307ba1bc2ec7f48d137b8190da0582678d7c5c75c8120bf383\Testing\meningioma\Te-aug-me_64.jpg,artifacts\inference\convnext-tiny-production\Te-aug-me_64__meningioma__highlighted.png,convnext_tiny,meningioma,0.9998990297317505,ok,
data\raw\974e32f0fa628a307ba1bc2ec7f48d137b8190da0582678d7c5c75c8120bf383\Testing\meningioma\Te-aug-me_65.jpg,artifacts\inference\convnext-tiny-production\Te-aug-me_65__meningioma__highlighted.png,convnext_tiny,meningioma,0.9994006156921387,ok,
data\raw\974e32f0fa628a307ba1bc2ec7f48d137b8190da0582678d7c5c75c8120bf383\Testing\meningioma\Te-aug-me_66.jpg,artifacts\inference\convnext-tiny-production\Te-aug-me_66__meningioma__highlighted.png,convnext_tiny,meningioma,0.984740674495697,ok,
data\raw\974e32f0fa628a307ba1bc2ec7f48d137b8190da0582678d7c5c75c8120bf383\Testing\meningioma\Te-aug-me_67.jpg,artifacts\inference\convnext-tiny-production\Te-aug-me_67__meningioma__highlighted.png,convnext_tiny,meningioma,0.9999992847442627,ok,
data\raw\974e32f0fa628a307ba1bc2ec7f48d137b8190da0582678d7c5c75c8120bf383\Testing\meningioma\Te-aug-me_68.jpg,artifacts\inference\convnext-tiny-production\Te-aug-me_68__meningioma__highlighted.png,convnext_tiny,meningioma,0.9999998807907104,ok,
data\raw\974e32f0fa628a307ba1bc2ec7f48d137b8190da0582678d7c5c75c8120bf383\Testing\meningioma\Te-aug-me_69.jpg,artifacts\inference\convnext-tiny-production\Te-aug-me_69__meningioma__highlighted.png,convnext_tiny,meningioma,1.0,ok,
data\raw\974e32f0fa628a307ba1bc2ec7f48d137b8190da0582678d7c5c75c8120bf383\Testing\meningioma\Te-aug-me_7.jpg,artifacts\inference\convnext-tiny-production\Te-aug-me_7__meningioma__highlighted.png,convnext_tiny,meningioma,0.9999942779541016,ok,
data\raw\974e32f0fa628a307ba1bc2ec7f48d137b8190da0582678d7c5c75c8120bf383\Testing\meningioma\Te-aug-me_70.jpg,artifacts\inference\convnext-tiny-production\Te-aug-me_70__meningioma__highlighted.png,convnext_tiny,meningioma,0.9999759197235107,ok,
data\raw\974e32f0fa628a307ba1bc2ec7f48d137b8190da0582678d7c5c75c8120bf383\Testing\meningioma\Te-aug-me_71.jpg,artifacts\inference\convnext-tiny-production\Te-aug-me_71__meningioma__highlighted.png,convnext_tiny,meningioma,0.9991279244422913,ok,
data\raw\974e32f0fa628a307ba1bc2ec7f48d137b8190da0582678d7c5c75c8120bf383\Testing\meningioma\Te-aug-me_72.jpg,artifacts\inference\convnext-tiny-production\Te-aug-me_72__meningioma__highlighted.png,convnext_tiny,meningioma,0.999998927116394,ok,
data\raw\974e32f0fa628a307ba1bc2ec7f48d137b8190da0582678d7c5c75c8120bf383\Testing\meningioma\Te-aug-me_73.jpg,artifacts\inference\convnext-tiny-production\Te-aug-me_73__meningioma__highlighted.png,convnext_tiny,meningioma,1.0,ok,
data\raw\974e32f0fa628a307ba1bc2ec7f48d137b8190da0582678d7c5c75c8120bf383\Testing\meningioma\Te-aug-me_74.jpg,artifacts\inference\convnext-tiny-production\Te-aug-me_74__meningioma__highlighted.png,convnext_tiny,meningioma,0.9999998807907104,ok,
data\raw\974e32f0fa628a307ba1bc2ec7f48d137b8190da0582678d7c5c75c8120bf383\Testing\meningioma\Te-aug-me_75.jpg,artifacts\inference\convnext-tiny-production\Te-aug-me_75__meningioma__highlighted.png,convnext_tiny,meningioma,0.9999945163726807,ok,
data\raw\974e32f0fa628a307ba1bc2ec7f48d137b8190da0582678d7c5c75c8120bf383\Testing\meningioma\Te-aug-me_76.jpg,artifacts\inference\convnext-tiny-production\Te-aug-me_76__meningioma__highlighted.png,convnext_tiny,meningioma,1.0,ok,
data\raw\974e32f0fa628a307ba1bc2ec7f48d137b8190da0582678d7c5c75c8120bf383\Testing\meningioma\Te-aug-me_77.jpg,artifacts\inference\convnext-tiny-production\Te-aug-me_77__meningioma__highlighted.png,convnext_tiny,meningioma,0.9999957084655762,ok,
data\raw\974e32f0fa628a307ba1bc2ec7f48d137b8190da0582678d7c5c75c8120bf383\Testing\meningioma\Te-aug-me_78.jpg,artifacts\inference\convnext-tiny-production\Te-aug-me_78__meningioma__highlighted.png,convnext_tiny,meningioma,1.0,ok,
data\raw\974e32f0fa628a307ba1bc2ec7f48d137b8190da0582678d7c5c75c8120bf383\Testing\meningioma\Te-aug-me_79.jpg,artifacts\inference\convnext-tiny-production\Te-aug-me_79__meningioma__highlighted.png,convnext_tiny,meningioma,0.9999943971633911,ok,
data\raw\974e32f0fa628a307ba1bc2ec7f48d137b8190da0582678d7c5c75c8120bf383\Testing\meningioma\Te-aug-me_8.jpg,artifacts\inference\convnext-tiny-production\Te-aug-me_8__meningioma__highlighted.png,convnext_tiny,meningioma,0.9999998807907104,ok,
data\raw\974e32f0fa628a307ba1bc2ec7f48d137b8190da0582678d7c5c75c8120bf383\Testing\meningioma\Te-aug-me_80.jpg,artifacts\inference\convnext-tiny-production\Te-aug-me_80__meningioma__highlighted.png,convnext_tiny,meningioma,0.9999992847442627,ok,
data\raw\974e32f0fa628a307ba1bc2ec7f48d137b8190da0582678d7c5c75c8120bf383\Testing\meningioma\Te-aug-me_81.jpg,artifacts\inference\convnext-tiny-production\Te-aug-me_81__meningioma__highlighted.png,convnext_tiny,meningioma,0.9999998807907104,ok,
data\raw\974e32f0fa628a307ba1bc2ec7f48d137b8190da0582678d7c5c75c8120bf383\Testing\meningioma\Te-aug-me_82.jpg,artifacts\inference\convnext-tiny-production\Te-aug-me_82__meningioma__highlighted.png,convnext_tiny,meningioma,0.9999988079071045,ok,
data\raw\974e32f0fa628a307ba1bc2ec7f48d137b8190da0582678d7c5c75c8120bf383\Testing\meningioma\Te-aug-me_83.jpg,artifacts\inference\convnext-tiny-production\Te-aug-me_83__meningioma__highlighted.png,convnext_tiny,meningioma,0.9999828338623047,ok,
data\raw\974e32f0fa628a307ba1bc2ec7f48d137b8190da0582678d7c5c75c8120bf383\Testing\meningioma\Te-aug-me_84.jpg,artifacts\inference\convnext-tiny-production\Te-aug-me_84__meningioma__highlighted.png,convnext_tiny,meningioma,0.9999998807907104,ok,
data\raw\974e32f0fa628a307ba1bc2ec7f48d137b8190da0582678d7c5c75c8120bf383\Testing\meningioma\Te-aug-me_85.jpg,artifacts\inference\convnext-tiny-production\Te-aug-me_85__meningioma__highlighted.png,convnext_tiny,meningioma,0.9999971389770508,ok,
data\raw\974e32f0fa628a307ba1bc2ec7f48d137b8190da0582678d7c5c75c8120bf383\Testing\meningioma\Te-aug-me_86.jpg,artifacts\inference\convnext-tiny-production\Te-aug-me_86__meningioma__highlighted.png,convnext_tiny,meningioma,0.9999679327011108,ok,
data\raw\974e32f0fa628a307ba1bc2ec7f48d137b8190da0582678d7c5c75c8120bf383\Testing\meningioma\Te-aug-me_87.jpg,artifacts\inference\convnext-tiny-production\Te-aug-me_87__meningioma__highlighted.png,convnext_tiny,meningioma,0.9999901056289673,ok,
data\raw\974e32f0fa628a307ba1bc2ec7f48d137b8190da0582678d7c5c75c8120bf383\Testing\meningioma\Te-aug-me_88.jpg,artifacts\inference\convnext-tiny-production\Te-aug-me_88__meningioma__highlighted.png,convnext_tiny,meningioma,0.9998875856399536,ok,
data\raw\974e32f0fa628a307ba1bc2ec7f48d137b8190da0582678d7c5c75c8120bf383\Testing\meningioma\Te-aug-me_89.jpg,artifacts\inference\convnext-tiny-production\Te-aug-me_89__meningioma__highlighted.png,convnext_tiny,meningioma,0.9999654293060303,ok,
data\raw\974e32f0fa628a307ba1bc2ec7f48d137b8190da0582678d7c5c75c8120bf383\Testing\meningioma\Te-aug-me_9.jpg,artifacts\inference\convnext-tiny-production\Te-aug-me_9__meningioma__highlighted.png,convnext_tiny,meningioma,0.9958676099777222,ok,
data\raw\974e32f0fa628a307ba1bc2ec7f48d137b8190da0582678d7c5c75c8120bf383\Testing\meningioma\Te-aug-me_90.jpg,artifacts\inference\convnext-tiny-production\Te-aug-me_90__meningioma__highlighted.png,convnext_tiny,meningioma,0.999980092048645,ok,
data\raw\974e32f0fa628a307ba1bc2ec7f48d137b8190da0582678d7c5c75c8120bf383\Testing\meningioma\Te-aug-me_91.jpg,artifacts\inference\convnext-tiny-production\Te-aug-me_91__meningioma__highlighted.png,convnext_tiny,meningioma,0.9999697208404541,ok,
data\raw\974e32f0fa628a307ba1bc2ec7f48d137b8190da0582678d7c5c75c8120bf383\Testing\meningioma\Te-aug-me_92.jpg,artifacts\inference\convnext-tiny-production\Te-aug-me_92__meningioma__highlighted.png,convnext_tiny,meningioma,0.9999371767044067,ok,
data\raw\974e32f0fa628a307ba1bc2ec7f48d137b8190da0582678d7c5c75c8120bf383\Testing\meningioma\Te-aug-me_93.jpg,artifacts\inference\convnext-tiny-production\Te-aug-me_93__meningioma__highlighted.png,convnext_tiny,meningioma,0.9999504089355469,ok,
data\raw\974e32f0fa628a307ba1bc2ec7f48d137b8190da0582678d7c5c75c8120bf383\Testing\meningioma\Te-aug-me_94.jpg,artifacts\inference\convnext-tiny-production\Te-aug-me_94__meningioma__highlighted.png,convnext_tiny,meningioma,0.9999562501907349,ok,
data\raw\974e32f0fa628a307ba1bc2ec7f48d137b8190da0582678d7c5c75c8120bf383\Testing\meningioma\Te-aug-me_95.jpg,artifacts\inference\convnext-tiny-production\Te-aug-me_95__meningioma__highlighted.png,convnext_tiny,meningioma,0.9999606609344482,ok,
data\raw\974e32f0fa628a307ba1bc2ec7f48d137b8190da0582678d7c5c75c8120bf383\Testing\meningioma\Te-aug-me_96.jpg,artifacts\inference\convnext-tiny-production\Te-aug-me_96__meningioma__highlighted.png,convnext_tiny,meningioma,0.999998927116394,ok,
data\raw\974e32f0fa628a307ba1bc2ec7f48d137b8190da0582678d7c5c75c8120bf383\Testing\meningioma\Te-aug-me_97.jpg,artifacts\inference\convnext-tiny-production\Te-aug-me_97__meningioma__highlighted.png,convnext_tiny,meningioma,0.9999971389770508,ok,
data\raw\974e32f0fa628a307ba1bc2ec7f48d137b8190da0582678d7c5c75c8120bf383\Testing\meningioma\Te-aug-me_98.jpg,artifacts\inference\convnext-tiny-production\Te-aug-me_98__meningioma__highlighted.png,convnext_tiny,meningioma,0.9999997615814209,ok,
data\raw\974e32f0fa628a307ba1bc2ec7f48d137b8190da0582678d7c5c75c8120bf383\Testing\meningioma\Te-aug-me_99.jpg,artifacts\inference\convnext-tiny-production\Te-aug-me_99__meningioma__highlighted.png,convnext_tiny,meningioma,0.9999804496765137,ok,
data\raw\974e32f0fa628a307ba1bc2ec7f48d137b8190da0582678d7c5c75c8120bf383\Testing\meningioma\Te-me_1.jpg,artifacts\inference\convnext-tiny-production\Te-me_1__meningioma__highlighted.png,convnext_tiny,meningioma,0.9999991655349731,ok,
data\raw\974e32f0fa628a307ba1bc2ec7f48d137b8190da0582678d7c5c75c8120bf383\Testing\meningioma\Te-me_10.jpg,artifacts\inference\convnext-tiny-production\Te-me_10__meningioma__highlighted.png,convnext_tiny,meningioma,0.9999947547912598,ok,
data\raw\974e32f0fa628a307ba1bc2ec7f48d137b8190da0582678d7c5c75c8120bf383\Testing\meningioma\Te-me_100.jpg,artifacts\inference\convnext-tiny-production\Te-me_100__meningioma__highlighted.png,convnext_tiny,meningioma,0.8893415927886963,ok,
data\raw\974e32f0fa628a307ba1bc2ec7f48d137b8190da0582678d7c5c75c8120bf383\Testing\meningioma\Te-me_101.jpg,artifacts\inference\convnext-tiny-production\Te-me_101__meningioma__highlighted.png,convnext_tiny,meningioma,1.0,ok,
data\raw\974e32f0fa628a307ba1bc2ec7f48d137b8190da0582678d7c5c75c8120bf383\Testing\meningioma\Te-me_102.jpg,artifacts\inference\convnext-tiny-production\Te-me_102__meningioma__highlighted.png,convnext_tiny,meningioma,0.8500983119010925,ok,
data\raw\974e32f0fa628a307ba1bc2ec7f48d137b8190da0582678d7c5c75c8120bf383\Testing\meningioma\Te-me_103.jpg,artifacts\inference\convnext-tiny-production\Te-me_103__meningioma__highlighted.png,convnext_tiny,meningioma,0.9999759197235107,ok,
data\raw\974e32f0fa628a307ba1bc2ec7f48d137b8190da0582678d7c5c75c8120bf383\Testing\meningioma\Te-me_104.jpg,artifacts\inference\convnext-tiny-production\Te-me_104__meningioma__highlighted.png,convnext_tiny,meningioma,0.9999998807907104,ok,
data\raw\974e32f0fa628a307ba1bc2ec7f48d137b8190da0582678d7c5c75c8120bf383\Testing\meningioma\Te-me_105.jpg,artifacts\inference\convnext-tiny-production\Te-me_105__meningioma__highlighted.png,convnext_tiny,meningioma,0.9999986886978149,ok,
data\raw\974e32f0fa628a307ba1bc2ec7f48d137b8190da0582678d7c5c75c8120bf383\Testing\meningioma\Te-me_106.jpg,artifacts\inference\convnext-tiny-production\Te-me_106__meningioma__highlighted.png,convnext_tiny,meningioma,0.9999991655349731,ok,
data\raw\974e32f0fa628a307ba1bc2ec7f48d137b8190da0582678d7c5c75c8120bf383\Testing\meningioma\Te-me_107.jpg,artifacts\inference\convnext-tiny-production\Te-me_107__meningioma__highlighted.png,convnext_tiny,meningioma,0.9999980926513672,ok,
data\raw\974e32f0fa628a307ba1bc2ec7f48d137b8190da0582678d7c5c75c8120bf383\Testing\meningioma\Te-me_108.jpg,artifacts\inference\convnext-tiny-production\Te-me_108__meningioma__highlighted.png,convnext_tiny,meningioma,0.9999709129333496,ok,
data\raw\974e32f0fa628a307ba1bc2ec7f48d137b8190da0582678d7c5c75c8120bf383\Testing\meningioma\Te-me_109.jpg,artifacts\inference\convnext-tiny-production\Te-me_109__meningioma__highlighted.png,convnext_tiny,meningioma,0.99988853931427,ok,
data\raw\974e32f0fa628a307ba1bc2ec7f48d137b8190da0582678d7c5c75c8120bf383\Testing\meningioma\Te-me_11.jpg,artifacts\inference\convnext-tiny-production\Te-me_11__meningioma__highlighted.png,convnext_tiny,meningioma,1.0,ok,
data\raw\974e32f0fa628a307ba1bc2ec7f48d137b8190da0582678d7c5c75c8120bf383\Testing\meningioma\Te-me_110.jpg,artifacts\inference\convnext-tiny-production\Te-me_110__meningioma__highlighted.png,convnext_tiny,meningioma,0.9999984502792358,ok,
data\raw\974e32f0fa628a307ba1bc2ec7f48d137b8190da0582678d7c5c75c8120bf383\Testing\meningioma\Te-me_111.jpg,artifacts\inference\convnext-tiny-production\Te-me_111__meningioma__highlighted.png,convnext_tiny,meningioma,0.9999994039535522,ok,
data\raw\974e32f0fa628a307ba1bc2ec7f48d137b8190da0582678d7c5c75c8120bf383\Testing\meningioma\Te-me_112.jpg,artifacts\inference\convnext-tiny-production\Te-me_112__meningioma__highlighted.png,convnext_tiny,meningioma,1.0,ok,
data\raw\974e32f0fa628a307ba1bc2ec7f48d137b8190da0582678d7c5c75c8120bf383\Testing\meningioma\Te-me_113.jpg,artifacts\inference\convnext-tiny-production\Te-me_113__meningioma__highlighted.png,convnext_tiny,meningioma,0.9582340717315674,ok,
data\raw\974e32f0fa628a307ba1bc2ec7f48d137b8190da0582678d7c5c75c8120bf383\Testing\meningioma\Te-me_114.jpg,artifacts\inference\convnext-tiny-production\Te-me_114__meningioma__highlighted.png,convnext_tiny,meningioma,0.6036874055862427,ok,
data\raw\974e32f0fa628a307ba1bc2ec7f48d137b8190da0582678d7c5c75c8120bf383\Testing\meningioma\Te-me_115.jpg,artifacts\inference\convnext-tiny-production\Te-me_115__meningioma__highlighted.png,convnext_tiny,meningioma,0.8767118453979492,ok,
data\raw\974e32f0fa628a307ba1bc2ec7f48d137b8190da0582678d7c5c75c8120bf383\Testing\meningioma\Te-me_116.jpg,artifacts\inference\convnext-tiny-production\Te-me_116__meningioma__highlighted.png,convnext_tiny,meningioma,0.9999983310699463,ok,
data\raw\974e32f0fa628a307ba1bc2ec7f48d137b8190da0582678d7c5c75c8120bf383\Testing\meningioma\Te-me_117.jpg,artifacts\inference\convnext-tiny-production\Te-me_117__meningioma__highlighted.png,convnext_tiny,meningioma,0.9992478489875793,ok,
data\raw\974e32f0fa628a307ba1bc2ec7f48d137b8190da0582678d7c5c75c8120bf383\Testing\meningioma\Te-me_118.jpg,artifacts\inference\convnext-tiny-production\Te-me_118__meningioma__highlighted.png,convnext_tiny,meningioma,0.999977707862854,ok,
data\raw\974e32f0fa628a307ba1bc2ec7f48d137b8190da0582678d7c5c75c8120bf383\Testing\meningioma\Te-me_119.jpg,artifacts\inference\convnext-tiny-production\Te-me_119__meningioma__highlighted.png,convnext_tiny,meningioma,0.9978148937225342,ok,
data\raw\974e32f0fa628a307ba1bc2ec7f48d137b8190da0582678d7c5c75c8120bf383\Testing\meningioma\Te-me_12.jpg,artifacts\inference\convnext-tiny-production\Te-me_12__meningioma__highlighted.png,convnext_tiny,meningioma,0.9999939203262329,ok,
data\raw\974e32f0fa628a307ba1bc2ec7f48d137b8190da0582678d7c5c75c8120bf383\Testing\meningioma\Te-me_120.jpg,artifacts\inference\convnext-tiny-production\Te-me_120__meningioma__highlighted.png,convnext_tiny,meningioma,0.9997573494911194,ok,
data\raw\974e32f0fa628a307ba1bc2ec7f48d137b8190da0582678d7c5c75c8120bf383\Testing\meningioma\Te-me_121.jpg,artifacts\inference\convnext-tiny-production\Te-me_121__meningioma__highlighted.png,convnext_tiny,meningioma,0.9999988079071045,ok,
data\raw\974e32f0fa628a307ba1bc2ec7f48d137b8190da0582678d7c5c75c8120bf383\Testing\meningioma\Te-me_122.jpg,artifacts\inference\convnext-tiny-production\Te-me_122__meningioma__highlighted.png,convnext_tiny,meningioma,0.9999929666519165,ok,
data\raw\974e32f0fa628a307ba1bc2ec7f48d137b8190da0582678d7c5c75c8120bf383\Testing\meningioma\Te-me_123.jpg,artifacts\inference\convnext-tiny-production\Te-me_123__meningioma__highlighted.png,convnext_tiny,meningioma,0.9999951124191284,ok,
data\raw\974e32f0fa628a307ba1bc2ec7f48d137b8190da0582678d7c5c75c8120bf383\Testing\meningioma\Te-me_124.jpg,artifacts\inference\convnext-tiny-production\Te-me_124__meningioma__highlighted.png,convnext_tiny,meningioma,0.9999914169311523,ok,
data\raw\974e32f0fa628a307ba1bc2ec7f48d137b8190da0582678d7c5c75c8120bf383\Testing\meningioma\Te-me_125.jpg,artifacts\inference\convnext-tiny-production\Te-me_125__meningioma__highlighted.png,convnext_tiny,meningioma,0.9999730587005615,ok,
data\raw\974e32f0fa628a307ba1bc2ec7f48d137b8190da0582678d7c5c75c8120bf383\Testing\meningioma\Te-me_126.jpg,artifacts\inference\convnext-tiny-production\Te-me_126__meningioma__highlighted.png,convnext_tiny,meningioma,0.9999990463256836,ok,
data\raw\974e32f0fa628a307ba1bc2ec7f48d137b8190da0582678d7c5c75c8120bf383\Testing\meningioma\Te-me_127.jpg,artifacts\inference\convnext-tiny-production\Te-me_127__meningioma__highlighted.png,convnext_tiny,meningioma,1.0,ok,
data\raw\974e32f0fa628a307ba1bc2ec7f48d137b8190da0582678d7c5c75c8120bf383\Testing\meningioma\Te-me_128.jpg,artifacts\inference\convnext-tiny-production\Te-me_128__meningioma__highlighted.png,convnext_tiny,meningioma,0.999997615814209,ok,
data\raw\974e32f0fa628a307ba1bc2ec7f48d137b8190da0582678d7c5c75c8120bf383\Testing\meningioma\Te-me_129.jpg,artifacts\inference\convnext-tiny-production\Te-me_129__meningioma__highlighted.png,convnext_tiny,meningioma,0.9996798038482666,ok,
data\raw\974e32f0fa628a307ba1bc2ec7f48d137b8190da0582678d7c5c75c8120bf383\Testing\meningioma\Te-me_13.jpg,artifacts\inference\convnext-tiny-production\Te-me_13__meningioma__highlighted.png,convnext_tiny,meningioma,0.9673961997032166,ok,
data\raw\974e32f0fa628a307ba1bc2ec7f48d137b8190da0582678d7c5c75c8120bf383\Testing\meningioma\Te-me_130.jpg,artifacts\inference\convnext-tiny-production\Te-me_130__meningioma__highlighted.png,convnext_tiny,meningioma,0.9908939599990845,ok,
data\raw\974e32f0fa628a307ba1bc2ec7f48d137b8190da0582678d7c5c75c8120bf383\Testing\meningioma\Te-me_131.jpg,artifacts\inference\convnext-tiny-production\Te-me_131__meningioma__highlighted.png,convnext_tiny,meningioma,0.9999997615814209,ok,
data\raw\974e32f0fa628a307ba1bc2ec7f48d137b8190da0582678d7c5c75c8120bf383\Testing\meningioma\Te-me_132.jpg,artifacts\inference\convnext-tiny-production\Te-me_132__meningioma__highlighted.png,convnext_tiny,meningioma,0.9993467926979065,ok,
data\raw\974e32f0fa628a307ba1bc2ec7f48d137b8190da0582678d7c5c75c8120bf383\Testing\meningioma\Te-me_133.jpg,artifacts\inference\convnext-tiny-production\Te-me_133__meningioma__highlighted.png,convnext_tiny,meningioma,0.9985703229904175,ok,
data\raw\974e32f0fa628a307ba1bc2ec7f48d137b8190da0582678d7c5c75c8120bf383\Testing\meningioma\Te-me_134.jpg,artifacts\inference\convnext-tiny-production\Te-me_134__meningioma__highlighted.png,convnext_tiny,meningioma,0.9999779462814331,ok,
data\raw\974e32f0fa628a307ba1bc2ec7f48d137b8190da0582678d7c5c75c8120bf383\Testing\meningioma\Te-me_135.jpg,artifacts\inference\convnext-tiny-production\Te-me_135__meningioma__highlighted.png,convnext_tiny,meningioma,0.9915110468864441,ok,
data\raw\974e32f0fa628a307ba1bc2ec7f48d137b8190da0582678d7c5c75c8120bf383\Testing\meningioma\Te-me_136.jpg,artifacts\inference\convnext-tiny-production\Te-me_136__glioma__highlighted.png,convnext_tiny,glioma,0.9995130300521851,ok,
data\raw\974e32f0fa628a307ba1bc2ec7f48d137b8190da0582678d7c5c75c8120bf383\Testing\meningioma\Te-me_137.jpg,artifacts\inference\convnext-tiny-production\Te-me_137__meningioma__highlighted.png,convnext_tiny,meningioma,0.9999681711196899,ok,
data\raw\974e32f0fa628a307ba1bc2ec7f48d137b8190da0582678d7c5c75c8120bf383\Testing\meningioma\Te-me_138.jpg,artifacts\inference\convnext-tiny-production\Te-me_138__meningioma__highlighted.png,convnext_tiny,meningioma,0.9966827034950256,ok,
data\raw\974e32f0fa628a307ba1bc2ec7f48d137b8190da0582678d7c5c75c8120bf383\Testing\meningioma\Te-me_139.jpg,artifacts\inference\convnext-tiny-production\Te-me_139__meningioma__highlighted.png,convnext_tiny,meningioma,0.9999929666519165,ok,
data\raw\974e32f0fa628a307ba1bc2ec7f48d137b8190da0582678d7c5c75c8120bf383\Testing\meningioma\Te-me_14.jpg,artifacts\inference\convnext-tiny-production\Te-me_14__glioma__highlighted.png,convnext_tiny,glioma,0.9772023558616638,ok,
data\raw\974e32f0fa628a307ba1bc2ec7f48d137b8190da0582678d7c5c75c8120bf383\Testing\meningioma\Te-me_140.jpg,artifacts\inference\convnext-tiny-production\Te-me_140__meningioma__highlighted.png,convnext_tiny,meningioma,1.0,ok,
data\raw\974e32f0fa628a307ba1bc2ec7f48d137b8190da0582678d7c5c75c8120bf383\Testing\meningioma\Te-me_141.jpg,artifacts\inference\convnext-tiny-production\Te-me_141__meningioma__highlighted.png,convnext_tiny,meningioma,0.9998692274093628,ok,
data\raw\974e32f0fa628a307ba1bc2ec7f48d137b8190da0582678d7c5c75c8120bf383\Testing\meningioma\Te-me_142.jpg,artifacts\inference\convnext-tiny-production\Te-me_142__meningioma__highlighted.png,convnext_tiny,meningioma,0.9999996423721313,ok,
data\raw\974e32f0fa628a307ba1bc2ec7f48d137b8190da0582678d7c5c75c8120bf383\Testing\meningioma\Te-me_143.jpg,artifacts\inference\convnext-tiny-production\Te-me_143__meningioma__highlighted.png,convnext_tiny,meningioma,0.9980437755584717,ok,
data\raw\974e32f0fa628a307ba1bc2ec7f48d137b8190da0582678d7c5c75c8120bf383\Testing\meningioma\Te-me_144.jpg,artifacts\inference\convnext-tiny-production\Te-me_144__meningioma__highlighted.png,convnext_tiny,meningioma,0.9795522093772888,ok,
data\raw\974e32f0fa628a307ba1bc2ec7f48d137b8190da0582678d7c5c75c8120bf383\Testing\meningioma\Te-me_145.jpg,artifacts\inference\convnext-tiny-production\Te-me_145__meningioma__highlighted.png,convnext_tiny,meningioma,0.9999794960021973,ok,
data\raw\974e32f0fa628a307ba1bc2ec7f48d137b8190da0582678d7c5c75c8120bf383\Testing\meningioma\Te-me_146.jpg,artifacts\inference\convnext-tiny-production\Te-me_146__meningioma__highlighted.png,convnext_tiny,meningioma,0.9999856948852539,ok,
data\raw\974e32f0fa628a307ba1bc2ec7f48d137b8190da0582678d7c5c75c8120bf383\Testing\meningioma\Te-me_147.jpg,artifacts\inference\convnext-tiny-production\Te-me_147__meningioma__highlighted.png,convnext_tiny,meningioma,0.9984630346298218,ok,
data\raw\974e32f0fa628a307ba1bc2ec7f48d137b8190da0582678d7c5c75c8120bf383\Testing\meningioma\Te-me_148.jpg,artifacts\inference\convnext-tiny-production\Te-me_148__meningioma__highlighted.png,convnext_tiny,meningioma,0.9501639604568481,ok,
data\raw\974e32f0fa628a307ba1bc2ec7f48d137b8190da0582678d7c5c75c8120bf383\Testing\meningioma\Te-me_149.jpg,artifacts\inference\convnext-tiny-production\Te-me_149__meningioma__highlighted.png,convnext_tiny,meningioma,1.0,ok,
data\raw\974e32f0fa628a307ba1bc2ec7f48d137b8190da0582678d7c5c75c8120bf383\Testing\meningioma\Te-me_15.jpg,artifacts\inference\convnext-tiny-production\Te-me_15__meningioma__highlighted.png,convnext_tiny,meningioma,0.9973320960998535,ok,
data\raw\974e32f0fa628a307ba1bc2ec7f48d137b8190da0582678d7c5c75c8120bf383\Testing\meningioma\Te-me_150.jpg,artifacts\inference\convnext-tiny-production\Te-me_150__meningioma__highlighted.png,convnext_tiny,meningioma,0.9999947547912598,ok,
data\raw\974e32f0fa628a307ba1bc2ec7f48d137b8190da0582678d7c5c75c8120bf383\Testing\meningioma\Te-me_151.jpg,artifacts\inference\convnext-tiny-production\Te-me_151__meningioma__highlighted.png,convnext_tiny,meningioma,0.9933423399925232,ok,
data\raw\974e32f0fa628a307ba1bc2ec7f48d137b8190da0582678d7c5c75c8120bf383\Testing\meningioma\Te-me_152.jpg,artifacts\inference\convnext-tiny-production\Te-me_152__meningioma__highlighted.png,convnext_tiny,meningioma,0.9999996423721313,ok,
data\raw\974e32f0fa628a307ba1bc2ec7f48d137b8190da0582678d7c5c75c8120bf383\Testing\meningioma\Te-me_153.jpg,artifacts\inference\convnext-tiny-production\Te-me_153__meningioma__highlighted.png,convnext_tiny,meningioma,0.9928486347198486,ok,
data\raw\974e32f0fa628a307ba1bc2ec7f48d137b8190da0582678d7c5c75c8120bf383\Testing\meningioma\Te-me_154.jpg,artifacts\inference\convnext-tiny-production\Te-me_154__meningioma__highlighted.png,convnext_tiny,meningioma,0.9999991655349731,ok,
data\raw\974e32f0fa628a307ba1bc2ec7f48d137b8190da0582678d7c5c75c8120bf383\Testing\meningioma\Te-me_155.jpg,artifacts\inference\convnext-tiny-production\Te-me_155__meningioma__highlighted.png,convnext_tiny,meningioma,0.9999617338180542,ok,
data\raw\974e32f0fa628a307ba1bc2ec7f48d137b8190da0582678d7c5c75c8120bf383\Testing\meningioma\Te-me_156.jpg,artifacts\inference\convnext-tiny-production\Te-me_156__meningioma__highlighted.png,convnext_tiny,meningioma,0.9988445043563843,ok,
data\raw\974e32f0fa628a307ba1bc2ec7f48d137b8190da0582678d7c5c75c8120bf383\Testing\meningioma\Te-me_157.jpg,artifacts\inference\convnext-tiny-production\Te-me_157__meningioma__highlighted.png,convnext_tiny,meningioma,0.9999998807907104,ok,
data\raw\974e32f0fa628a307ba1bc2ec7f48d137b8190da0582678d7c5c75c8120bf383\Testing\meningioma\Te-me_158.jpg,artifacts\inference\convnext-tiny-production\Te-me_158__meningioma__highlighted.png,convnext_tiny,meningioma,0.9589769840240479,ok,
data\raw\974e32f0fa628a307ba1bc2ec7f48d137b8190da0582678d7c5c75c8120bf383\Testing\meningioma\Te-me_159.jpg,artifacts\inference\convnext-tiny-production\Te-me_159__meningioma__highlighted.png,convnext_tiny,meningioma,0.9998643398284912,ok,
data\raw\974e32f0fa628a307ba1bc2ec7f48d137b8190da0582678d7c5c75c8120bf383\Testing\meningioma\Te-me_16.jpg,artifacts\inference\convnext-tiny-production\Te-me_16__meningioma__highlighted.png,convnext_tiny,meningioma,0.9999946355819702,ok,
data\raw\974e32f0fa628a307ba1bc2ec7f48d137b8190da0582678d7c5c75c8120bf383\Testing\meningioma\Te-me_160.jpg,artifacts\inference\convnext-tiny-production\Te-me_160__meningioma__highlighted.png,convnext_tiny,meningioma,0.9999995231628418,ok,
data\raw\974e32f0fa628a307ba1bc2ec7f48d137b8190da0582678d7c5c75c8120bf383\Testing\meningioma\Te-me_161.jpg,artifacts\inference\convnext-tiny-production\Te-me_161__meningioma__highlighted.png,convnext_tiny,meningioma,1.0,ok,
data\raw\974e32f0fa628a307ba1bc2ec7f48d137b8190da0582678d7c5c75c8120bf383\Testing\meningioma\Te-me_162.jpg,artifacts\inference\convnext-tiny-production\Te-me_162__meningioma__highlighted.png,convnext_tiny,meningioma,0.9995195865631104,ok,
data\raw\974e32f0fa628a307ba1bc2ec7f48d137b8190da0582678d7c5c75c8120bf383\Testing\meningioma\Te-me_163.jpg,artifacts\inference\convnext-tiny-production\Te-me_163__meningioma__highlighted.png,convnext_tiny,meningioma,0.9999927282333374,ok,
data\raw\974e32f0fa628a307ba1bc2ec7f48d137b8190da0582678d7c5c75c8120bf383\Testing\meningioma\Te-me_164.jpg,artifacts\inference\convnext-tiny-production\Te-me_164__meningioma__highlighted.png,convnext_tiny,meningioma,0.9999998807907104,ok,
data\raw\974e32f0fa628a307ba1bc2ec7f48d137b8190da0582678d7c5c75c8120bf383\Testing\meningioma\Te-me_165.jpg,artifacts\inference\convnext-tiny-production\Te-me_165__meningioma__highlighted.png,convnext_tiny,meningioma,0.9998599290847778,ok,
data\raw\974e32f0fa628a307ba1bc2ec7f48d137b8190da0582678d7c5c75c8120bf383\Testing\meningioma\Te-me_166.jpg,artifacts\inference\convnext-tiny-production\Te-me_166__meningioma__highlighted.png,convnext_tiny,meningioma,0.9999986886978149,ok,
data\raw\974e32f0fa628a307ba1bc2ec7f48d137b8190da0582678d7c5c75c8120bf383\Testing\meningioma\Te-me_167.jpg,artifacts\inference\convnext-tiny-production\Te-me_167__meningioma__highlighted.png,convnext_tiny,meningioma,0.9978959560394287,ok,
data\raw\974e32f0fa628a307ba1bc2ec7f48d137b8190da0582678d7c5c75c8120bf383\Testing\meningioma\Te-me_168.jpg,artifacts\inference\convnext-tiny-production\Te-me_168__meningioma__highlighted.png,convnext_tiny,meningioma,0.999460756778717,ok,
data\raw\974e32f0fa628a307ba1bc2ec7f48d137b8190da0582678d7c5c75c8120bf383\Testing\meningioma\Te-me_169.jpg,artifacts\inference\convnext-tiny-production\Te-me_169__pituitary__highlighted.png,convnext_tiny,pituitary,0.8776491284370422,ok,
data\raw\974e32f0fa628a307ba1bc2ec7f48d137b8190da0582678d7c5c75c8120bf383\Testing\meningioma\Te-me_17.jpg,artifacts\inference\convnext-tiny-production\Te-me_17__meningioma__highlighted.png,convnext_tiny,meningioma,0.9998226761817932,ok,
data\raw\974e32f0fa628a307ba1bc2ec7f48d137b8190da0582678d7c5c75c8120bf383\Testing\meningioma\Te-me_170.jpg,artifacts\inference\convnext-tiny-production\Te-me_170__meningioma__highlighted.png,convnext_tiny,meningioma,0.9999884366989136,ok,
data\raw\974e32f0fa628a307ba1bc2ec7f48d137b8190da0582678d7c5c75c8120bf383\Testing\meningioma\Te-me_171.jpg,artifacts\inference\convnext-tiny-production\Te-me_171__meningioma__highlighted.png,convnext_tiny,meningioma,0.999934196472168,ok,
data\raw\974e32f0fa628a307ba1bc2ec7f48d137b8190da0582678d7c5c75c8120bf383\Testing\meningioma\Te-me_172.jpg,artifacts\inference\convnext-tiny-production\Te-me_172__meningioma__highlighted.png,convnext_tiny,meningioma,0.9999998807907104,ok,
data\raw\974e32f0fa628a307ba1bc2ec7f48d137b8190da0582678d7c5c75c8120bf383\Testing\meningioma\Te-me_173.jpg,artifacts\inference\convnext-tiny-production\Te-me_173__meningioma__highlighted.png,convnext_tiny,meningioma,0.9999932050704956,ok,
data\raw\974e32f0fa628a307ba1bc2ec7f48d137b8190da0582678d7c5c75c8120bf383\Testing\meningioma\Te-me_174.jpg,artifacts\inference\convnext-tiny-production\Te-me_174__meningioma__highlighted.png,convnext_tiny,meningioma,0.9999992847442627,ok,
data\raw\974e32f0fa628a307ba1bc2ec7f48d137b8190da0582678d7c5c75c8120bf383\Testing\meningioma\Te-me_175.jpg,artifacts\inference\convnext-tiny-production\Te-me_175__meningioma__highlighted.png,convnext_tiny,meningioma,0.9999936819076538,ok,
data\raw\974e32f0fa628a307ba1bc2ec7f48d137b8190da0582678d7c5c75c8120bf383\Testing\meningioma\Te-me_176.jpg,artifacts\inference\convnext-tiny-production\Te-me_176__meningioma__highlighted.png,convnext_tiny,meningioma,0.9999946355819702,ok,
data\raw\974e32f0fa628a307ba1bc2ec7f48d137b8190da0582678d7c5c75c8120bf383\Testing\meningioma\Te-me_177.jpg,artifacts\inference\convnext-tiny-production\Te-me_177__meningioma__highlighted.png,convnext_tiny,meningioma,0.9999959468841553,ok,
data\raw\974e32f0fa628a307ba1bc2ec7f48d137b8190da0582678d7c5c75c8120bf383\Testing\meningioma\Te-me_178.jpg,artifacts\inference\convnext-tiny-production\Te-me_178__meningioma__highlighted.png,convnext_tiny,meningioma,0.9984346032142639,ok,
data\raw\974e32f0fa628a307ba1bc2ec7f48d137b8190da0582678d7c5c75c8120bf383\Testing\meningioma\Te-me_179.jpg,artifacts\inference\convnext-tiny-production\Te-me_179__meningioma__highlighted.png,convnext_tiny,meningioma,0.999897837638855,ok,
data\raw\974e32f0fa628a307ba1bc2ec7f48d137b8190da0582678d7c5c75c8120bf383\Testing\meningioma\Te-me_18.jpg,artifacts\inference\convnext-tiny-production\Te-me_18__meningioma__highlighted.png,convnext_tiny,meningioma,0.9999431371688843,ok,
data\raw\974e32f0fa628a307ba1bc2ec7f48d137b8190da0582678d7c5c75c8120bf383\Testing\meningioma\Te-me_180.jpg,artifacts\inference\convnext-tiny-production\Te-me_180__meningioma__highlighted.png,convnext_tiny,meningioma,0.9999998807907104,ok,
data\raw\974e32f0fa628a307ba1bc2ec7f48d137b8190da0582678d7c5c75c8120bf383\Testing\meningioma\Te-me_181.jpg,artifacts\inference\convnext-tiny-production\Te-me_181__meningioma__highlighted.png,convnext_tiny,meningioma,0.9997331500053406,ok,
data\raw\974e32f0fa628a307ba1bc2ec7f48d137b8190da0582678d7c5c75c8120bf383\Testing\meningioma\Te-me_182.jpg,artifacts\inference\convnext-tiny-production\Te-me_182__meningioma__highlighted.png,convnext_tiny,meningioma,0.9999796152114868,ok,
data\raw\974e32f0fa628a307ba1bc2ec7f48d137b8190da0582678d7c5c75c8120bf383\Testing\meningioma\Te-me_183.jpg,artifacts\inference\convnext-tiny-production\Te-me_183__meningioma__highlighted.png,convnext_tiny,meningioma,0.9999897480010986,ok,
data\raw\974e32f0fa628a307ba1bc2ec7f48d137b8190da0582678d7c5c75c8120bf383\Testing\meningioma\Te-me_184.jpg,artifacts\inference\convnext-tiny-production\Te-me_184__meningioma__highlighted.png,convnext_tiny,meningioma,0.9971442818641663,ok,
data\raw\974e32f0fa628a307ba1bc2ec7f48d137b8190da0582678d7c5c75c8120bf383\Testing\meningioma\Te-me_185.jpg,artifacts\inference\convnext-tiny-production\Te-me_185__meningioma__highlighted.png,convnext_tiny,meningioma,0.9999803304672241,ok,
data\raw\974e32f0fa628a307ba1bc2ec7f48d137b8190da0582678d7c5c75c8120bf383\Testing\meningioma\Te-me_186.jpg,artifacts\inference\convnext-tiny-production\Te-me_186__meningioma__highlighted.png,convnext_tiny,meningioma,0.9952587485313416,ok,
data\raw\974e32f0fa628a307ba1bc2ec7f48d137b8190da0582678d7c5c75c8120bf383\Testing\meningioma\Te-me_187.jpg,artifacts\inference\convnext-tiny-production\Te-me_187__meningioma__highlighted.png,convnext_tiny,meningioma,0.9999898672103882,ok,
data\raw\974e32f0fa628a307ba1bc2ec7f48d137b8190da0582678d7c5c75c8120bf383\Testing\meningioma\Te-me_188.jpg,artifacts\inference\convnext-tiny-production\Te-me_188__meningioma__highlighted.png,convnext_tiny,meningioma,0.5161765813827515,ok,
data\raw\974e32f0fa628a307ba1bc2ec7f48d137b8190da0582678d7c5c75c8120bf383\Testing\meningioma\Te-me_189.jpg,artifacts\inference\convnext-tiny-production\Te-me_189__meningioma__highlighted.png,convnext_tiny,meningioma,1.0,ok,
data\raw\974e32f0fa628a307ba1bc2ec7f48d137b8190da0582678d7c5c75c8120bf383\Testing\meningioma\Te-me_19.jpg,artifacts\inference\convnext-tiny-production\Te-me_19__meningioma__highlighted.png,convnext_tiny,meningioma,0.9926365613937378,ok,
data\raw\974e32f0fa628a307ba1bc2ec7f48d137b8190da0582678d7c5c75c8120bf383\Testing\meningioma\Te-me_190.jpg,artifacts\inference\convnext-tiny-production\Te-me_190__meningioma__highlighted.png,convnext_tiny,meningioma,0.8383334279060364,ok,
data\raw\974e32f0fa628a307ba1bc2ec7f48d137b8190da0582678d7c5c75c8120bf383\Testing\meningioma\Te-me_191.jpg,artifacts\inference\convnext-tiny-production\Te-me_191__meningioma__highlighted.png,convnext_tiny,meningioma,0.9999278783798218,ok,
data\raw\974e32f0fa628a307ba1bc2ec7f48d137b8190da0582678d7c5c75c8120bf383\Testing\meningioma\Te-me_192.jpg,artifacts\inference\convnext-tiny-production\Te-me_192__meningioma__highlighted.png,convnext_tiny,meningioma,0.9999996423721313,ok,
data\raw\974e32f0fa628a307ba1bc2ec7f48d137b8190da0582678d7c5c75c8120bf383\Testing\meningioma\Te-me_193.jpg,artifacts\inference\convnext-tiny-production\Te-me_193__meningioma__highlighted.png,convnext_tiny,meningioma,0.9998949766159058,ok,
data\raw\974e32f0fa628a307ba1bc2ec7f48d137b8190da0582678d7c5c75c8120bf383\Testing\meningioma\Te-me_194.jpg,artifacts\inference\convnext-tiny-production\Te-me_194__meningioma__highlighted.png,convnext_tiny,meningioma,1.0,ok,
data\raw\974e32f0fa628a307ba1bc2ec7f48d137b8190da0582678d7c5c75c8120bf383\Testing\meningioma\Te-me_195.jpg,artifacts\inference\convnext-tiny-production\Te-me_195__meningioma__highlighted.png,convnext_tiny,meningioma,0.999987006187439,ok,
data\raw\974e32f0fa628a307ba1bc2ec7f48d137b8190da0582678d7c5c75c8120bf383\Testing\meningioma\Te-me_196.jpg,artifacts\inference\convnext-tiny-production\Te-me_196__meningioma__highlighted.png,convnext_tiny,meningioma,1.0,ok,
data\raw\974e32f0fa628a307ba1bc2ec7f48d137b8190da0582678d7c5c75c8120bf383\Testing\meningioma\Te-me_197.jpg,artifacts\inference\convnext-tiny-production\Te-me_197__meningioma__highlighted.png,convnext_tiny,meningioma,0.9999964237213135,ok,
data\raw\974e32f0fa628a307ba1bc2ec7f48d137b8190da0582678d7c5c75c8120bf383\Testing\meningioma\Te-me_198.jpg,artifacts\inference\convnext-tiny-production\Te-me_198__meningioma__highlighted.png,convnext_tiny,meningioma,0.999897837638855,ok,
data\raw\974e32f0fa628a307ba1bc2ec7f48d137b8190da0582678d7c5c75c8120bf383\Testing\meningioma\Te-me_199.jpg,artifacts\inference\convnext-tiny-production\Te-me_199__meningioma__highlighted.png,convnext_tiny,meningioma,1.0,ok,
data\raw\974e32f0fa628a307ba1bc2ec7f48d137b8190da0582678d7c5c75c8120bf383\Testing\meningioma\Te-me_2.jpg,artifacts\inference\convnext-tiny-production\Te-me_2__meningioma__highlighted.png,convnext_tiny,meningioma,0.9997641444206238,ok,
data\raw\974e32f0fa628a307ba1bc2ec7f48d137b8190da0582678d7c5c75c8120bf383\Testing\meningioma\Te-me_20.jpg,artifacts\inference\convnext-tiny-production\Te-me_20__meningioma__highlighted.png,convnext_tiny,meningioma,1.0,ok,
data\raw\974e32f0fa628a307ba1bc2ec7f48d137b8190da0582678d7c5c75c8120bf383\Testing\meningioma\Te-me_200.jpg,artifacts\inference\convnext-tiny-production\Te-me_200__meningioma__highlighted.png,convnext_tiny,meningioma,0.9896228313446045,ok,
data\raw\974e32f0fa628a307ba1bc2ec7f48d137b8190da0582678d7c5c75c8120bf383\Testing\meningioma\Te-me_201.jpg,artifacts\inference\convnext-tiny-production\Te-me_201__meningioma__highlighted.png,convnext_tiny,meningioma,0.9986510872840881,ok,
data\raw\974e32f0fa628a307ba1bc2ec7f48d137b8190da0582678d7c5c75c8120bf383\Testing\meningioma\Te-me_202.jpg,artifacts\inference\convnext-tiny-production\Te-me_202__meningioma__highlighted.png,convnext_tiny,meningioma,0.9995476603507996,ok,
data\raw\974e32f0fa628a307ba1bc2ec7f48d137b8190da0582678d7c5c75c8120bf383\Testing\meningioma\Te-me_203.jpg,artifacts\inference\convnext-tiny-production\Te-me_203__meningioma__highlighted.png,convnext_tiny,meningioma,0.9999991655349731,ok,
data\raw\974e32f0fa628a307ba1bc2ec7f48d137b8190da0582678d7c5c75c8120bf383\Testing\meningioma\Te-me_204.jpg,artifacts\inference\convnext-tiny-production\Te-me_204__meningioma__highlighted.png,convnext_tiny,meningioma,0.9951252341270447,ok,
data\raw\974e32f0fa628a307ba1bc2ec7f48d137b8190da0582678d7c5c75c8120bf383\Testing\meningioma\Te-me_205.jpg,artifacts\inference\convnext-tiny-production\Te-me_205__meningioma__highlighted.png,convnext_tiny,meningioma,0.9999557733535767,ok,
data\raw\974e32f0fa628a307ba1bc2ec7f48d137b8190da0582678d7c5c75c8120bf383\Testing\meningioma\Te-me_206.jpg,artifacts\inference\convnext-tiny-production\Te-me_206__meningioma__highlighted.png,convnext_tiny,meningioma,0.9972151517868042,ok,
data\raw\974e32f0fa628a307ba1bc2ec7f48d137b8190da0582678d7c5c75c8120bf383\Testing\meningioma\Te-me_207.jpg,artifacts\inference\convnext-tiny-production\Te-me_207__meningioma__highlighted.png,convnext_tiny,meningioma,0.9998297691345215,ok,
data\raw\974e32f0fa628a307ba1bc2ec7f48d137b8190da0582678d7c5c75c8120bf383\Testing\meningioma\Te-me_208.jpg,artifacts\inference\convnext-tiny-production\Te-me_208__meningioma__highlighted.png,convnext_tiny,meningioma,0.9983232617378235,ok,
data\raw\974e32f0fa628a307ba1bc2ec7f48d137b8190da0582678d7c5c75c8120bf383\Testing\meningioma\Te-me_209.jpg,artifacts\inference\convnext-tiny-production\Te-me_209__meningioma__highlighted.png,convnext_tiny,meningioma,0.9941197633743286,ok,
data\raw\974e32f0fa628a307ba1bc2ec7f48d137b8190da0582678d7c5c75c8120bf383\Testing\meningioma\Te-me_21.jpg,artifacts\inference\convnext-tiny-production\Te-me_21__meningioma__highlighted.png,convnext_tiny,meningioma,0.9999970197677612,ok,
data\raw\974e32f0fa628a307ba1bc2ec7f48d137b8190da0582678d7c5c75c8120bf383\Testing\meningioma\Te-me_210.jpg,artifacts\inference\convnext-tiny-production\Te-me_210__meningioma__highlighted.png,convnext_tiny,meningioma,1.0,ok,
data\raw\974e32f0fa628a307ba1bc2ec7f48d137b8190da0582678d7c5c75c8120bf383\Testing\meningioma\Te-me_211.jpg,artifacts\inference\convnext-tiny-production\Te-me_211__meningioma__highlighted.png,convnext_tiny,meningioma,0.9999998807907104,ok,
data\raw\974e32f0fa628a307ba1bc2ec7f48d137b8190da0582678d7c5c75c8120bf383\Testing\meningioma\Te-me_212.jpg,artifacts\inference\convnext-tiny-production\Te-me_212__meningioma__highlighted.png,convnext_tiny,meningioma,0.9999935626983643,ok,
data\raw\974e32f0fa628a307ba1bc2ec7f48d137b8190da0582678d7c5c75c8120bf383\Testing\meningioma\Te-me_213.jpg,artifacts\inference\convnext-tiny-production\Te-me_213__meningioma__highlighted.png,convnext_tiny,meningioma,0.9998581409454346,ok,
data\raw\974e32f0fa628a307ba1bc2ec7f48d137b8190da0582678d7c5c75c8120bf383\Testing\meningioma\Te-me_214.jpg,artifacts\inference\convnext-tiny-production\Te-me_214__meningioma__highlighted.png,convnext_tiny,meningioma,0.9999884366989136,ok,
data\raw\974e32f0fa628a307ba1bc2ec7f48d137b8190da0582678d7c5c75c8120bf383\Testing\meningioma\Te-me_215.jpg,artifacts\inference\convnext-tiny-production\Te-me_215__meningioma__highlighted.png,convnext_tiny,meningioma,0.9999982118606567,ok,
data\raw\974e32f0fa628a307ba1bc2ec7f48d137b8190da0582678d7c5c75c8120bf383\Testing\meningioma\Te-me_216.jpg,artifacts\inference\convnext-tiny-production\Te-me_216__meningioma__highlighted.png,convnext_tiny,meningioma,0.9999918937683105,ok,
data\raw\974e32f0fa628a307ba1bc2ec7f48d137b8190da0582678d7c5c75c8120bf383\Testing\meningioma\Te-me_217.jpg,artifacts\inference\convnext-tiny-production\Te-me_217__meningioma__highlighted.png,convnext_tiny,meningioma,0.9999967813491821,ok,
data\raw\974e32f0fa628a307ba1bc2ec7f48d137b8190da0582678d7c5c75c8120bf383\Testing\meningioma\Te-me_218.jpg,artifacts\inference\convnext-tiny-production\Te-me_218__meningioma__highlighted.png,convnext_tiny,meningioma,1.0,ok,
data\raw\974e32f0fa628a307ba1bc2ec7f48d137b8190da0582678d7c5c75c8120bf383\Testing\meningioma\Te-me_219.jpg,artifacts\inference\convnext-tiny-production\Te-me_219__glioma__highlighted.png,convnext_tiny,glioma,0.9922217726707458,ok,
data\raw\974e32f0fa628a307ba1bc2ec7f48d137b8190da0582678d7c5c75c8120bf383\Testing\meningioma\Te-me_22.jpg,artifacts\inference\convnext-tiny-production\Te-me_22__meningioma__highlighted.png,convnext_tiny,meningioma,0.9999998807907104,ok,
data\raw\974e32f0fa628a307ba1bc2ec7f48d137b8190da0582678d7c5c75c8120bf383\Testing\meningioma\Te-me_220.jpg,artifacts\inference\convnext-tiny-production\Te-me_220__meningioma__highlighted.png,convnext_tiny,meningioma,0.9999399185180664,ok,
data\raw\974e32f0fa628a307ba1bc2ec7f48d137b8190da0582678d7c5c75c8120bf383\Testing\meningioma\Te-me_221.jpg,artifacts\inference\convnext-tiny-production\Te-me_221__meningioma__highlighted.png,convnext_tiny,meningioma,0.9999973773956299,ok,
data\raw\974e32f0fa628a307ba1bc2ec7f48d137b8190da0582678d7c5c75c8120bf383\Testing\meningioma\Te-me_222.jpg,artifacts\inference\convnext-tiny-production\Te-me_222__meningioma__highlighted.png,convnext_tiny,meningioma,0.9999983310699463,ok,
data\raw\974e32f0fa628a307ba1bc2ec7f48d137b8190da0582678d7c5c75c8120bf383\Testing\meningioma\Te-me_223.jpg,artifacts\inference\convnext-tiny-production\Te-me_223__meningioma__highlighted.png,convnext_tiny,meningioma,0.9999774694442749,ok,
data\raw\974e32f0fa628a307ba1bc2ec7f48d137b8190da0582678d7c5c75c8120bf383\Testing\meningioma\Te-me_224.jpg,artifacts\inference\convnext-tiny-production\Te-me_224__glioma__highlighted.png,convnext_tiny,glioma,0.4826680123806,ok,
data\raw\974e32f0fa628a307ba1bc2ec7f48d137b8190da0582678d7c5c75c8120bf383\Testing\meningioma\Te-me_225.jpg,artifacts\inference\convnext-tiny-production\Te-me_225__meningioma__highlighted.png,convnext_tiny,meningioma,0.9958211183547974,ok,
data\raw\974e32f0fa628a307ba1bc2ec7f48d137b8190da0582678d7c5c75c8120bf383\Testing\meningioma\Te-me_226.jpg,artifacts\inference\convnext-tiny-production\Te-me_226__meningioma__highlighted.png,convnext_tiny,meningioma,0.9974175691604614,ok,
data\raw\974e32f0fa628a307ba1bc2ec7f48d137b8190da0582678d7c5c75c8120bf383\Testing\meningioma\Te-me_227.jpg,artifacts\inference\convnext-tiny-production\Te-me_227__meningioma__highlighted.png,convnext_tiny,meningioma,0.9252609014511108,ok,
data\raw\974e32f0fa628a307ba1bc2ec7f48d137b8190da0582678d7c5c75c8120bf383\Testing\meningioma\Te-me_228.jpg,artifacts\inference\convnext-tiny-production\Te-me_228__meningioma__highlighted.png,convnext_tiny,meningioma,0.9993284940719604,ok,
data\raw\974e32f0fa628a307ba1bc2ec7f48d137b8190da0582678d7c5c75c8120bf383\Testing\meningioma\Te-me_229.jpg,artifacts\inference\convnext-tiny-production\Te-me_229__meningioma__highlighted.png,convnext_tiny,meningioma,0.9996308088302612,ok,
data\raw\974e32f0fa628a307ba1bc2ec7f48d137b8190da0582678d7c5c75c8120bf383\Testing\meningioma\Te-me_23.jpg,artifacts\inference\convnext-tiny-production\Te-me_23__meningioma__highlighted.png,convnext_tiny,meningioma,0.9872849583625793,ok,
data\raw\974e32f0fa628a307ba1bc2ec7f48d137b8190da0582678d7c5c75c8120bf383\Testing\meningioma\Te-me_230.jpg,artifacts\inference\convnext-tiny-production\Te-me_230__meningioma__highlighted.png,convnext_tiny,meningioma,0.9999998807907104,ok,
data\raw\974e32f0fa628a307ba1bc2ec7f48d137b8190da0582678d7c5c75c8120bf383\Testing\meningioma\Te-me_231.jpg,artifacts\inference\convnext-tiny-production\Te-me_231__meningioma__highlighted.png,convnext_tiny,meningioma,0.9997202754020691,ok,
data\raw\974e32f0fa628a307ba1bc2ec7f48d137b8190da0582678d7c5c75c8120bf383\Testing\meningioma\Te-me_232.jpg,artifacts\inference\convnext-tiny-production\Te-me_232__meningioma__highlighted.png,convnext_tiny,meningioma,0.999997615814209,ok,
data\raw\974e32f0fa628a307ba1bc2ec7f48d137b8190da0582678d7c5c75c8120bf383\Testing\meningioma\Te-me_233.jpg,artifacts\inference\convnext-tiny-production\Te-me_233__meningioma__highlighted.png,convnext_tiny,meningioma,0.9998573064804077,ok,
data\raw\974e32f0fa628a307ba1bc2ec7f48d137b8190da0582678d7c5c75c8120bf383\Testing\meningioma\Te-me_234.jpg,artifacts\inference\convnext-tiny-production\Te-me_234__meningioma__highlighted.png,convnext_tiny,meningioma,0.9962114095687866,ok,
data\raw\974e32f0fa628a307ba1bc2ec7f48d137b8190da0582678d7c5c75c8120bf383\Testing\meningioma\Te-me_235.jpg,artifacts\inference\convnext-tiny-production\Te-me_235__meningioma__highlighted.png,convnext_tiny,meningioma,0.9999983310699463,ok,
data\raw\974e32f0fa628a307ba1bc2ec7f48d137b8190da0582678d7c5c75c8120bf383\Testing\meningioma\Te-me_236.jpg,artifacts\inference\convnext-tiny-production\Te-me_236__meningioma__highlighted.png,convnext_tiny,meningioma,0.9999979734420776,ok,
data\raw\974e32f0fa628a307ba1bc2ec7f48d137b8190da0582678d7c5c75c8120bf383\Testing\meningioma\Te-me_237.jpg,artifacts\inference\convnext-tiny-production\Te-me_237__meningioma__highlighted.png,convnext_tiny,meningioma,0.9984816908836365,ok,
data\raw\974e32f0fa628a307ba1bc2ec7f48d137b8190da0582678d7c5c75c8120bf383\Testing\meningioma\Te-me_238.jpg,artifacts\inference\convnext-tiny-production\Te-me_238__meningioma__highlighted.png,convnext_tiny,meningioma,0.9999873638153076,ok,
data\raw\974e32f0fa628a307ba1bc2ec7f48d137b8190da0582678d7c5c75c8120bf383\Testing\meningioma\Te-me_239.jpg,artifacts\inference\convnext-tiny-production\Te-me_239__meningioma__highlighted.png,convnext_tiny,meningioma,0.9999854564666748,ok,
data\raw\974e32f0fa628a307ba1bc2ec7f48d137b8190da0582678d7c5c75c8120bf383\Testing\meningioma\Te-me_24.jpg,artifacts\inference\convnext-tiny-production\Te-me_24__meningioma__highlighted.png,convnext_tiny,meningioma,0.9757435917854309,ok,
data\raw\974e32f0fa628a307ba1bc2ec7f48d137b8190da0582678d7c5c75c8120bf383\Testing\meningioma\Te-me_240.jpg,artifacts\inference\convnext-tiny-production\Te-me_240__pituitary__highlighted.png,convnext_tiny,pituitary,0.5188331604003906,ok,
data\raw\974e32f0fa628a307ba1bc2ec7f48d137b8190da0582678d7c5c75c8120bf383\Testing\meningioma\Te-me_241.jpg,artifacts\inference\convnext-tiny-production\Te-me_241__meningioma__highlighted.png,convnext_tiny,meningioma,0.9998692274093628,ok,
data\raw\974e32f0fa628a307ba1bc2ec7f48d137b8190da0582678d7c5c75c8120bf383\Testing\meningioma\Te-me_242.jpg,artifacts\inference\convnext-tiny-production\Te-me_242__meningioma__highlighted.png,convnext_tiny,meningioma,0.9905650615692139,ok,
data\raw\974e32f0fa628a307ba1bc2ec7f48d137b8190da0582678d7c5c75c8120bf383\Testing\meningioma\Te-me_243.jpg,artifacts\inference\convnext-tiny-production\Te-me_243__meningioma__highlighted.png,convnext_tiny,meningioma,0.9999994039535522,ok,
data\raw\974e32f0fa628a307ba1bc2ec7f48d137b8190da0582678d7c5c75c8120bf383\Testing\meningioma\Te-me_244.jpg,artifacts\inference\convnext-tiny-production\Te-me_244__meningioma__highlighted.png,convnext_tiny,meningioma,0.9975423812866211,ok,
data\raw\974e32f0fa628a307ba1bc2ec7f48d137b8190da0582678d7c5c75c8120bf383\Testing\meningioma\Te-me_245.jpg,artifacts\inference\convnext-tiny-production\Te-me_245__meningioma__highlighted.png,convnext_tiny,meningioma,0.9970685839653015,ok,
data\raw\974e32f0fa628a307ba1bc2ec7f48d137b8190da0582678d7c5c75c8120bf383\Testing\meningioma\Te-me_246.jpg,artifacts\inference\convnext-tiny-production\Te-me_246__meningioma__highlighted.png,convnext_tiny,meningioma,1.0,ok,
data\raw\974e32f0fa628a307ba1bc2ec7f48d137b8190da0582678d7c5c75c8120bf383\Testing\meningioma\Te-me_247.jpg,artifacts\inference\convnext-tiny-production\Te-me_247__meningioma__highlighted.png,convnext_tiny,meningioma,0.9986652135848999,ok,
data\raw\974e32f0fa628a307ba1bc2ec7f48d137b8190da0582678d7c5c75c8120bf383\Testing\meningioma\Te-me_248.jpg,artifacts\inference\convnext-tiny-production\Te-me_248__meningioma__highlighted.png,convnext_tiny,meningioma,0.9928197264671326,ok,
data\raw\974e32f0fa628a307ba1bc2ec7f48d137b8190da0582678d7c5c75c8120bf383\Testing\meningioma\Te-me_249.jpg,artifacts\inference\convnext-tiny-production\Te-me_249__meningioma__highlighted.png,convnext_tiny,meningioma,0.9997640252113342,ok,
data\raw\974e32f0fa628a307ba1bc2ec7f48d137b8190da0582678d7c5c75c8120bf383\Testing\meningioma\Te-me_25.jpg,artifacts\inference\convnext-tiny-production\Te-me_25__meningioma__highlighted.png,convnext_tiny,meningioma,1.0,ok,
data\raw\974e32f0fa628a307ba1bc2ec7f48d137b8190da0582678d7c5c75c8120bf383\Testing\meningioma\Te-me_250.jpg,artifacts\inference\convnext-tiny-production\Te-me_250__meningioma__highlighted.png,convnext_tiny,meningioma,1.0,ok,
data\raw\974e32f0fa628a307ba1bc2ec7f48d137b8190da0582678d7c5c75c8120bf383\Testing\meningioma\Te-me_251.jpg,artifacts\inference\convnext-tiny-production\Te-me_251__meningioma__highlighted.png,convnext_tiny,meningioma,0.9988002777099609,ok,
data\raw\974e32f0fa628a307ba1bc2ec7f48d137b8190da0582678d7c5c75c8120bf383\Testing\meningioma\Te-me_252.jpg,artifacts\inference\convnext-tiny-production\Te-me_252__meningioma__highlighted.png,convnext_tiny,meningioma,0.9999221563339233,ok,
data\raw\974e32f0fa628a307ba1bc2ec7f48d137b8190da0582678d7c5c75c8120bf383\Testing\meningioma\Te-me_253.jpg,artifacts\inference\convnext-tiny-production\Te-me_253__meningioma__highlighted.png,convnext_tiny,meningioma,0.9999916553497314,ok,
data\raw\974e32f0fa628a307ba1bc2ec7f48d137b8190da0582678d7c5c75c8120bf383\Testing\meningioma\Te-me_254.jpg,artifacts\inference\convnext-tiny-production\Te-me_254__meningioma__highlighted.png,convnext_tiny,meningioma,0.9999996423721313,ok,
data\raw\974e32f0fa628a307ba1bc2ec7f48d137b8190da0582678d7c5c75c8120bf383\Testing\meningioma\Te-me_255.jpg,artifacts\inference\convnext-tiny-production\Te-me_255__meningioma__highlighted.png,convnext_tiny,meningioma,0.9999982118606567,ok,
data\raw\974e32f0fa628a307ba1bc2ec7f48d137b8190da0582678d7c5c75c8120bf383\Testing\meningioma\Te-me_256.jpg,artifacts\inference\convnext-tiny-production\Te-me_256__meningioma__highlighted.png,convnext_tiny,meningioma,0.9999942779541016,ok,
data\raw\974e32f0fa628a307ba1bc2ec7f48d137b8190da0582678d7c5c75c8120bf383\Testing\meningioma\Te-me_257.jpg,artifacts\inference\convnext-tiny-production\Te-me_257__meningioma__highlighted.png,convnext_tiny,meningioma,0.9999887943267822,ok,
data\raw\974e32f0fa628a307ba1bc2ec7f48d137b8190da0582678d7c5c75c8120bf383\Testing\meningioma\Te-me_258.jpg,artifacts\inference\convnext-tiny-production\Te-me_258__meningioma__highlighted.png,convnext_tiny,meningioma,0.9999995231628418,ok,
data\raw\974e32f0fa628a307ba1bc2ec7f48d137b8190da0582678d7c5c75c8120bf383\Testing\meningioma\Te-me_259.jpg,artifacts\inference\convnext-tiny-production\Te-me_259__meningioma__highlighted.png,convnext_tiny,meningioma,0.9970200657844543,ok,
data\raw\974e32f0fa628a307ba1bc2ec7f48d137b8190da0582678d7c5c75c8120bf383\Testing\meningioma\Te-me_26.jpg,artifacts\inference\convnext-tiny-production\Te-me_26__meningioma__highlighted.png,convnext_tiny,meningioma,0.9999423027038574,ok,
data\raw\974e32f0fa628a307ba1bc2ec7f48d137b8190da0582678d7c5c75c8120bf383\Testing\meningioma\Te-me_260.jpg,artifacts\inference\convnext-tiny-production\Te-me_260__meningioma__highlighted.png,convnext_tiny,meningioma,0.9999997615814209,ok,
data\raw\974e32f0fa628a307ba1bc2ec7f48d137b8190da0582678d7c5c75c8120bf383\Testing\meningioma\Te-me_261.jpg,artifacts\inference\convnext-tiny-production\Te-me_261__meningioma__highlighted.png,convnext_tiny,meningioma,0.9999997615814209,ok,
data\raw\974e32f0fa628a307ba1bc2ec7f48d137b8190da0582678d7c5c75c8120bf383\Testing\meningioma\Te-me_262.jpg,artifacts\inference\convnext-tiny-production\Te-me_262__meningioma__highlighted.png,convnext_tiny,meningioma,0.9999665021896362,ok,
data\raw\974e32f0fa628a307ba1bc2ec7f48d137b8190da0582678d7c5c75c8120bf383\Testing\meningioma\Te-me_263.jpg,artifacts\inference\convnext-tiny-production\Te-me_263__meningioma__highlighted.png,convnext_tiny,meningioma,0.9999996423721313,ok,
data\raw\974e32f0fa628a307ba1bc2ec7f48d137b8190da0582678d7c5c75c8120bf383\Testing\meningioma\Te-me_264.jpg,artifacts\inference\convnext-tiny-production\Te-me_264__meningioma__highlighted.png,convnext_tiny,meningioma,0.9998658895492554,ok,
data\raw\974e32f0fa628a307ba1bc2ec7f48d137b8190da0582678d7c5c75c8120bf383\Testing\meningioma\Te-me_265.jpg,artifacts\inference\convnext-tiny-production\Te-me_265__meningioma__highlighted.png,convnext_tiny,meningioma,0.9999985694885254,ok,
data\raw\974e32f0fa628a307ba1bc2ec7f48d137b8190da0582678d7c5c75c8120bf383\Testing\meningioma\Te-me_266.jpg,artifacts\inference\convnext-tiny-production\Te-me_266__meningioma__highlighted.png,convnext_tiny,meningioma,0.9999998807907104,ok,
data\raw\974e32f0fa628a307ba1bc2ec7f48d137b8190da0582678d7c5c75c8120bf383\Testing\meningioma\Te-me_267.jpg,artifacts\inference\convnext-tiny-production\Te-me_267__meningioma__highlighted.png,convnext_tiny,meningioma,0.9981818199157715,ok,
data\raw\974e32f0fa628a307ba1bc2ec7f48d137b8190da0582678d7c5c75c8120bf383\Testing\meningioma\Te-me_268.jpg,artifacts\inference\convnext-tiny-production\Te-me_268__meningioma__highlighted.png,convnext_tiny,meningioma,0.9999123811721802,ok,
data\raw\974e32f0fa628a307ba1bc2ec7f48d137b8190da0582678d7c5c75c8120bf383\Testing\meningioma\Te-me_269.jpg,artifacts\inference\convnext-tiny-production\Te-me_269__meningioma__highlighted.png,convnext_tiny,meningioma,0.9993757605552673,ok,
data\raw\974e32f0fa628a307ba1bc2ec7f48d137b8190da0582678d7c5c75c8120bf383\Testing\meningioma\Te-me_27.jpg,artifacts\inference\convnext-tiny-production\Te-me_27__meningioma__highlighted.png,convnext_tiny,meningioma,1.0,ok,
data\raw\974e32f0fa628a307ba1bc2ec7f48d137b8190da0582678d7c5c75c8120bf383\Testing\meningioma\Te-me_270.jpg,artifacts\inference\convnext-tiny-production\Te-me_270__meningioma__highlighted.png,convnext_tiny,meningioma,0.999859094619751,ok,
data\raw\974e32f0fa628a307ba1bc2ec7f48d137b8190da0582678d7c5c75c8120bf383\Testing\meningioma\Te-me_271.jpg,artifacts\inference\convnext-tiny-production\Te-me_271__meningioma__highlighted.png,convnext_tiny,meningioma,1.0,ok,
data\raw\974e32f0fa628a307ba1bc2ec7f48d137b8190da0582678d7c5c75c8120bf383\Testing\meningioma\Te-me_272.jpg,artifacts\inference\convnext-tiny-production\Te-me_272__meningioma__highlighted.png,convnext_tiny,meningioma,0.9999878406524658,ok,
data\raw\974e32f0fa628a307ba1bc2ec7f48d137b8190da0582678d7c5c75c8120bf383\Testing\meningioma\Te-me_273.jpg,artifacts\inference\convnext-tiny-production\Te-me_273__meningioma__highlighted.png,convnext_tiny,meningioma,0.9999886751174927,ok,
data\raw\974e32f0fa628a307ba1bc2ec7f48d137b8190da0582678d7c5c75c8120bf383\Testing\meningioma\Te-me_274.jpg,artifacts\inference\convnext-tiny-production\Te-me_274__meningioma__highlighted.png,convnext_tiny,meningioma,0.9978660941123962,ok,
data\raw\974e32f0fa628a307ba1bc2ec7f48d137b8190da0582678d7c5c75c8120bf383\Testing\meningioma\Te-me_275.jpg,artifacts\inference\convnext-tiny-production\Te-me_275__meningioma__highlighted.png,convnext_tiny,meningioma,0.999992847442627,ok,
data\raw\974e32f0fa628a307ba1bc2ec7f48d137b8190da0582678d7c5c75c8120bf383\Testing\meningioma\Te-me_276.jpg,artifacts\inference\convnext-tiny-production\Te-me_276__meningioma__highlighted.png,convnext_tiny,meningioma,1.0,ok,
data\raw\974e32f0fa628a307ba1bc2ec7f48d137b8190da0582678d7c5c75c8120bf383\Testing\meningioma\Te-me_277.jpg,artifacts\inference\convnext-tiny-production\Te-me_277__meningioma__highlighted.png,convnext_tiny,meningioma,0.9999998807907104,ok,
data\raw\974e32f0fa628a307ba1bc2ec7f48d137b8190da0582678d7c5c75c8120bf383\Testing\meningioma\Te-me_278.jpg,artifacts\inference\convnext-tiny-production\Te-me_278__meningioma__highlighted.png,convnext_tiny,meningioma,0.9999717473983765,ok,
data\raw\974e32f0fa628a307ba1bc2ec7f48d137b8190da0582678d7c5c75c8120bf383\Testing\meningioma\Te-me_279.jpg,artifacts\inference\convnext-tiny-production\Te-me_279__meningioma__highlighted.png,convnext_tiny,meningioma,0.9998799562454224,ok,
data\raw\974e32f0fa628a307ba1bc2ec7f48d137b8190da0582678d7c5c75c8120bf383\Testing\meningioma\Te-me_28.jpg,artifacts\inference\convnext-tiny-production\Te-me_28__meningioma__highlighted.png,convnext_tiny,meningioma,0.9999982118606567,ok,
data\raw\974e32f0fa628a307ba1bc2ec7f48d137b8190da0582678d7c5c75c8120bf383\Testing\meningioma\Te-me_280.jpg,artifacts\inference\convnext-tiny-production\Te-me_280__meningioma__highlighted.png,convnext_tiny,meningioma,0.9999998807907104,ok,
data\raw\974e32f0fa628a307ba1bc2ec7f48d137b8190da0582678d7c5c75c8120bf383\Testing\meningioma\Te-me_281.jpg,artifacts\inference\convnext-tiny-production\Te-me_281__meningioma__highlighted.png,convnext_tiny,meningioma,0.9999980926513672,ok,
data\raw\974e32f0fa628a307ba1bc2ec7f48d137b8190da0582678d7c5c75c8120bf383\Testing\meningioma\Te-me_282.jpg,artifacts\inference\convnext-tiny-production\Te-me_282__meningioma__highlighted.png,convnext_tiny,meningioma,0.9999998807907104,ok,
data\raw\974e32f0fa628a307ba1bc2ec7f48d137b8190da0582678d7c5c75c8120bf383\Testing\meningioma\Te-me_283.jpg,artifacts\inference\convnext-tiny-production\Te-me_283__meningioma__highlighted.png,convnext_tiny,meningioma,0.9999946355819702,ok,
data\raw\974e32f0fa628a307ba1bc2ec7f48d137b8190da0582678d7c5c75c8120bf383\Testing\meningioma\Te-me_284.jpg,artifacts\inference\convnext-tiny-production\Te-me_284__meningioma__highlighted.png,convnext_tiny,meningioma,0.9999786615371704,ok,
data\raw\974e32f0fa628a307ba1bc2ec7f48d137b8190da0582678d7c5c75c8120bf383\Testing\meningioma\Te-me_285.jpg,artifacts\inference\convnext-tiny-production\Te-me_285__meningioma__highlighted.png,convnext_tiny,meningioma,0.9996473789215088,ok,
data\raw\974e32f0fa628a307ba1bc2ec7f48d137b8190da0582678d7c5c75c8120bf383\Testing\meningioma\Te-me_286.jpg,artifacts\inference\convnext-tiny-production\Te-me_286__meningioma__highlighted.png,convnext_tiny,meningioma,0.9999102354049683,ok,
data\raw\974e32f0fa628a307ba1bc2ec7f48d137b8190da0582678d7c5c75c8120bf383\Testing\meningioma\Te-me_287.jpg,artifacts\inference\convnext-tiny-production\Te-me_287__meningioma__highlighted.png,convnext_tiny,meningioma,0.9999985694885254,ok,
data\raw\974e32f0fa628a307ba1bc2ec7f48d137b8190da0582678d7c5c75c8120bf383\Testing\meningioma\Te-me_288.jpg,artifacts\inference\convnext-tiny-production\Te-me_288__meningioma__highlighted.png,convnext_tiny,meningioma,0.9999977350234985,ok,
data\raw\974e32f0fa628a307ba1bc2ec7f48d137b8190da0582678d7c5c75c8120bf383\Testing\meningioma\Te-me_289.jpg,artifacts\inference\convnext-tiny-production\Te-me_289__meningioma__highlighted.png,convnext_tiny,meningioma,0.9991896748542786,ok,
data\raw\974e32f0fa628a307ba1bc2ec7f48d137b8190da0582678d7c5c75c8120bf383\Testing\meningioma\Te-me_29.jpg,artifacts\inference\convnext-tiny-production\Te-me_29__meningioma__highlighted.png,convnext_tiny,meningioma,0.9997493624687195,ok,
data\raw\974e32f0fa628a307ba1bc2ec7f48d137b8190da0582678d7c5c75c8120bf383\Testing\meningioma\Te-me_290.jpg,artifacts\inference\convnext-tiny-production\Te-me_290__meningioma__highlighted.png,convnext_tiny,meningioma,0.9988107681274414,ok,
data\raw\974e32f0fa628a307ba1bc2ec7f48d137b8190da0582678d7c5c75c8120bf383\Testing\meningioma\Te-me_291.jpg,artifacts\inference\convnext-tiny-production\Te-me_291__meningioma__highlighted.png,convnext_tiny,meningioma,0.9999982118606567,ok,
data\raw\974e32f0fa628a307ba1bc2ec7f48d137b8190da0582678d7c5c75c8120bf383\Testing\meningioma\Te-me_292.jpg,artifacts\inference\convnext-tiny-production\Te-me_292__meningioma__highlighted.png,convnext_tiny,meningioma,0.9999715089797974,ok,
data\raw\974e32f0fa628a307ba1bc2ec7f48d137b8190da0582678d7c5c75c8120bf383\Testing\meningioma\Te-me_293.jpg,artifacts\inference\convnext-tiny-production\Te-me_293__meningioma__highlighted.png,convnext_tiny,meningioma,0.9999949932098389,ok,
data\raw\974e32f0fa628a307ba1bc2ec7f48d137b8190da0582678d7c5c75c8120bf383\Testing\meningioma\Te-me_294.jpg,artifacts\inference\convnext-tiny-production\Te-me_294__meningioma__highlighted.png,convnext_tiny,meningioma,0.9999991655349731,ok,
data\raw\974e32f0fa628a307ba1bc2ec7f48d137b8190da0582678d7c5c75c8120bf383\Testing\meningioma\Te-me_295.jpg,artifacts\inference\convnext-tiny-production\Te-me_295__meningioma__highlighted.png,convnext_tiny,meningioma,0.9914966821670532,ok,
data\raw\974e32f0fa628a307ba1bc2ec7f48d137b8190da0582678d7c5c75c8120bf383\Testing\meningioma\Te-me_296.jpg,artifacts\inference\convnext-tiny-production\Te-me_296__meningioma__highlighted.png,convnext_tiny,meningioma,0.9999092817306519,ok,
data\raw\974e32f0fa628a307ba1bc2ec7f48d137b8190da0582678d7c5c75c8120bf383\Testing\meningioma\Te-me_297.jpg,artifacts\inference\convnext-tiny-production\Te-me_297__meningioma__highlighted.png,convnext_tiny,meningioma,0.9999938011169434,ok,
data\raw\974e32f0fa628a307ba1bc2ec7f48d137b8190da0582678d7c5c75c8120bf383\Testing\meningioma\Te-me_3.jpg,artifacts\inference\convnext-tiny-production\Te-me_3__meningioma__highlighted.png,convnext_tiny,meningioma,0.9999558925628662,ok,
data\raw\974e32f0fa628a307ba1bc2ec7f48d137b8190da0582678d7c5c75c8120bf383\Testing\meningioma\Te-me_30.jpg,artifacts\inference\convnext-tiny-production\Te-me_30__meningioma__highlighted.png,convnext_tiny,meningioma,0.9997581839561462,ok,
data\raw\974e32f0fa628a307ba1bc2ec7f48d137b8190da0582678d7c5c75c8120bf383\Testing\meningioma\Te-me_31.jpg,artifacts\inference\convnext-tiny-production\Te-me_31__meningioma__highlighted.png,convnext_tiny,meningioma,0.9999556541442871,ok,
data\raw\974e32f0fa628a307ba1bc2ec7f48d137b8190da0582678d7c5c75c8120bf383\Testing\meningioma\Te-me_32.jpg,artifacts\inference\convnext-tiny-production\Te-me_32__meningioma__highlighted.png,convnext_tiny,meningioma,0.9999783039093018,ok,
data\raw\974e32f0fa628a307ba1bc2ec7f48d137b8190da0582678d7c5c75c8120bf383\Testing\meningioma\Te-me_33.jpg,artifacts\inference\convnext-tiny-production\Te-me_33__meningioma__highlighted.png,convnext_tiny,meningioma,1.0,ok,
data\raw\974e32f0fa628a307ba1bc2ec7f48d137b8190da0582678d7c5c75c8120bf383\Testing\meningioma\Te-me_34.jpg,artifacts\inference\convnext-tiny-production\Te-me_34__meningioma__highlighted.png,convnext_tiny,meningioma,0.9999723434448242,ok,
data\raw\974e32f0fa628a307ba1bc2ec7f48d137b8190da0582678d7c5c75c8120bf383\Testing\meningioma\Te-me_35.jpg,artifacts\inference\convnext-tiny-production\Te-me_35__meningioma__highlighted.png,convnext_tiny,meningioma,0.9994648098945618,ok,
data\raw\974e32f0fa628a307ba1bc2ec7f48d137b8190da0582678d7c5c75c8120bf383\Testing\meningioma\Te-me_36.jpg,artifacts\inference\convnext-tiny-production\Te-me_36__meningioma__highlighted.png,convnext_tiny,meningioma,0.9989131689071655,ok,
data\raw\974e32f0fa628a307ba1bc2ec7f48d137b8190da0582678d7c5c75c8120bf383\Testing\meningioma\Te-me_37.jpg,artifacts\inference\convnext-tiny-production\Te-me_37__meningioma__highlighted.png,convnext_tiny,meningioma,0.9999678134918213,ok,
data\raw\974e32f0fa628a307ba1bc2ec7f48d137b8190da0582678d7c5c75c8120bf383\Testing\meningioma\Te-me_38.jpg,artifacts\inference\convnext-tiny-production\Te-me_38__meningioma__highlighted.png,convnext_tiny,meningioma,0.9999994039535522,ok,
data\raw\974e32f0fa628a307ba1bc2ec7f48d137b8190da0582678d7c5c75c8120bf383\Testing\meningioma\Te-me_39.jpg,artifacts\inference\convnext-tiny-production\Te-me_39__meningioma__highlighted.png,convnext_tiny,meningioma,1.0,ok,
data\raw\974e32f0fa628a307ba1bc2ec7f48d137b8190da0582678d7c5c75c8120bf383\Testing\meningioma\Te-me_4.jpg,artifacts\inference\convnext-tiny-production\Te-me_4__meningioma__highlighted.png,convnext_tiny,meningioma,0.9984788298606873,ok,
data\raw\974e32f0fa628a307ba1bc2ec7f48d137b8190da0582678d7c5c75c8120bf383\Testing\meningioma\Te-me_40.jpg,artifacts\inference\convnext-tiny-production\Te-me_40__meningioma__highlighted.png,convnext_tiny,meningioma,0.9999994039535522,ok,
data\raw\974e32f0fa628a307ba1bc2ec7f48d137b8190da0582678d7c5c75c8120bf383\Testing\meningioma\Te-me_41.jpg,artifacts\inference\convnext-tiny-production\Te-me_41__meningioma__highlighted.png,convnext_tiny,meningioma,0.9973668456077576,ok,
data\raw\974e32f0fa628a307ba1bc2ec7f48d137b8190da0582678d7c5c75c8120bf383\Testing\meningioma\Te-me_42.jpg,artifacts\inference\convnext-tiny-production\Te-me_42__meningioma__highlighted.png,convnext_tiny,meningioma,0.9999533891677856,ok,
data\raw\974e32f0fa628a307ba1bc2ec7f48d137b8190da0582678d7c5c75c8120bf383\Testing\meningioma\Te-me_43.jpg,artifacts\inference\convnext-tiny-production\Te-me_43__meningioma__highlighted.png,convnext_tiny,meningioma,1.0,ok,
data\raw\974e32f0fa628a307ba1bc2ec7f48d137b8190da0582678d7c5c75c8120bf383\Testing\meningioma\Te-me_44.jpg,artifacts\inference\convnext-tiny-production\Te-me_44__meningioma__highlighted.png,convnext_tiny,meningioma,0.9999606609344482,ok,
data\raw\974e32f0fa628a307ba1bc2ec7f48d137b8190da0582678d7c5c75c8120bf383\Testing\meningioma\Te-me_45.jpg,artifacts\inference\convnext-tiny-production\Te-me_45__meningioma__highlighted.png,convnext_tiny,meningioma,0.9999796152114868,ok,
data\raw\974e32f0fa628a307ba1bc2ec7f48d137b8190da0582678d7c5c75c8120bf383\Testing\meningioma\Te-me_46.jpg,artifacts\inference\convnext-tiny-production\Te-me_46__meningioma__highlighted.png,convnext_tiny,meningioma,1.0,ok,
data\raw\974e32f0fa628a307ba1bc2ec7f48d137b8190da0582678d7c5c75c8120bf383\Testing\meningioma\Te-me_47.jpg,artifacts\inference\convnext-tiny-production\Te-me_47__meningioma__highlighted.png,convnext_tiny,meningioma,0.9535779356956482,ok,
data\raw\974e32f0fa628a307ba1bc2ec7f48d137b8190da0582678d7c5c75c8120bf383\Testing\meningioma\Te-me_48.jpg,artifacts\inference\convnext-tiny-production\Te-me_48__meningioma__highlighted.png,convnext_tiny,meningioma,0.9999896287918091,ok,
data\raw\974e32f0fa628a307ba1bc2ec7f48d137b8190da0582678d7c5c75c8120bf383\Testing\meningioma\Te-me_49.jpg,artifacts\inference\convnext-tiny-production\Te-me_49__meningioma__highlighted.png,convnext_tiny,meningioma,0.999678373336792,ok,
data\raw\974e32f0fa628a307ba1bc2ec7f48d137b8190da0582678d7c5c75c8120bf383\Testing\meningioma\Te-me_5.jpg,artifacts\inference\convnext-tiny-production\Te-me_5__meningioma__highlighted.png,convnext_tiny,meningioma,0.9999992847442627,ok,
data\raw\974e32f0fa628a307ba1bc2ec7f48d137b8190da0582678d7c5c75c8120bf383\Testing\meningioma\Te-me_50.jpg,artifacts\inference\convnext-tiny-production\Te-me_50__meningioma__highlighted.png,convnext_tiny,meningioma,0.9999997615814209,ok,
data\raw\974e32f0fa628a307ba1bc2ec7f48d137b8190da0582678d7c5c75c8120bf383\Testing\meningioma\Te-me_51.jpg,artifacts\inference\convnext-tiny-production\Te-me_51__meningioma__highlighted.png,convnext_tiny,meningioma,0.9999983310699463,ok,
data\raw\974e32f0fa628a307ba1bc2ec7f48d137b8190da0582678d7c5c75c8120bf383\Testing\meningioma\Te-me_52.jpg,artifacts\inference\convnext-tiny-production\Te-me_52__meningioma__highlighted.png,convnext_tiny,meningioma,0.9999969005584717,ok,
data\raw\974e32f0fa628a307ba1bc2ec7f48d137b8190da0582678d7c5c75c8120bf383\Testing\meningioma\Te-me_53.jpg,artifacts\inference\convnext-tiny-production\Te-me_53__meningioma__highlighted.png,convnext_tiny,meningioma,0.9999920129776001,ok,
data\raw\974e32f0fa628a307ba1bc2ec7f48d137b8190da0582678d7c5c75c8120bf383\Testing\meningioma\Te-me_54.jpg,artifacts\inference\convnext-tiny-production\Te-me_54__meningioma__highlighted.png,convnext_tiny,meningioma,0.999894380569458,ok,
data\raw\974e32f0fa628a307ba1bc2ec7f48d137b8190da0582678d7c5c75c8120bf383\Testing\meningioma\Te-me_55.jpg,artifacts\inference\convnext-tiny-production\Te-me_55__meningioma__highlighted.png,convnext_tiny,meningioma,0.9999998807907104,ok,
data\raw\974e32f0fa628a307ba1bc2ec7f48d137b8190da0582678d7c5c75c8120bf383\Testing\meningioma\Te-me_56.jpg,artifacts\inference\convnext-tiny-production\Te-me_56__meningioma__highlighted.png,convnext_tiny,meningioma,0.999995231628418,ok,
data\raw\974e32f0fa628a307ba1bc2ec7f48d137b8190da0582678d7c5c75c8120bf383\Testing\meningioma\Te-me_57.jpg,artifacts\inference\convnext-tiny-production\Te-me_57__meningioma__highlighted.png,convnext_tiny,meningioma,1.0,ok,
data\raw\974e32f0fa628a307ba1bc2ec7f48d137b8190da0582678d7c5c75c8120bf383\Testing\meningioma\Te-me_58.jpg,artifacts\inference\convnext-tiny-production\Te-me_58__meningioma__highlighted.png,convnext_tiny,meningioma,0.9999998807907104,ok,
data\raw\974e32f0fa628a307ba1bc2ec7f48d137b8190da0582678d7c5c75c8120bf383\Testing\meningioma\Te-me_59.jpg,artifacts\inference\convnext-tiny-production\Te-me_59__meningioma__highlighted.png,convnext_tiny,meningioma,0.999993085861206,ok,
data\raw\974e32f0fa628a307ba1bc2ec7f48d137b8190da0582678d7c5c75c8120bf383\Testing\meningioma\Te-me_6.jpg,artifacts\inference\convnext-tiny-production\Te-me_6__meningioma__highlighted.png,convnext_tiny,meningioma,0.9999513626098633,ok,
data\raw\974e32f0fa628a307ba1bc2ec7f48d137b8190da0582678d7c5c75c8120bf383\Testing\meningioma\Te-me_60.jpg,artifacts\inference\convnext-tiny-production\Te-me_60__meningioma__highlighted.png,convnext_tiny,meningioma,0.999976634979248,ok,
data\raw\974e32f0fa628a307ba1bc2ec7f48d137b8190da0582678d7c5c75c8120bf383\Testing\meningioma\Te-me_61.jpg,artifacts\inference\convnext-tiny-production\Te-me_61__meningioma__highlighted.png,convnext_tiny,meningioma,0.9999998807907104,ok,
data\raw\974e32f0fa628a307ba1bc2ec7f48d137b8190da0582678d7c5c75c8120bf383\Testing\meningioma\Te-me_62.jpg,artifacts\inference\convnext-tiny-production\Te-me_62__meningioma__highlighted.png,convnext_tiny,meningioma,0.6154025197029114,ok,
data\raw\974e32f0fa628a307ba1bc2ec7f48d137b8190da0582678d7c5c75c8120bf383\Testing\meningioma\Te-me_63.jpg,artifacts\inference\convnext-tiny-production\Te-me_63__meningioma__highlighted.png,convnext_tiny,meningioma,0.9999996423721313,ok,
data\raw\974e32f0fa628a307ba1bc2ec7f48d137b8190da0582678d7c5c75c8120bf383\Testing\meningioma\Te-me_64.jpg,artifacts\inference\convnext-tiny-production\Te-me_64__meningioma__highlighted.png,convnext_tiny,meningioma,0.9999972581863403,ok,
data\raw\974e32f0fa628a307ba1bc2ec7f48d137b8190da0582678d7c5c75c8120bf383\Testing\meningioma\Te-me_65.jpg,artifacts\inference\convnext-tiny-production\Te-me_65__meningioma__highlighted.png,convnext_tiny,meningioma,0.9999998807907104,ok,
data\raw\974e32f0fa628a307ba1bc2ec7f48d137b8190da0582678d7c5c75c8120bf383\Testing\meningioma\Te-me_66.jpg,artifacts\inference\convnext-tiny-production\Te-me_66__meningioma__highlighted.png,convnext_tiny,meningioma,0.9999958276748657,ok,
data\raw\974e32f0fa628a307ba1bc2ec7f48d137b8190da0582678d7c5c75c8120bf383\Testing\meningioma\Te-me_67.jpg,artifacts\inference\convnext-tiny-production\Te-me_67__meningioma__highlighted.png,convnext_tiny,meningioma,1.0,ok,
data\raw\974e32f0fa628a307ba1bc2ec7f48d137b8190da0582678d7c5c75c8120bf383\Testing\meningioma\Te-me_68.jpg,artifacts\inference\convnext-tiny-production\Te-me_68__meningioma__highlighted.png,convnext_tiny,meningioma,0.9999710321426392,ok,
data\raw\974e32f0fa628a307ba1bc2ec7f48d137b8190da0582678d7c5c75c8120bf383\Testing\meningioma\Te-me_69.jpg,artifacts\inference\convnext-tiny-production\Te-me_69__meningioma__highlighted.png,convnext_tiny,meningioma,1.0,ok,
data\raw\974e32f0fa628a307ba1bc2ec7f48d137b8190da0582678d7c5c75c8120bf383\Testing\meningioma\Te-me_7.jpg,artifacts\inference\convnext-tiny-production\Te-me_7__meningioma__highlighted.png,convnext_tiny,meningioma,0.9999996423721313,ok,
data\raw\974e32f0fa628a307ba1bc2ec7f48d137b8190da0582678d7c5c75c8120bf383\Testing\meningioma\Te-me_70.jpg,artifacts\inference\convnext-tiny-production\Te-me_70__meningioma__highlighted.png,convnext_tiny,meningioma,0.9914966821670532,ok,
data\raw\974e32f0fa628a307ba1bc2ec7f48d137b8190da0582678d7c5c75c8120bf383\Testing\meningioma\Te-me_71.jpg,artifacts\inference\convnext-tiny-production\Te-me_71__meningioma__highlighted.png,convnext_tiny,meningioma,0.9999949932098389,ok,
data\raw\974e32f0fa628a307ba1bc2ec7f48d137b8190da0582678d7c5c75c8120bf383\Testing\meningioma\Te-me_72.jpg,artifacts\inference\convnext-tiny-production\Te-me_72__meningioma__highlighted.png,convnext_tiny,meningioma,0.9999996423721313,ok,
data\raw\974e32f0fa628a307ba1bc2ec7f48d137b8190da0582678d7c5c75c8120bf383\Testing\meningioma\Te-me_73.jpg,artifacts\inference\convnext-tiny-production\Te-me_73__meningioma__highlighted.png,convnext_tiny,meningioma,0.9999678134918213,ok,
data\raw\974e32f0fa628a307ba1bc2ec7f48d137b8190da0582678d7c5c75c8120bf383\Testing\meningioma\Te-me_74.jpg,artifacts\inference\convnext-tiny-production\Te-me_74__meningioma__highlighted.png,convnext_tiny,meningioma,0.9999951124191284,ok,
data\raw\974e32f0fa628a307ba1bc2ec7f48d137b8190da0582678d7c5c75c8120bf383\Testing\meningioma\Te-me_75.jpg,artifacts\inference\convnext-tiny-production\Te-me_75__meningioma__highlighted.png,convnext_tiny,meningioma,1.0,ok,
data\raw\974e32f0fa628a307ba1bc2ec7f48d137b8190da0582678d7c5c75c8120bf383\Testing\meningioma\Te-me_76.jpg,artifacts\inference\convnext-tiny-production\Te-me_76__meningioma__highlighted.png,convnext_tiny,meningioma,0.999840259552002,ok,
data\raw\974e32f0fa628a307ba1bc2ec7f48d137b8190da0582678d7c5c75c8120bf383\Testing\meningioma\Te-me_77.jpg,artifacts\inference\convnext-tiny-production\Te-me_77__meningioma__highlighted.png,convnext_tiny,meningioma,0.9999997615814209,ok,
data\raw\974e32f0fa628a307ba1bc2ec7f48d137b8190da0582678d7c5c75c8120bf383\Testing\meningioma\Te-me_78.jpg,artifacts\inference\convnext-tiny-production\Te-me_78__meningioma__highlighted.png,convnext_tiny,meningioma,0.9999740123748779,ok,
data\raw\974e32f0fa628a307ba1bc2ec7f48d137b8190da0582678d7c5c75c8120bf383\Testing\meningioma\Te-me_79.jpg,artifacts\inference\convnext-tiny-production\Te-me_79__meningioma__highlighted.png,convnext_tiny,meningioma,0.997677743434906,ok,
data\raw\974e32f0fa628a307ba1bc2ec7f48d137b8190da0582678d7c5c75c8120bf383\Testing\meningioma\Te-me_8.jpg,artifacts\inference\convnext-tiny-production\Te-me_8__meningioma__highlighted.png,convnext_tiny,meningioma,0.9998981952667236,ok,
data\raw\974e32f0fa628a307ba1bc2ec7f48d137b8190da0582678d7c5c75c8120bf383\Testing\meningioma\Te-me_80.jpg,artifacts\inference\convnext-tiny-production\Te-me_80__meningioma__highlighted.png,convnext_tiny,meningioma,1.0,ok,
data\raw\974e32f0fa628a307ba1bc2ec7f48d137b8190da0582678d7c5c75c8120bf383\Testing\meningioma\Te-me_81.jpg,artifacts\inference\convnext-tiny-production\Te-me_81__meningioma__highlighted.png,convnext_tiny,meningioma,0.9999902248382568,ok,
data\raw\974e32f0fa628a307ba1bc2ec7f48d137b8190da0582678d7c5c75c8120bf383\Testing\meningioma\Te-me_82.jpg,artifacts\inference\convnext-tiny-production\Te-me_82__meningioma__highlighted.png,convnext_tiny,meningioma,0.9999945163726807,ok,
data\raw\974e32f0fa628a307ba1bc2ec7f48d137b8190da0582678d7c5c75c8120bf383\Testing\meningioma\Te-me_83.jpg,artifacts\inference\convnext-tiny-production\Te-me_83__meningioma__highlighted.png,convnext_tiny,meningioma,0.9999939203262329,ok,
data\raw\974e32f0fa628a307ba1bc2ec7f48d137b8190da0582678d7c5c75c8120bf383\Testing\meningioma\Te-me_84.jpg,artifacts\inference\convnext-tiny-production\Te-me_84__meningioma__highlighted.png,convnext_tiny,meningioma,0.9999996423721313,ok,
data\raw\974e32f0fa628a307ba1bc2ec7f48d137b8190da0582678d7c5c75c8120bf383\Testing\meningioma\Te-me_85.jpg,artifacts\inference\convnext-tiny-production\Te-me_85__meningioma__highlighted.png,convnext_tiny,meningioma,0.9999880790710449,ok,
data\raw\974e32f0fa628a307ba1bc2ec7f48d137b8190da0582678d7c5c75c8120bf383\Testing\meningioma\Te-me_86.jpg,artifacts\inference\convnext-tiny-production\Te-me_86__meningioma__highlighted.png,convnext_tiny,meningioma,0.9999997615814209,ok,
data\raw\974e32f0fa628a307ba1bc2ec7f48d137b8190da0582678d7c5c75c8120bf383\Testing\meningioma\Te-me_87.jpg,artifacts\inference\convnext-tiny-production\Te-me_87__meningioma__highlighted.png,convnext_tiny,meningioma,1.0,ok,
data\raw\974e32f0fa628a307ba1bc2ec7f48d137b8190da0582678d7c5c75c8120bf383\Testing\meningioma\Te-me_88.jpg,artifacts\inference\convnext-tiny-production\Te-me_88__meningioma__highlighted.png,convnext_tiny,meningioma,0.9996821880340576,ok,
data\raw\974e32f0fa628a307ba1bc2ec7f48d137b8190da0582678d7c5c75c8120bf383\Testing\meningioma\Te-me_89.jpg,artifacts\inference\convnext-tiny-production\Te-me_89__meningioma__highlighted.png,convnext_tiny,meningioma,0.9999721050262451,ok,
data\raw\974e32f0fa628a307ba1bc2ec7f48d137b8190da0582678d7c5c75c8120bf383\Testing\meningioma\Te-me_9.jpg,artifacts\inference\convnext-tiny-production\Te-me_9__meningioma__highlighted.png,convnext_tiny,meningioma,0.9159805178642273,ok,
data\raw\974e32f0fa628a307ba1bc2ec7f48d137b8190da0582678d7c5c75c8120bf383\Testing\meningioma\Te-me_90.jpg,artifacts\inference\convnext-tiny-production\Te-me_90__meningioma__highlighted.png,convnext_tiny,meningioma,0.9907224178314209,ok,
data\raw\974e32f0fa628a307ba1bc2ec7f48d137b8190da0582678d7c5c75c8120bf383\Testing\meningioma\Te-me_91.jpg,artifacts\inference\convnext-tiny-production\Te-me_91__meningioma__highlighted.png,convnext_tiny,meningioma,0.9999847412109375,ok,
data\raw\974e32f0fa628a307ba1bc2ec7f48d137b8190da0582678d7c5c75c8120bf383\Testing\meningioma\Te-me_92.jpg,artifacts\inference\convnext-tiny-production\Te-me_92__meningioma__highlighted.png,convnext_tiny,meningioma,0.9997513890266418,ok,
data\raw\974e32f0fa628a307ba1bc2ec7f48d137b8190da0582678d7c5c75c8120bf383\Testing\meningioma\Te-me_93.jpg,artifacts\inference\convnext-tiny-production\Te-me_93__meningioma__highlighted.png,convnext_tiny,meningioma,0.9999562501907349,ok,
data\raw\974e32f0fa628a307ba1bc2ec7f48d137b8190da0582678d7c5c75c8120bf383\Testing\meningioma\Te-me_94.jpg,artifacts\inference\convnext-tiny-production\Te-me_94__meningioma__highlighted.png,convnext_tiny,meningioma,0.9999805688858032,ok,
data\raw\974e32f0fa628a307ba1bc2ec7f48d137b8190da0582678d7c5c75c8120bf383\Testing\meningioma\Te-me_95.jpg,artifacts\inference\convnext-tiny-production\Te-me_95__meningioma__highlighted.png,convnext_tiny,meningioma,0.999998927116394,ok,
data\raw\974e32f0fa628a307ba1bc2ec7f48d137b8190da0582678d7c5c75c8120bf383\Testing\meningioma\Te-me_96.jpg,artifacts\inference\convnext-tiny-production\Te-me_96__meningioma__highlighted.png,convnext_tiny,meningioma,0.9999998807907104,ok,
data\raw\974e32f0fa628a307ba1bc2ec7f48d137b8190da0582678d7c5c75c8120bf383\Testing\meningioma\Te-me_97.jpg,artifacts\inference\convnext-tiny-production\Te-me_97__meningioma__highlighted.png,convnext_tiny,meningioma,0.9999998807907104,ok,
data\raw\974e32f0fa628a307ba1bc2ec7f48d137b8190da0582678d7c5c75c8120bf383\Testing\meningioma\Te-me_98.jpg,artifacts\inference\convnext-tiny-production\Te-me_98__meningioma__highlighted.png,convnext_tiny,meningioma,0.9989707469940186,ok,
data\raw\974e32f0fa628a307ba1bc2ec7f48d137b8190da0582678d7c5c75c8120bf383\Testing\meningioma\Te-me_99.jpg,artifacts\inference\convnext-tiny-production\Te-me_99__meningioma__highlighted.png,convnext_tiny,meningioma,0.9999998807907104,ok,
data\raw\974e32f0fa628a307ba1bc2ec7f48d137b8190da0582678d7c5c75c8120bf383\Testing\notumor\Te-no_1.jpg,artifacts\inference\convnext-tiny-production\Te-no_1__notumor__highlighted.png,convnext_tiny,notumor,0.9999995231628418,ok,
data\raw\974e32f0fa628a307ba1bc2ec7f48d137b8190da0582678d7c5c75c8120bf383\Testing\notumor\Te-no_10.jpg,artifacts\inference\convnext-tiny-production\Te-no_10__notumor__highlighted.png,convnext_tiny,notumor,0.9999920129776001,ok,
data\raw\974e32f0fa628a307ba1bc2ec7f48d137b8190da0582678d7c5c75c8120bf383\Testing\notumor\Te-no_100.jpg,artifacts\inference\convnext-tiny-production\Te-no_100__notumor__highlighted.png,convnext_tiny,notumor,0.9999982118606567,ok,
data\raw\974e32f0fa628a307ba1bc2ec7f48d137b8190da0582678d7c5c75c8120bf383\Testing\notumor\Te-no_101.jpg,artifacts\inference\convnext-tiny-production\Te-no_101__notumor__highlighted.png,convnext_tiny,notumor,0.9999991655349731,ok,
data\raw\974e32f0fa628a307ba1bc2ec7f48d137b8190da0582678d7c5c75c8120bf383\Testing\notumor\Te-no_102.jpg,artifacts\inference\convnext-tiny-production\Te-no_102__notumor__highlighted.png,convnext_tiny,notumor,0.9999934434890747,ok,
data\raw\974e32f0fa628a307ba1bc2ec7f48d137b8190da0582678d7c5c75c8120bf383\Testing\notumor\Te-no_103.jpg,artifacts\inference\convnext-tiny-production\Te-no_103__notumor__highlighted.png,convnext_tiny,notumor,0.9998658895492554,ok,
data\raw\974e32f0fa628a307ba1bc2ec7f48d137b8190da0582678d7c5c75c8120bf383\Testing\notumor\Te-no_104.jpg,artifacts\inference\convnext-tiny-production\Te-no_104__notumor__highlighted.png,convnext_tiny,notumor,1.0,ok,
data\raw\974e32f0fa628a307ba1bc2ec7f48d137b8190da0582678d7c5c75c8120bf383\Testing\notumor\Te-no_105.jpg,artifacts\inference\convnext-tiny-production\Te-no_105__notumor__highlighted.png,convnext_tiny,notumor,0.9999996423721313,ok,
data\raw\974e32f0fa628a307ba1bc2ec7f48d137b8190da0582678d7c5c75c8120bf383\Testing\notumor\Te-no_106.jpg,artifacts\inference\convnext-tiny-production\Te-no_106__notumor__highlighted.png,convnext_tiny,notumor,0.9999310970306396,ok,
data\raw\974e32f0fa628a307ba1bc2ec7f48d137b8190da0582678d7c5c75c8120bf383\Testing\notumor\Te-no_107.jpg,artifacts\inference\convnext-tiny-production\Te-no_107__notumor__highlighted.png,convnext_tiny,notumor,0.9999387264251709,ok,
data\raw\974e32f0fa628a307ba1bc2ec7f48d137b8190da0582678d7c5c75c8120bf383\Testing\notumor\Te-no_108.jpg,artifacts\inference\convnext-tiny-production\Te-no_108__notumor__highlighted.png,convnext_tiny,notumor,0.9999992847442627,ok,
data\raw\974e32f0fa628a307ba1bc2ec7f48d137b8190da0582678d7c5c75c8120bf383\Testing\notumor\Te-no_109.jpg,artifacts\inference\convnext-tiny-production\Te-no_109__notumor__highlighted.png,convnext_tiny,notumor,0.9999994039535522,ok,
data\raw\974e32f0fa628a307ba1bc2ec7f48d137b8190da0582678d7c5c75c8120bf383\Testing\notumor\Te-no_11.jpg,artifacts\inference\convnext-tiny-production\Te-no_11__notumor__highlighted.png,convnext_tiny,notumor,0.9999980926513672,ok,
data\raw\974e32f0fa628a307ba1bc2ec7f48d137b8190da0582678d7c5c75c8120bf383\Testing\notumor\Te-no_110.jpg,artifacts\inference\convnext-tiny-production\Te-no_110__notumor__highlighted.png,convnext_tiny,notumor,0.9999996423721313,ok,
data\raw\974e32f0fa628a307ba1bc2ec7f48d137b8190da0582678d7c5c75c8120bf383\Testing\notumor\Te-no_111.jpg,artifacts\inference\convnext-tiny-production\Te-no_111__notumor__highlighted.png,convnext_tiny,notumor,0.9998750686645508,ok,
data\raw\974e32f0fa628a307ba1bc2ec7f48d137b8190da0582678d7c5c75c8120bf383\Testing\notumor\Te-no_112.jpg,artifacts\inference\convnext-tiny-production\Te-no_112__notumor__highlighted.png,convnext_tiny,notumor,0.9999994039535522,ok,
data\raw\974e32f0fa628a307ba1bc2ec7f48d137b8190da0582678d7c5c75c8120bf383\Testing\notumor\Te-no_113.jpg,artifacts\inference\convnext-tiny-production\Te-no_113__notumor__highlighted.png,convnext_tiny,notumor,0.9999996423721313,ok,
data\raw\974e32f0fa628a307ba1bc2ec7f48d137b8190da0582678d7c5c75c8120bf383\Testing\notumor\Te-no_114.jpg,artifacts\inference\convnext-tiny-production\Te-no_114__notumor__highlighted.png,convnext_tiny,notumor,0.9999997615814209,ok,
data\raw\974e32f0fa628a307ba1bc2ec7f48d137b8190da0582678d7c5c75c8120bf383\Testing\notumor\Te-no_115.jpg,artifacts\inference\convnext-tiny-production\Te-no_115__notumor__highlighted.png,convnext_tiny,notumor,0.9999972581863403,ok,
data\raw\974e32f0fa628a307ba1bc2ec7f48d137b8190da0582678d7c5c75c8120bf383\Testing\notumor\Te-no_116.jpg,artifacts\inference\convnext-tiny-production\Te-no_116__notumor__highlighted.png,convnext_tiny,notumor,0.9999992847442627,ok,
data\raw\974e32f0fa628a307ba1bc2ec7f48d137b8190da0582678d7c5c75c8120bf383\Testing\notumor\Te-no_117.jpg,artifacts\inference\convnext-tiny-production\Te-no_117__notumor__highlighted.png,convnext_tiny,notumor,0.9999939203262329,ok,
data\raw\974e32f0fa628a307ba1bc2ec7f48d137b8190da0582678d7c5c75c8120bf383\Testing\notumor\Te-no_118.jpg,artifacts\inference\convnext-tiny-production\Te-no_118__notumor__highlighted.png,convnext_tiny,notumor,0.9999997615814209,ok,
data\raw\974e32f0fa628a307ba1bc2ec7f48d137b8190da0582678d7c5c75c8120bf383\Testing\notumor\Te-no_119.jpg,artifacts\inference\convnext-tiny-production\Te-no_119__notumor__highlighted.png,convnext_tiny,notumor,0.9999971389770508,ok,
data\raw\974e32f0fa628a307ba1bc2ec7f48d137b8190da0582678d7c5c75c8120bf383\Testing\notumor\Te-no_12.jpg,artifacts\inference\convnext-tiny-production\Te-no_12__notumor__highlighted.png,convnext_tiny,notumor,0.9999574422836304,ok,
data\raw\974e32f0fa628a307ba1bc2ec7f48d137b8190da0582678d7c5c75c8120bf383\Testing\notumor\Te-no_120.jpg,artifacts\inference\convnext-tiny-production\Te-no_120__notumor__highlighted.png,convnext_tiny,notumor,0.9999998807907104,ok,
data\raw\974e32f0fa628a307ba1bc2ec7f48d137b8190da0582678d7c5c75c8120bf383\Testing\notumor\Te-no_121.jpg,artifacts\inference\convnext-tiny-production\Te-no_121__notumor__highlighted.png,convnext_tiny,notumor,0.9998863935470581,ok,
data\raw\974e32f0fa628a307ba1bc2ec7f48d137b8190da0582678d7c5c75c8120bf383\Testing\notumor\Te-no_122.jpg,artifacts\inference\convnext-tiny-production\Te-no_122__notumor__highlighted.png,convnext_tiny,notumor,0.9999991655349731,ok,
data\raw\974e32f0fa628a307ba1bc2ec7f48d137b8190da0582678d7c5c75c8120bf383\Testing\notumor\Te-no_123.jpg,artifacts\inference\convnext-tiny-production\Te-no_123__notumor__highlighted.png,convnext_tiny,notumor,0.999998927116394,ok,
data\raw\974e32f0fa628a307ba1bc2ec7f48d137b8190da0582678d7c5c75c8120bf383\Testing\notumor\Te-no_124.jpg,artifacts\inference\convnext-tiny-production\Te-no_124__notumor__highlighted.png,convnext_tiny,notumor,0.999998927116394,ok,
data\raw\974e32f0fa628a307ba1bc2ec7f48d137b8190da0582678d7c5c75c8120bf383\Testing\notumor\Te-no_125.jpg,artifacts\inference\convnext-tiny-production\Te-no_125__notumor__highlighted.png,convnext_tiny,notumor,0.9999998807907104,ok,
data\raw\974e32f0fa628a307ba1bc2ec7f48d137b8190da0582678d7c5c75c8120bf383\Testing\notumor\Te-no_126.jpg,artifacts\inference\convnext-tiny-production\Te-no_126__notumor__highlighted.png,convnext_tiny,notumor,0.9999963045120239,ok,
data\raw\974e32f0fa628a307ba1bc2ec7f48d137b8190da0582678d7c5c75c8120bf383\Testing\notumor\Te-no_127.jpg,artifacts\inference\convnext-tiny-production\Te-no_127__notumor__highlighted.png,convnext_tiny,notumor,1.0,ok,
data\raw\974e32f0fa628a307ba1bc2ec7f48d137b8190da0582678d7c5c75c8120bf383\Testing\notumor\Te-no_128.jpg,artifacts\inference\convnext-tiny-production\Te-no_128__notumor__highlighted.png,convnext_tiny,notumor,0.9998853206634521,ok,
data\raw\974e32f0fa628a307ba1bc2ec7f48d137b8190da0582678d7c5c75c8120bf383\Testing\notumor\Te-no_129.jpg,artifacts\inference\convnext-tiny-production\Te-no_129__notumor__highlighted.png,convnext_tiny,notumor,0.9999994039535522,ok,
data\raw\974e32f0fa628a307ba1bc2ec7f48d137b8190da0582678d7c5c75c8120bf383\Testing\notumor\Te-no_13.jpg,artifacts\inference\convnext-tiny-production\Te-no_13__notumor__highlighted.png,convnext_tiny,notumor,0.9999996423721313,ok,
data\raw\974e32f0fa628a307ba1bc2ec7f48d137b8190da0582678d7c5c75c8120bf383\Testing\notumor\Te-no_130.jpg,artifacts\inference\convnext-tiny-production\Te-no_130__notumor__highlighted.png,convnext_tiny,notumor,0.999992847442627,ok,
data\raw\974e32f0fa628a307ba1bc2ec7f48d137b8190da0582678d7c5c75c8120bf383\Testing\notumor\Te-no_131.jpg,artifacts\inference\convnext-tiny-production\Te-no_131__notumor__highlighted.png,convnext_tiny,notumor,0.9999997615814209,ok,
data\raw\974e32f0fa628a307ba1bc2ec7f48d137b8190da0582678d7c5c75c8120bf383\Testing\notumor\Te-no_132.jpg,artifacts\inference\convnext-tiny-production\Te-no_132__notumor__highlighted.png,convnext_tiny,notumor,0.999992847442627,ok,
data\raw\974e32f0fa628a307ba1bc2ec7f48d137b8190da0582678d7c5c75c8120bf383\Testing\notumor\Te-no_133.jpg,artifacts\inference\convnext-tiny-production\Te-no_133__notumor__highlighted.png,convnext_tiny,notumor,0.9995929598808289,ok,
data\raw\974e32f0fa628a307ba1bc2ec7f48d137b8190da0582678d7c5c75c8120bf383\Testing\notumor\Te-no_134.jpg,artifacts\inference\convnext-tiny-production\Te-no_134__notumor__highlighted.png,convnext_tiny,notumor,0.9999985694885254,ok,
data\raw\974e32f0fa628a307ba1bc2ec7f48d137b8190da0582678d7c5c75c8120bf383\Testing\notumor\Te-no_135.jpg,artifacts\inference\convnext-tiny-production\Te-no_135__notumor__highlighted.png,convnext_tiny,notumor,0.9999995231628418,ok,
data\raw\974e32f0fa628a307ba1bc2ec7f48d137b8190da0582678d7c5c75c8120bf383\Testing\notumor\Te-no_136.jpg,artifacts\inference\convnext-tiny-production\Te-no_136__notumor__highlighted.png,convnext_tiny,notumor,0.9999904632568359,ok,
data\raw\974e32f0fa628a307ba1bc2ec7f48d137b8190da0582678d7c5c75c8120bf383\Testing\notumor\Te-no_137.jpg,artifacts\inference\convnext-tiny-production\Te-no_137__notumor__highlighted.png,convnext_tiny,notumor,0.9999997615814209,ok,
data\raw\974e32f0fa628a307ba1bc2ec7f48d137b8190da0582678d7c5c75c8120bf383\Testing\notumor\Te-no_138.jpg,artifacts\inference\convnext-tiny-production\Te-no_138__notumor__highlighted.png,convnext_tiny,notumor,0.9999966621398926,ok,
data\raw\974e32f0fa628a307ba1bc2ec7f48d137b8190da0582678d7c5c75c8120bf383\Testing\notumor\Te-no_139.jpg,artifacts\inference\convnext-tiny-production\Te-no_139__notumor__highlighted.png,convnext_tiny,notumor,0.9999890327453613,ok,
data\raw\974e32f0fa628a307ba1bc2ec7f48d137b8190da0582678d7c5c75c8120bf383\Testing\notumor\Te-no_14.jpg,artifacts\inference\convnext-tiny-production\Te-no_14__notumor__highlighted.png,convnext_tiny,notumor,0.9999936819076538,ok,
data\raw\974e32f0fa628a307ba1bc2ec7f48d137b8190da0582678d7c5c75c8120bf383\Testing\notumor\Te-no_140.jpg,artifacts\inference\convnext-tiny-production\Te-no_140__notumor__highlighted.png,convnext_tiny,notumor,0.9999997615814209,ok,
data\raw\974e32f0fa628a307ba1bc2ec7f48d137b8190da0582678d7c5c75c8120bf383\Testing\notumor\Te-no_141.jpg,artifacts\inference\convnext-tiny-production\Te-no_141__notumor__highlighted.png,convnext_tiny,notumor,0.9999841451644897,ok,
data\raw\974e32f0fa628a307ba1bc2ec7f48d137b8190da0582678d7c5c75c8120bf383\Testing\notumor\Te-no_142.jpg,artifacts\inference\convnext-tiny-production\Te-no_142__notumor__highlighted.png,convnext_tiny,notumor,0.9998005032539368,ok,
data\raw\974e32f0fa628a307ba1bc2ec7f48d137b8190da0582678d7c5c75c8120bf383\Testing\notumor\Te-no_143.jpg,artifacts\inference\convnext-tiny-production\Te-no_143__notumor__highlighted.png,convnext_tiny,notumor,0.99996018409729,ok,
data\raw\974e32f0fa628a307ba1bc2ec7f48d137b8190da0582678d7c5c75c8120bf383\Testing\notumor\Te-no_144.jpg,artifacts\inference\convnext-tiny-production\Te-no_144__notumor__highlighted.png,convnext_tiny,notumor,0.9999998807907104,ok,
data\raw\974e32f0fa628a307ba1bc2ec7f48d137b8190da0582678d7c5c75c8120bf383\Testing\notumor\Te-no_145.jpg,artifacts\inference\convnext-tiny-production\Te-no_145__notumor__highlighted.png,convnext_tiny,notumor,0.9999992847442627,ok,
data\raw\974e32f0fa628a307ba1bc2ec7f48d137b8190da0582678d7c5c75c8120bf383\Testing\notumor\Te-no_146.jpg,artifacts\inference\convnext-tiny-production\Te-no_146__notumor__highlighted.png,convnext_tiny,notumor,0.9999979734420776,ok,
data\raw\974e32f0fa628a307ba1bc2ec7f48d137b8190da0582678d7c5c75c8120bf383\Testing\notumor\Te-no_147.jpg,artifacts\inference\convnext-tiny-production\Te-no_147__notumor__highlighted.png,convnext_tiny,notumor,0.9999997615814209,ok,
data\raw\974e32f0fa628a307ba1bc2ec7f48d137b8190da0582678d7c5c75c8120bf383\Testing\notumor\Te-no_148.jpg,artifacts\inference\convnext-tiny-production\Te-no_148__notumor__highlighted.png,convnext_tiny,notumor,0.9999861717224121,ok,
data\raw\974e32f0fa628a307ba1bc2ec7f48d137b8190da0582678d7c5c75c8120bf383\Testing\notumor\Te-no_149.jpg,artifacts\inference\convnext-tiny-production\Te-no_149__notumor__highlighted.png,convnext_tiny,notumor,0.9999986886978149,ok,
data\raw\974e32f0fa628a307ba1bc2ec7f48d137b8190da0582678d7c5c75c8120bf383\Testing\notumor\Te-no_15.jpg,artifacts\inference\convnext-tiny-production\Te-no_15__notumor__highlighted.png,convnext_tiny,notumor,0.999995231628418,ok,
data\raw\974e32f0fa628a307ba1bc2ec7f48d137b8190da0582678d7c5c75c8120bf383\Testing\notumor\Te-no_150.jpg,artifacts\inference\convnext-tiny-production\Te-no_150__notumor__highlighted.png,convnext_tiny,notumor,0.9960134029388428,ok,
data\raw\974e32f0fa628a307ba1bc2ec7f48d137b8190da0582678d7c5c75c8120bf383\Testing\notumor\Te-no_151.jpg,artifacts\inference\convnext-tiny-production\Te-no_151__notumor__highlighted.png,convnext_tiny,notumor,0.9999760389328003,ok,
data\raw\974e32f0fa628a307ba1bc2ec7f48d137b8190da0582678d7c5c75c8120bf383\Testing\notumor\Te-no_152.jpg,artifacts\inference\convnext-tiny-production\Te-no_152__notumor__highlighted.png,convnext_tiny,notumor,0.9999912977218628,ok,
data\raw\974e32f0fa628a307ba1bc2ec7f48d137b8190da0582678d7c5c75c8120bf383\Testing\notumor\Te-no_153.jpg,artifacts\inference\convnext-tiny-production\Te-no_153__notumor__highlighted.png,convnext_tiny,notumor,0.999972939491272,ok,
data\raw\974e32f0fa628a307ba1bc2ec7f48d137b8190da0582678d7c5c75c8120bf383\Testing\notumor\Te-no_154.jpg,artifacts\inference\convnext-tiny-production\Te-no_154__notumor__highlighted.png,convnext_tiny,notumor,1.0,ok,
data\raw\974e32f0fa628a307ba1bc2ec7f48d137b8190da0582678d7c5c75c8120bf383\Testing\notumor\Te-no_155.jpg,artifacts\inference\convnext-tiny-production\Te-no_155__notumor__highlighted.png,convnext_tiny,notumor,0.9999842643737793,ok,
data\raw\974e32f0fa628a307ba1bc2ec7f48d137b8190da0582678d7c5c75c8120bf383\Testing\notumor\Te-no_156.jpg,artifacts\inference\convnext-tiny-production\Te-no_156__notumor__highlighted.png,convnext_tiny,notumor,0.9999994039535522,ok,
data\raw\974e32f0fa628a307ba1bc2ec7f48d137b8190da0582678d7c5c75c8120bf383\Testing\notumor\Te-no_157.jpg,artifacts\inference\convnext-tiny-production\Te-no_157__notumor__highlighted.png,convnext_tiny,notumor,0.9999985694885254,ok,
data\raw\974e32f0fa628a307ba1bc2ec7f48d137b8190da0582678d7c5c75c8120bf383\Testing\notumor\Te-no_158.jpg,artifacts\inference\convnext-tiny-production\Te-no_158__notumor__highlighted.png,convnext_tiny,notumor,0.9999995231628418,ok,
data\raw\974e32f0fa628a307ba1bc2ec7f48d137b8190da0582678d7c5c75c8120bf383\Testing\notumor\Te-no_159.jpg,artifacts\inference\convnext-tiny-production\Te-no_159__notumor__highlighted.png,convnext_tiny,notumor,0.9999158382415771,ok,
data\raw\974e32f0fa628a307ba1bc2ec7f48d137b8190da0582678d7c5c75c8120bf383\Testing\notumor\Te-no_16.jpg,artifacts\inference\convnext-tiny-production\Te-no_16__notumor__highlighted.png,convnext_tiny,notumor,0.9999997615814209,ok,
data\raw\974e32f0fa628a307ba1bc2ec7f48d137b8190da0582678d7c5c75c8120bf383\Testing\notumor\Te-no_160.jpg,artifacts\inference\convnext-tiny-production\Te-no_160__notumor__highlighted.png,convnext_tiny,notumor,0.9999988079071045,ok,
data\raw\974e32f0fa628a307ba1bc2ec7f48d137b8190da0582678d7c5c75c8120bf383\Testing\notumor\Te-no_161.jpg,artifacts\inference\convnext-tiny-production\Te-no_161__notumor__highlighted.png,convnext_tiny,notumor,0.9999997615814209,ok,
data\raw\974e32f0fa628a307ba1bc2ec7f48d137b8190da0582678d7c5c75c8120bf383\Testing\notumor\Te-no_162.jpg,artifacts\inference\convnext-tiny-production\Te-no_162__notumor__highlighted.png,convnext_tiny,notumor,0.9999996423721313,ok,
data\raw\974e32f0fa628a307ba1bc2ec7f48d137b8190da0582678d7c5c75c8120bf383\Testing\notumor\Te-no_163.jpg,artifacts\inference\convnext-tiny-production\Te-no_163__notumor__highlighted.png,convnext_tiny,notumor,0.9999997615814209,ok,
data\raw\974e32f0fa628a307ba1bc2ec7f48d137b8190da0582678d7c5c75c8120bf383\Testing\notumor\Te-no_164.jpg,artifacts\inference\convnext-tiny-production\Te-no_164__notumor__highlighted.png,convnext_tiny,notumor,0.9999980926513672,ok,
data\raw\974e32f0fa628a307ba1bc2ec7f48d137b8190da0582678d7c5c75c8120bf383\Testing\notumor\Te-no_165.jpg,artifacts\inference\convnext-tiny-production\Te-no_165__notumor__highlighted.png,convnext_tiny,notumor,0.9999784231185913,ok,
data\raw\974e32f0fa628a307ba1bc2ec7f48d137b8190da0582678d7c5c75c8120bf383\Testing\notumor\Te-no_166.jpg,artifacts\inference\convnext-tiny-production\Te-no_166__notumor__highlighted.png,convnext_tiny,notumor,0.9999998807907104,ok,
data\raw\974e32f0fa628a307ba1bc2ec7f48d137b8190da0582678d7c5c75c8120bf383\Testing\notumor\Te-no_167.jpg,artifacts\inference\convnext-tiny-production\Te-no_167__notumor__highlighted.png,convnext_tiny,notumor,0.9976377487182617,ok,
data\raw\974e32f0fa628a307ba1bc2ec7f48d137b8190da0582678d7c5c75c8120bf383\Testing\notumor\Te-no_168.jpg,artifacts\inference\convnext-tiny-production\Te-no_168__notumor__highlighted.png,convnext_tiny,notumor,0.9999209642410278,ok,
data\raw\974e32f0fa628a307ba1bc2ec7f48d137b8190da0582678d7c5c75c8120bf383\Testing\notumor\Te-no_169.jpg,artifacts\inference\convnext-tiny-production\Te-no_169__notumor__highlighted.png,convnext_tiny,notumor,0.9999991655349731,ok,
data\raw\974e32f0fa628a307ba1bc2ec7f48d137b8190da0582678d7c5c75c8120bf383\Testing\notumor\Te-no_17.jpg,artifacts\inference\convnext-tiny-production\Te-no_17__notumor__highlighted.png,convnext_tiny,notumor,0.9998679161071777,ok,
data\raw\974e32f0fa628a307ba1bc2ec7f48d137b8190da0582678d7c5c75c8120bf383\Testing\notumor\Te-no_170.jpg,artifacts\inference\convnext-tiny-production\Te-no_170__notumor__highlighted.png,convnext_tiny,notumor,0.9999994039535522,ok,
data\raw\974e32f0fa628a307ba1bc2ec7f48d137b8190da0582678d7c5c75c8120bf383\Testing\notumor\Te-no_171.jpg,artifacts\inference\convnext-tiny-production\Te-no_171__notumor__highlighted.png,convnext_tiny,notumor,0.9999994039535522,ok,
data\raw\974e32f0fa628a307ba1bc2ec7f48d137b8190da0582678d7c5c75c8120bf383\Testing\notumor\Te-no_172.jpg,artifacts\inference\convnext-tiny-production\Te-no_172__notumor__highlighted.png,convnext_tiny,notumor,0.9999996423721313,ok,
data\raw\974e32f0fa628a307ba1bc2ec7f48d137b8190da0582678d7c5c75c8120bf383\Testing\notumor\Te-no_173.jpg,artifacts\inference\convnext-tiny-production\Te-no_173__notumor__highlighted.png,convnext_tiny,notumor,0.9998680353164673,ok,
data\raw\974e32f0fa628a307ba1bc2ec7f48d137b8190da0582678d7c5c75c8120bf383\Testing\notumor\Te-no_174.jpg,artifacts\inference\convnext-tiny-production\Te-no_174__notumor__highlighted.png,convnext_tiny,notumor,0.9999926090240479,ok,
data\raw\974e32f0fa628a307ba1bc2ec7f48d137b8190da0582678d7c5c75c8120bf383\Testing\notumor\Te-no_175.jpg,artifacts\inference\convnext-tiny-production\Te-no_175__notumor__highlighted.png,convnext_tiny,notumor,0.9999924898147583,ok,
data\raw\974e32f0fa628a307ba1bc2ec7f48d137b8190da0582678d7c5c75c8120bf383\Testing\notumor\Te-no_176.jpg,artifacts\inference\convnext-tiny-production\Te-no_176__notumor__highlighted.png,convnext_tiny,notumor,1.0,ok,
data\raw\974e32f0fa628a307ba1bc2ec7f48d137b8190da0582678d7c5c75c8120bf383\Testing\notumor\Te-no_177.jpg,artifacts\inference\convnext-tiny-production\Te-no_177__notumor__highlighted.png,convnext_tiny,notumor,0.9994577765464783,ok,
data\raw\974e32f0fa628a307ba1bc2ec7f48d137b8190da0582678d7c5c75c8120bf383\Testing\notumor\Te-no_178.jpg,artifacts\inference\convnext-tiny-production\Te-no_178__notumor__highlighted.png,convnext_tiny,notumor,0.9999997615814209,ok,
data\raw\974e32f0fa628a307ba1bc2ec7f48d137b8190da0582678d7c5c75c8120bf383\Testing\notumor\Te-no_179.jpg,artifacts\inference\convnext-tiny-production\Te-no_179__notumor__highlighted.png,convnext_tiny,notumor,0.9999995231628418,ok,
data\raw\974e32f0fa628a307ba1bc2ec7f48d137b8190da0582678d7c5c75c8120bf383\Testing\notumor\Te-no_18.jpg,artifacts\inference\convnext-tiny-production\Te-no_18__notumor__highlighted.png,convnext_tiny,notumor,0.9875619411468506,ok,
data\raw\974e32f0fa628a307ba1bc2ec7f48d137b8190da0582678d7c5c75c8120bf383\Testing\notumor\Te-no_180.jpg,artifacts\inference\convnext-tiny-production\Te-no_180__notumor__highlighted.png,convnext_tiny,notumor,0.9999977350234985,ok,
data\raw\974e32f0fa628a307ba1bc2ec7f48d137b8190da0582678d7c5c75c8120bf383\Testing\notumor\Te-no_181.jpg,artifacts\inference\convnext-tiny-production\Te-no_181__notumor__highlighted.png,convnext_tiny,notumor,0.9999992847442627,ok,
data\raw\974e32f0fa628a307ba1bc2ec7f48d137b8190da0582678d7c5c75c8120bf383\Testing\notumor\Te-no_182.jpg,artifacts\inference\convnext-tiny-production\Te-no_182__notumor__highlighted.png,convnext_tiny,notumor,0.9999997615814209,ok,
data\raw\974e32f0fa628a307ba1bc2ec7f48d137b8190da0582678d7c5c75c8120bf383\Testing\notumor\Te-no_183.jpg,artifacts\inference\convnext-tiny-production\Te-no_183__notumor__highlighted.png,convnext_tiny,notumor,0.9999994039535522,ok,
data\raw\974e32f0fa628a307ba1bc2ec7f48d137b8190da0582678d7c5c75c8120bf383\Testing\notumor\Te-no_184.jpg,artifacts\inference\convnext-tiny-production\Te-no_184__notumor__highlighted.png,convnext_tiny,notumor,0.9999984502792358,ok,
data\raw\974e32f0fa628a307ba1bc2ec7f48d137b8190da0582678d7c5c75c8120bf383\Testing\notumor\Te-no_185.jpg,artifacts\inference\convnext-tiny-production\Te-no_185__notumor__highlighted.png,convnext_tiny,notumor,0.9999520778656006,ok,
data\raw\974e32f0fa628a307ba1bc2ec7f48d137b8190da0582678d7c5c75c8120bf383\Testing\notumor\Te-no_186.jpg,artifacts\inference\convnext-tiny-production\Te-no_186__notumor__highlighted.png,convnext_tiny,notumor,0.9999979734420776,ok,
data\raw\974e32f0fa628a307ba1bc2ec7f48d137b8190da0582678d7c5c75c8120bf383\Testing\notumor\Te-no_187.jpg,artifacts\inference\convnext-tiny-production\Te-no_187__notumor__highlighted.png,convnext_tiny,notumor,0.9999455213546753,ok,
data\raw\974e32f0fa628a307ba1bc2ec7f48d137b8190da0582678d7c5c75c8120bf383\Testing\notumor\Te-no_188.jpg,artifacts\inference\convnext-tiny-production\Te-no_188__notumor__highlighted.png,convnext_tiny,notumor,0.9999942779541016,ok,
data\raw\974e32f0fa628a307ba1bc2ec7f48d137b8190da0582678d7c5c75c8120bf383\Testing\notumor\Te-no_189.jpg,artifacts\inference\convnext-tiny-production\Te-no_189__notumor__highlighted.png,convnext_tiny,notumor,0.9999997615814209,ok,
data\raw\974e32f0fa628a307ba1bc2ec7f48d137b8190da0582678d7c5c75c8120bf383\Testing\notumor\Te-no_19.jpg,artifacts\inference\convnext-tiny-production\Te-no_19__notumor__highlighted.png,convnext_tiny,notumor,0.9999711513519287,ok,
data\raw\974e32f0fa628a307ba1bc2ec7f48d137b8190da0582678d7c5c75c8120bf383\Testing\notumor\Te-no_190.jpg,artifacts\inference\convnext-tiny-production\Te-no_190__notumor__highlighted.png,convnext_tiny,notumor,0.9999997615814209,ok,
data\raw\974e32f0fa628a307ba1bc2ec7f48d137b8190da0582678d7c5c75c8120bf383\Testing\notumor\Te-no_191.jpg,artifacts\inference\convnext-tiny-production\Te-no_191__notumor__highlighted.png,convnext_tiny,notumor,0.9999961853027344,ok,
data\raw\974e32f0fa628a307ba1bc2ec7f48d137b8190da0582678d7c5c75c8120bf383\Testing\notumor\Te-no_192.jpg,artifacts\inference\convnext-tiny-production\Te-no_192__notumor__highlighted.png,convnext_tiny,notumor,0.9999991655349731,ok,
data\raw\974e32f0fa628a307ba1bc2ec7f48d137b8190da0582678d7c5c75c8120bf383\Testing\notumor\Te-no_193.jpg,artifacts\inference\convnext-tiny-production\Te-no_193__notumor__highlighted.png,convnext_tiny,notumor,0.9998666048049927,ok,
data\raw\974e32f0fa628a307ba1bc2ec7f48d137b8190da0582678d7c5c75c8120bf383\Testing\notumor\Te-no_194.jpg,artifacts\inference\convnext-tiny-production\Te-no_194__notumor__highlighted.png,convnext_tiny,notumor,0.9999985694885254,ok,
data\raw\974e32f0fa628a307ba1bc2ec7f48d137b8190da0582678d7c5c75c8120bf383\Testing\notumor\Te-no_195.jpg,artifacts\inference\convnext-tiny-production\Te-no_195__notumor__highlighted.png,convnext_tiny,notumor,0.999969482421875,ok,
data\raw\974e32f0fa628a307ba1bc2ec7f48d137b8190da0582678d7c5c75c8120bf383\Testing\notumor\Te-no_196.jpg,artifacts\inference\convnext-tiny-production\Te-no_196__notumor__highlighted.png,convnext_tiny,notumor,0.9999979734420776,ok,
data\raw\974e32f0fa628a307ba1bc2ec7f48d137b8190da0582678d7c5c75c8120bf383\Testing\notumor\Te-no_197.jpg,artifacts\inference\convnext-tiny-production\Te-no_197__notumor__highlighted.png,convnext_tiny,notumor,0.9999591112136841,ok,
data\raw\974e32f0fa628a307ba1bc2ec7f48d137b8190da0582678d7c5c75c8120bf383\Testing\notumor\Te-no_198.jpg,artifacts\inference\convnext-tiny-production\Te-no_198__notumor__highlighted.png,convnext_tiny,notumor,0.9998466968536377,ok,
data\raw\974e32f0fa628a307ba1bc2ec7f48d137b8190da0582678d7c5c75c8120bf383\Testing\notumor\Te-no_199.jpg,artifacts\inference\convnext-tiny-production\Te-no_199__notumor__highlighted.png,convnext_tiny,notumor,0.9999997615814209,ok,
data\raw\974e32f0fa628a307ba1bc2ec7f48d137b8190da0582678d7c5c75c8120bf383\Testing\notumor\Te-no_2.jpg,artifacts\inference\convnext-tiny-production\Te-no_2__notumor__highlighted.png,convnext_tiny,notumor,0.9999933242797852,ok,
data\raw\974e32f0fa628a307ba1bc2ec7f48d137b8190da0582678d7c5c75c8120bf383\Testing\notumor\Te-no_20.jpg,artifacts\inference\convnext-tiny-production\Te-no_20__notumor__highlighted.png,convnext_tiny,notumor,0.9999949932098389,ok,
data\raw\974e32f0fa628a307ba1bc2ec7f48d137b8190da0582678d7c5c75c8120bf383\Testing\notumor\Te-no_200.jpg,artifacts\inference\convnext-tiny-production\Te-no_200__notumor__highlighted.png,convnext_tiny,notumor,0.9999990463256836,ok,
data\raw\974e32f0fa628a307ba1bc2ec7f48d137b8190da0582678d7c5c75c8120bf383\Testing\notumor\Te-no_201.jpg,artifacts\inference\convnext-tiny-production\Te-no_201__notumor__highlighted.png,convnext_tiny,notumor,1.0,ok,
data\raw\974e32f0fa628a307ba1bc2ec7f48d137b8190da0582678d7c5c75c8120bf383\Testing\notumor\Te-no_202.jpg,artifacts\inference\convnext-tiny-production\Te-no_202__notumor__highlighted.png,convnext_tiny,notumor,0.9999943971633911,ok,
data\raw\974e32f0fa628a307ba1bc2ec7f48d137b8190da0582678d7c5c75c8120bf383\Testing\notumor\Te-no_203.jpg,artifacts\inference\convnext-tiny-production\Te-no_203__notumor__highlighted.png,convnext_tiny,notumor,0.9999992847442627,ok,
data\raw\974e32f0fa628a307ba1bc2ec7f48d137b8190da0582678d7c5c75c8120bf383\Testing\notumor\Te-no_204.jpg,artifacts\inference\convnext-tiny-production\Te-no_204__notumor__highlighted.png,convnext_tiny,notumor,0.9999995231628418,ok,
data\raw\974e32f0fa628a307ba1bc2ec7f48d137b8190da0582678d7c5c75c8120bf383\Testing\notumor\Te-no_205.jpg,artifacts\inference\convnext-tiny-production\Te-no_205__notumor__highlighted.png,convnext_tiny,notumor,0.9999998807907104,ok,
data\raw\974e32f0fa628a307ba1bc2ec7f48d137b8190da0582678d7c5c75c8120bf383\Testing\notumor\Te-no_206.jpg,artifacts\inference\convnext-tiny-production\Te-no_206__notumor__highlighted.png,convnext_tiny,notumor,0.9999954700469971,ok,
data\raw\974e32f0fa628a307ba1bc2ec7f48d137b8190da0582678d7c5c75c8120bf383\Testing\notumor\Te-no_207.jpg,artifacts\inference\convnext-tiny-production\Te-no_207__notumor__highlighted.png,convnext_tiny,notumor,0.9999988079071045,ok,
data\raw\974e32f0fa628a307ba1bc2ec7f48d137b8190da0582678d7c5c75c8120bf383\Testing\notumor\Te-no_208.jpg,artifacts\inference\convnext-tiny-production\Te-no_208__notumor__highlighted.png,convnext_tiny,notumor,0.9999996423721313,ok,
data\raw\974e32f0fa628a307ba1bc2ec7f48d137b8190da0582678d7c5c75c8120bf383\Testing\notumor\Te-no_209.jpg,artifacts\inference\convnext-tiny-production\Te-no_209__notumor__highlighted.png,convnext_tiny,notumor,0.9999929666519165,ok,
data\raw\974e32f0fa628a307ba1bc2ec7f48d137b8190da0582678d7c5c75c8120bf383\Testing\notumor\Te-no_21.jpg,artifacts\inference\convnext-tiny-production\Te-no_21__notumor__highlighted.png,convnext_tiny,notumor,0.9999991655349731,ok,
data\raw\974e32f0fa628a307ba1bc2ec7f48d137b8190da0582678d7c5c75c8120bf383\Testing\notumor\Te-no_210.jpg,artifacts\inference\convnext-tiny-production\Te-no_210__notumor__highlighted.png,convnext_tiny,notumor,0.9999947547912598,ok,
data\raw\974e32f0fa628a307ba1bc2ec7f48d137b8190da0582678d7c5c75c8120bf383\Testing\notumor\Te-no_211.jpg,artifacts\inference\convnext-tiny-production\Te-no_211__notumor__highlighted.png,convnext_tiny,notumor,0.999997615814209,ok,
data\raw\974e32f0fa628a307ba1bc2ec7f48d137b8190da0582678d7c5c75c8120bf383\Testing\notumor\Te-no_212.jpg,artifacts\inference\convnext-tiny-production\Te-no_212__notumor__highlighted.png,convnext_tiny,notumor,0.9999995231628418,ok,
data\raw\974e32f0fa628a307ba1bc2ec7f48d137b8190da0582678d7c5c75c8120bf383\Testing\notumor\Te-no_213.jpg,artifacts\inference\convnext-tiny-production\Te-no_213__notumor__highlighted.png,convnext_tiny,notumor,0.9999984502792358,ok,
data\raw\974e32f0fa628a307ba1bc2ec7f48d137b8190da0582678d7c5c75c8120bf383\Testing\notumor\Te-no_214.jpg,artifacts\inference\convnext-tiny-production\Te-no_214__notumor__highlighted.png,convnext_tiny,notumor,0.999971866607666,ok,
data\raw\974e32f0fa628a307ba1bc2ec7f48d137b8190da0582678d7c5c75c8120bf383\Testing\notumor\Te-no_215.jpg,artifacts\inference\convnext-tiny-production\Te-no_215__notumor__highlighted.png,convnext_tiny,notumor,0.9999468326568604,ok,
data\raw\974e32f0fa628a307ba1bc2ec7f48d137b8190da0582678d7c5c75c8120bf383\Testing\notumor\Te-no_216.jpg,artifacts\inference\convnext-tiny-production\Te-no_216__notumor__highlighted.png,convnext_tiny,notumor,0.9999996423721313,ok,
data\raw\974e32f0fa628a307ba1bc2ec7f48d137b8190da0582678d7c5c75c8120bf383\Testing\notumor\Te-no_217.jpg,artifacts\inference\convnext-tiny-production\Te-no_217__notumor__highlighted.png,convnext_tiny,notumor,0.9999988079071045,ok,
data\raw\974e32f0fa628a307ba1bc2ec7f48d137b8190da0582678d7c5c75c8120bf383\Testing\notumor\Te-no_218.jpg,artifacts\inference\convnext-tiny-production\Te-no_218__notumor__highlighted.png,convnext_tiny,notumor,0.9999963045120239,ok,
data\raw\974e32f0fa628a307ba1bc2ec7f48d137b8190da0582678d7c5c75c8120bf383\Testing\notumor\Te-no_219.jpg,artifacts\inference\convnext-tiny-production\Te-no_219__notumor__highlighted.png,convnext_tiny,notumor,0.9999722242355347,ok,
data\raw\974e32f0fa628a307ba1bc2ec7f48d137b8190da0582678d7c5c75c8120bf383\Testing\notumor\Te-no_22.jpg,artifacts\inference\convnext-tiny-production\Te-no_22__notumor__highlighted.png,convnext_tiny,notumor,0.99978107213974,ok,
data\raw\974e32f0fa628a307ba1bc2ec7f48d137b8190da0582678d7c5c75c8120bf383\Testing\notumor\Te-no_220.jpg,artifacts\inference\convnext-tiny-production\Te-no_220__notumor__highlighted.png,convnext_tiny,notumor,0.9999315738677979,ok,
data\raw\974e32f0fa628a307ba1bc2ec7f48d137b8190da0582678d7c5c75c8120bf383\Testing\notumor\Te-no_221.jpg,artifacts\inference\convnext-tiny-production\Te-no_221__notumor__highlighted.png,convnext_tiny,notumor,0.9999996423721313,ok,
data\raw\974e32f0fa628a307ba1bc2ec7f48d137b8190da0582678d7c5c75c8120bf383\Testing\notumor\Te-no_222.jpg,artifacts\inference\convnext-tiny-production\Te-no_222__notumor__highlighted.png,convnext_tiny,notumor,0.999987006187439,ok,
data\raw\974e32f0fa628a307ba1bc2ec7f48d137b8190da0582678d7c5c75c8120bf383\Testing\notumor\Te-no_223.jpg,artifacts\inference\convnext-tiny-production\Te-no_223__notumor__highlighted.png,convnext_tiny,notumor,0.9999998807907104,ok,
data\raw\974e32f0fa628a307ba1bc2ec7f48d137b8190da0582678d7c5c75c8120bf383\Testing\notumor\Te-no_224.jpg,artifacts\inference\convnext-tiny-production\Te-no_224__notumor__highlighted.png,convnext_tiny,notumor,0.9985361099243164,ok,
data\raw\974e32f0fa628a307ba1bc2ec7f48d137b8190da0582678d7c5c75c8120bf383\Testing\notumor\Te-no_225.jpg,artifacts\inference\convnext-tiny-production\Te-no_225__notumor__highlighted.png,convnext_tiny,notumor,0.9999932050704956,ok,
data\raw\974e32f0fa628a307ba1bc2ec7f48d137b8190da0582678d7c5c75c8120bf383\Testing\notumor\Te-no_226.jpg,artifacts\inference\convnext-tiny-production\Te-no_226__notumor__highlighted.png,convnext_tiny,notumor,0.9999964237213135,ok,
data\raw\974e32f0fa628a307ba1bc2ec7f48d137b8190da0582678d7c5c75c8120bf383\Testing\notumor\Te-no_227.jpg,artifacts\inference\convnext-tiny-production\Te-no_227__notumor__highlighted.png,convnext_tiny,notumor,0.9999974966049194,ok,
data\raw\974e32f0fa628a307ba1bc2ec7f48d137b8190da0582678d7c5c75c8120bf383\Testing\notumor\Te-no_228.jpg,artifacts\inference\convnext-tiny-production\Te-no_228__notumor__highlighted.png,convnext_tiny,notumor,0.9999728202819824,ok,
data\raw\974e32f0fa628a307ba1bc2ec7f48d137b8190da0582678d7c5c75c8120bf383\Testing\notumor\Te-no_229.jpg,artifacts\inference\convnext-tiny-production\Te-no_229__notumor__highlighted.png,convnext_tiny,notumor,0.9999997615814209,ok,
data\raw\974e32f0fa628a307ba1bc2ec7f48d137b8190da0582678d7c5c75c8120bf383\Testing\notumor\Te-no_23.jpg,artifacts\inference\convnext-tiny-production\Te-no_23__notumor__highlighted.png,convnext_tiny,notumor,0.999966025352478,ok,
data\raw\974e32f0fa628a307ba1bc2ec7f48d137b8190da0582678d7c5c75c8120bf383\Testing\notumor\Te-no_230.jpg,artifacts\inference\convnext-tiny-production\Te-no_230__notumor__highlighted.png,convnext_tiny,notumor,0.9997230172157288,ok,
data\raw\974e32f0fa628a307ba1bc2ec7f48d137b8190da0582678d7c5c75c8120bf383\Testing\notumor\Te-no_231.jpg,artifacts\inference\convnext-tiny-production\Te-no_231__notumor__highlighted.png,convnext_tiny,notumor,1.0,ok,
data\raw\974e32f0fa628a307ba1bc2ec7f48d137b8190da0582678d7c5c75c8120bf383\Testing\notumor\Te-no_232.jpg,artifacts\inference\convnext-tiny-production\Te-no_232__notumor__highlighted.png,convnext_tiny,notumor,0.9999986886978149,ok,
data\raw\974e32f0fa628a307ba1bc2ec7f48d137b8190da0582678d7c5c75c8120bf383\Testing\notumor\Te-no_233.jpg,artifacts\inference\convnext-tiny-production\Te-no_233__notumor__highlighted.png,convnext_tiny,notumor,0.9999964237213135,ok,
data\raw\974e32f0fa628a307ba1bc2ec7f48d137b8190da0582678d7c5c75c8120bf383\Testing\notumor\Te-no_234.jpg,artifacts\inference\convnext-tiny-production\Te-no_234__notumor__highlighted.png,convnext_tiny,notumor,0.9999995231628418,ok,
data\raw\974e32f0fa628a307ba1bc2ec7f48d137b8190da0582678d7c5c75c8120bf383\Testing\notumor\Te-no_235.jpg,artifacts\inference\convnext-tiny-production\Te-no_235__notumor__highlighted.png,convnext_tiny,notumor,0.9997517466545105,ok,
data\raw\974e32f0fa628a307ba1bc2ec7f48d137b8190da0582678d7c5c75c8120bf383\Testing\notumor\Te-no_236.jpg,artifacts\inference\convnext-tiny-production\Te-no_236__notumor__highlighted.png,convnext_tiny,notumor,0.9999998807907104,ok,
data\raw\974e32f0fa628a307ba1bc2ec7f48d137b8190da0582678d7c5c75c8120bf383\Testing\notumor\Te-no_237.jpg,artifacts\inference\convnext-tiny-production\Te-no_237__notumor__highlighted.png,convnext_tiny,notumor,0.9999986886978149,ok,
data\raw\974e32f0fa628a307ba1bc2ec7f48d137b8190da0582678d7c5c75c8120bf383\Testing\notumor\Te-no_238.jpg,artifacts\inference\convnext-tiny-production\Te-no_238__notumor__highlighted.png,convnext_tiny,notumor,0.9999998807907104,ok,
data\raw\974e32f0fa628a307ba1bc2ec7f48d137b8190da0582678d7c5c75c8120bf383\Testing\notumor\Te-no_239.jpg,artifacts\inference\convnext-tiny-production\Te-no_239__notumor__highlighted.png,convnext_tiny,notumor,0.9986786246299744,ok,
data\raw\974e32f0fa628a307ba1bc2ec7f48d137b8190da0582678d7c5c75c8120bf383\Testing\notumor\Te-no_24.jpg,artifacts\inference\convnext-tiny-production\Te-no_24__notumor__highlighted.png,convnext_tiny,notumor,0.999998927116394,ok,
data\raw\974e32f0fa628a307ba1bc2ec7f48d137b8190da0582678d7c5c75c8120bf383\Testing\notumor\Te-no_240.jpg,artifacts\inference\convnext-tiny-production\Te-no_240__notumor__highlighted.png,convnext_tiny,notumor,1.0,ok,
data\raw\974e32f0fa628a307ba1bc2ec7f48d137b8190da0582678d7c5c75c8120bf383\Testing\notumor\Te-no_241.jpg,artifacts\inference\convnext-tiny-production\Te-no_241__notumor__highlighted.png,convnext_tiny,notumor,0.9999953508377075,ok,
data\raw\974e32f0fa628a307ba1bc2ec7f48d137b8190da0582678d7c5c75c8120bf383\Testing\notumor\Te-no_242.jpg,artifacts\inference\convnext-tiny-production\Te-no_242__notumor__highlighted.png,convnext_tiny,notumor,0.9999996423721313,ok,
data\raw\974e32f0fa628a307ba1bc2ec7f48d137b8190da0582678d7c5c75c8120bf383\Testing\notumor\Te-no_243.jpg,artifacts\inference\convnext-tiny-production\Te-no_243__notumor__highlighted.png,convnext_tiny,notumor,0.9998780488967896,ok,
data\raw\974e32f0fa628a307ba1bc2ec7f48d137b8190da0582678d7c5c75c8120bf383\Testing\notumor\Te-no_244.jpg,artifacts\inference\convnext-tiny-production\Te-no_244__notumor__highlighted.png,convnext_tiny,notumor,0.9999821186065674,ok,
data\raw\974e32f0fa628a307ba1bc2ec7f48d137b8190da0582678d7c5c75c8120bf383\Testing\notumor\Te-no_245.jpg,artifacts\inference\convnext-tiny-production\Te-no_245__notumor__highlighted.png,convnext_tiny,notumor,0.9999823570251465,ok,
data\raw\974e32f0fa628a307ba1bc2ec7f48d137b8190da0582678d7c5c75c8120bf383\Testing\notumor\Te-no_246.jpg,artifacts\inference\convnext-tiny-production\Te-no_246__notumor__highlighted.png,convnext_tiny,notumor,1.0,ok,
data\raw\974e32f0fa628a307ba1bc2ec7f48d137b8190da0582678d7c5c75c8120bf383\Testing\notumor\Te-no_247.jpg,artifacts\inference\convnext-tiny-production\Te-no_247__notumor__highlighted.png,convnext_tiny,notumor,0.9999934434890747,ok,
data\raw\974e32f0fa628a307ba1bc2ec7f48d137b8190da0582678d7c5c75c8120bf383\Testing\notumor\Te-no_248.jpg,artifacts\inference\convnext-tiny-production\Te-no_248__notumor__highlighted.png,convnext_tiny,notumor,0.9999880790710449,ok,
data\raw\974e32f0fa628a307ba1bc2ec7f48d137b8190da0582678d7c5c75c8120bf383\Testing\notumor\Te-no_249.jpg,artifacts\inference\convnext-tiny-production\Te-no_249__notumor__highlighted.png,convnext_tiny,notumor,0.9999998807907104,ok,
data\raw\974e32f0fa628a307ba1bc2ec7f48d137b8190da0582678d7c5c75c8120bf383\Testing\notumor\Te-no_25.jpg,artifacts\inference\convnext-tiny-production\Te-no_25__notumor__highlighted.png,convnext_tiny,notumor,0.9999793767929077,ok,
data\raw\974e32f0fa628a307ba1bc2ec7f48d137b8190da0582678d7c5c75c8120bf383\Testing\notumor\Te-no_250.jpg,artifacts\inference\convnext-tiny-production\Te-no_250__notumor__highlighted.png,convnext_tiny,notumor,0.9999997615814209,ok,
data\raw\974e32f0fa628a307ba1bc2ec7f48d137b8190da0582678d7c5c75c8120bf383\Testing\notumor\Te-no_251.jpg,artifacts\inference\convnext-tiny-production\Te-no_251__notumor__highlighted.png,convnext_tiny,notumor,1.0,ok,
data\raw\974e32f0fa628a307ba1bc2ec7f48d137b8190da0582678d7c5c75c8120bf383\Testing\notumor\Te-no_252.jpg,artifacts\inference\convnext-tiny-production\Te-no_252__notumor__highlighted.png,convnext_tiny,notumor,0.9999997615814209,ok,
data\raw\974e32f0fa628a307ba1bc2ec7f48d137b8190da0582678d7c5c75c8120bf383\Testing\notumor\Te-no_253.jpg,artifacts\inference\convnext-tiny-production\Te-no_253__notumor__highlighted.png,convnext_tiny,notumor,0.9998579025268555,ok,
data\raw\974e32f0fa628a307ba1bc2ec7f48d137b8190da0582678d7c5c75c8120bf383\Testing\notumor\Te-no_254.jpg,artifacts\inference\convnext-tiny-production\Te-no_254__notumor__highlighted.png,convnext_tiny,notumor,0.9999896287918091,ok,
data\raw\974e32f0fa628a307ba1bc2ec7f48d137b8190da0582678d7c5c75c8120bf383\Testing\notumor\Te-no_255.jpg,artifacts\inference\convnext-tiny-production\Te-no_255__notumor__highlighted.png,convnext_tiny,notumor,0.9999942779541016,ok,
data\raw\974e32f0fa628a307ba1bc2ec7f48d137b8190da0582678d7c5c75c8120bf383\Testing\notumor\Te-no_256.jpg,artifacts\inference\convnext-tiny-production\Te-no_256__notumor__highlighted.png,convnext_tiny,notumor,0.999890923500061,ok,
data\raw\974e32f0fa628a307ba1bc2ec7f48d137b8190da0582678d7c5c75c8120bf383\Testing\notumor\Te-no_257.jpg,artifacts\inference\convnext-tiny-production\Te-no_257__notumor__highlighted.png,convnext_tiny,notumor,0.9999967813491821,ok,
data\raw\974e32f0fa628a307ba1bc2ec7f48d137b8190da0582678d7c5c75c8120bf383\Testing\notumor\Te-no_258.jpg,artifacts\inference\convnext-tiny-production\Te-no_258__notumor__highlighted.png,convnext_tiny,notumor,0.9999996423721313,ok,
data\raw\974e32f0fa628a307ba1bc2ec7f48d137b8190da0582678d7c5c75c8120bf383\Testing\notumor\Te-no_259.jpg,artifacts\inference\convnext-tiny-production\Te-no_259__notumor__highlighted.png,convnext_tiny,notumor,0.9999994039535522,ok,
data\raw\974e32f0fa628a307ba1bc2ec7f48d137b8190da0582678d7c5c75c8120bf383\Testing\notumor\Te-no_26.jpg,artifacts\inference\convnext-tiny-production\Te-no_26__notumor__highlighted.png,convnext_tiny,notumor,0.9999983310699463,ok,
data\raw\974e32f0fa628a307ba1bc2ec7f48d137b8190da0582678d7c5c75c8120bf383\Testing\notumor\Te-no_260.jpg,artifacts\inference\convnext-tiny-production\Te-no_260__notumor__highlighted.png,convnext_tiny,notumor,0.9999996423721313,ok,
data\raw\974e32f0fa628a307ba1bc2ec7f48d137b8190da0582678d7c5c75c8120bf383\Testing\notumor\Te-no_261.jpg,artifacts\inference\convnext-tiny-production\Te-no_261__notumor__highlighted.png,convnext_tiny,notumor,0.9999998807907104,ok,
data\raw\974e32f0fa628a307ba1bc2ec7f48d137b8190da0582678d7c5c75c8120bf383\Testing\notumor\Te-no_262.jpg,artifacts\inference\convnext-tiny-production\Te-no_262__notumor__highlighted.png,convnext_tiny,notumor,0.9999994039535522,ok,
data\raw\974e32f0fa628a307ba1bc2ec7f48d137b8190da0582678d7c5c75c8120bf383\Testing\notumor\Te-no_263.jpg,artifacts\inference\convnext-tiny-production\Te-no_263__notumor__highlighted.png,convnext_tiny,notumor,0.9999994039535522,ok,
data\raw\974e32f0fa628a307ba1bc2ec7f48d137b8190da0582678d7c5c75c8120bf383\Testing\notumor\Te-no_264.jpg,artifacts\inference\convnext-tiny-production\Te-no_264__notumor__highlighted.png,convnext_tiny,notumor,0.9999973773956299,ok,
data\raw\974e32f0fa628a307ba1bc2ec7f48d137b8190da0582678d7c5c75c8120bf383\Testing\notumor\Te-no_265.jpg,artifacts\inference\convnext-tiny-production\Te-no_265__notumor__highlighted.png,convnext_tiny,notumor,0.9999958276748657,ok,
data\raw\974e32f0fa628a307ba1bc2ec7f48d137b8190da0582678d7c5c75c8120bf383\Testing\notumor\Te-no_266.jpg,artifacts\inference\convnext-tiny-production\Te-no_266__notumor__highlighted.png,convnext_tiny,notumor,0.9999994039535522,ok,
data\raw\974e32f0fa628a307ba1bc2ec7f48d137b8190da0582678d7c5c75c8120bf383\Testing\notumor\Te-no_267.jpg,artifacts\inference\convnext-tiny-production\Te-no_267__notumor__highlighted.png,convnext_tiny,notumor,0.9999786615371704,ok,
data\raw\974e32f0fa628a307ba1bc2ec7f48d137b8190da0582678d7c5c75c8120bf383\Testing\notumor\Te-no_268.jpg,artifacts\inference\convnext-tiny-production\Te-no_268__notumor__highlighted.png,convnext_tiny,notumor,0.999526858329773,ok,
data\raw\974e32f0fa628a307ba1bc2ec7f48d137b8190da0582678d7c5c75c8120bf383\Testing\notumor\Te-no_269.jpg,artifacts\inference\convnext-tiny-production\Te-no_269__notumor__highlighted.png,convnext_tiny,notumor,0.9997947812080383,ok,
data\raw\974e32f0fa628a307ba1bc2ec7f48d137b8190da0582678d7c5c75c8120bf383\Testing\notumor\Te-no_27.jpg,artifacts\inference\convnext-tiny-production\Te-no_27__notumor__highlighted.png,convnext_tiny,notumor,0.9999938011169434,ok,
data\raw\974e32f0fa628a307ba1bc2ec7f48d137b8190da0582678d7c5c75c8120bf383\Testing\notumor\Te-no_270.jpg,artifacts\inference\convnext-tiny-production\Te-no_270__notumor__highlighted.png,convnext_tiny,notumor,0.999854564666748,ok,
data\raw\974e32f0fa628a307ba1bc2ec7f48d137b8190da0582678d7c5c75c8120bf383\Testing\notumor\Te-no_271.jpg,artifacts\inference\convnext-tiny-production\Te-no_271__notumor__highlighted.png,convnext_tiny,notumor,0.9999998807907104,ok,
data\raw\974e32f0fa628a307ba1bc2ec7f48d137b8190da0582678d7c5c75c8120bf383\Testing\notumor\Te-no_272.jpg,artifacts\inference\convnext-tiny-production\Te-no_272__notumor__highlighted.png,convnext_tiny,notumor,0.999901533126831,ok,
data\raw\974e32f0fa628a307ba1bc2ec7f48d137b8190da0582678d7c5c75c8120bf383\Testing\notumor\Te-no_273.jpg,artifacts\inference\convnext-tiny-production\Te-no_273__notumor__highlighted.png,convnext_tiny,notumor,0.999991774559021,ok,
data\raw\974e32f0fa628a307ba1bc2ec7f48d137b8190da0582678d7c5c75c8120bf383\Testing\notumor\Te-no_274.jpg,artifacts\inference\convnext-tiny-production\Te-no_274__notumor__highlighted.png,convnext_tiny,notumor,0.9999982118606567,ok,
data\raw\974e32f0fa628a307ba1bc2ec7f48d137b8190da0582678d7c5c75c8120bf383\Testing\notumor\Te-no_275.jpg,artifacts\inference\convnext-tiny-production\Te-no_275__notumor__highlighted.png,convnext_tiny,notumor,0.9999985694885254,ok,
data\raw\974e32f0fa628a307ba1bc2ec7f48d137b8190da0582678d7c5c75c8120bf383\Testing\notumor\Te-no_276.jpg,artifacts\inference\convnext-tiny-production\Te-no_276__notumor__highlighted.png,convnext_tiny,notumor,0.9999920129776001,ok,
data\raw\974e32f0fa628a307ba1bc2ec7f48d137b8190da0582678d7c5c75c8120bf383\Testing\notumor\Te-no_277.jpg,artifacts\inference\convnext-tiny-production\Te-no_277__notumor__highlighted.png,convnext_tiny,notumor,0.9999986886978149,ok,
data\raw\974e32f0fa628a307ba1bc2ec7f48d137b8190da0582678d7c5c75c8120bf383\Testing\notumor\Te-no_278.jpg,artifacts\inference\convnext-tiny-production\Te-no_278__notumor__highlighted.png,convnext_tiny,notumor,0.9999071359634399,ok,
data\raw\974e32f0fa628a307ba1bc2ec7f48d137b8190da0582678d7c5c75c8120bf383\Testing\notumor\Te-no_279.jpg,artifacts\inference\convnext-tiny-production\Te-no_279__notumor__highlighted.png,convnext_tiny,notumor,0.9999996423721313,ok,
data\raw\974e32f0fa628a307ba1bc2ec7f48d137b8190da0582678d7c5c75c8120bf383\Testing\notumor\Te-no_28.jpg,artifacts\inference\convnext-tiny-production\Te-no_28__notumor__highlighted.png,convnext_tiny,notumor,0.9999982118606567,ok,
data\raw\974e32f0fa628a307ba1bc2ec7f48d137b8190da0582678d7c5c75c8120bf383\Testing\notumor\Te-no_280.jpg,artifacts\inference\convnext-tiny-production\Te-no_280__notumor__highlighted.png,convnext_tiny,notumor,0.9999964237213135,ok,
data\raw\974e32f0fa628a307ba1bc2ec7f48d137b8190da0582678d7c5c75c8120bf383\Testing\notumor\Te-no_281.jpg,artifacts\inference\convnext-tiny-production\Te-no_281__notumor__highlighted.png,convnext_tiny,notumor,0.9999265670776367,ok,
data\raw\974e32f0fa628a307ba1bc2ec7f48d137b8190da0582678d7c5c75c8120bf383\Testing\notumor\Te-no_282.jpg,artifacts\inference\convnext-tiny-production\Te-no_282__notumor__highlighted.png,convnext_tiny,notumor,0.9999995231628418,ok,
data\raw\974e32f0fa628a307ba1bc2ec7f48d137b8190da0582678d7c5c75c8120bf383\Testing\notumor\Te-no_283.jpg,artifacts\inference\convnext-tiny-production\Te-no_283__notumor__highlighted.png,convnext_tiny,notumor,0.9999974966049194,ok,
data\raw\974e32f0fa628a307ba1bc2ec7f48d137b8190da0582678d7c5c75c8120bf383\Testing\notumor\Te-no_284.jpg,artifacts\inference\convnext-tiny-production\Te-no_284__notumor__highlighted.png,convnext_tiny,notumor,0.9999997615814209,ok,
data\raw\974e32f0fa628a307ba1bc2ec7f48d137b8190da0582678d7c5c75c8120bf383\Testing\notumor\Te-no_285.jpg,artifacts\inference\convnext-tiny-production\Te-no_285__notumor__highlighted.png,convnext_tiny,notumor,0.9999997615814209,ok,
data\raw\974e32f0fa628a307ba1bc2ec7f48d137b8190da0582678d7c5c75c8120bf383\Testing\notumor\Te-no_286.jpg,artifacts\inference\convnext-tiny-production\Te-no_286__notumor__highlighted.png,convnext_tiny,notumor,0.9999998807907104,ok,
data\raw\974e32f0fa628a307ba1bc2ec7f48d137b8190da0582678d7c5c75c8120bf383\Testing\notumor\Te-no_287.jpg,artifacts\inference\convnext-tiny-production\Te-no_287__notumor__highlighted.png,convnext_tiny,notumor,0.9998112320899963,ok,
data\raw\974e32f0fa628a307ba1bc2ec7f48d137b8190da0582678d7c5c75c8120bf383\Testing\notumor\Te-no_288.jpg,artifacts\inference\convnext-tiny-production\Te-no_288__notumor__highlighted.png,convnext_tiny,notumor,0.9991492033004761,ok,
data\raw\974e32f0fa628a307ba1bc2ec7f48d137b8190da0582678d7c5c75c8120bf383\Testing\notumor\Te-no_289.jpg,artifacts\inference\convnext-tiny-production\Te-no_289__notumor__highlighted.png,convnext_tiny,notumor,0.9999866485595703,ok,
data\raw\974e32f0fa628a307ba1bc2ec7f48d137b8190da0582678d7c5c75c8120bf383\Testing\notumor\Te-no_29.jpg,artifacts\inference\convnext-tiny-production\Te-no_29__notumor__highlighted.png,convnext_tiny,notumor,0.9999970197677612,ok,
data\raw\974e32f0fa628a307ba1bc2ec7f48d137b8190da0582678d7c5c75c8120bf383\Testing\notumor\Te-no_290.jpg,artifacts\inference\convnext-tiny-production\Te-no_290__notumor__highlighted.png,convnext_tiny,notumor,0.999990701675415,ok,
data\raw\974e32f0fa628a307ba1bc2ec7f48d137b8190da0582678d7c5c75c8120bf383\Testing\notumor\Te-no_291.jpg,artifacts\inference\convnext-tiny-production\Te-no_291__notumor__highlighted.png,convnext_tiny,notumor,0.9999809265136719,ok,
data\raw\974e32f0fa628a307ba1bc2ec7f48d137b8190da0582678d7c5c75c8120bf383\Testing\notumor\Te-no_292.jpg,artifacts\inference\convnext-tiny-production\Te-no_292__notumor__highlighted.png,convnext_tiny,notumor,0.9999982118606567,ok,
data\raw\974e32f0fa628a307ba1bc2ec7f48d137b8190da0582678d7c5c75c8120bf383\Testing\notumor\Te-no_293.jpg,artifacts\inference\convnext-tiny-production\Te-no_293__notumor__highlighted.png,convnext_tiny,notumor,0.9999926090240479,ok,
data\raw\974e32f0fa628a307ba1bc2ec7f48d137b8190da0582678d7c5c75c8120bf383\Testing\notumor\Te-no_294.jpg,artifacts\inference\convnext-tiny-production\Te-no_294__notumor__highlighted.png,convnext_tiny,notumor,0.9999668598175049,ok,
data\raw\974e32f0fa628a307ba1bc2ec7f48d137b8190da0582678d7c5c75c8120bf383\Testing\notumor\Te-no_295.jpg,artifacts\inference\convnext-tiny-production\Te-no_295__notumor__highlighted.png,convnext_tiny,notumor,0.9999998807907104,ok,
data\raw\974e32f0fa628a307ba1bc2ec7f48d137b8190da0582678d7c5c75c8120bf383\Testing\notumor\Te-no_296.jpg,artifacts\inference\convnext-tiny-production\Te-no_296__notumor__highlighted.png,convnext_tiny,notumor,0.9999991655349731,ok,
data\raw\974e32f0fa628a307ba1bc2ec7f48d137b8190da0582678d7c5c75c8120bf383\Testing\notumor\Te-no_297.jpg,artifacts\inference\convnext-tiny-production\Te-no_297__notumor__highlighted.png,convnext_tiny,notumor,0.9999997615814209,ok,
data\raw\974e32f0fa628a307ba1bc2ec7f48d137b8190da0582678d7c5c75c8120bf383\Testing\notumor\Te-no_298.jpg,artifacts\inference\convnext-tiny-production\Te-no_298__notumor__highlighted.png,convnext_tiny,notumor,0.9999979734420776,ok,
data\raw\974e32f0fa628a307ba1bc2ec7f48d137b8190da0582678d7c5c75c8120bf383\Testing\notumor\Te-no_299.jpg,artifacts\inference\convnext-tiny-production\Te-no_299__notumor__highlighted.png,convnext_tiny,notumor,0.9999997615814209,ok,
data\raw\974e32f0fa628a307ba1bc2ec7f48d137b8190da0582678d7c5c75c8120bf383\Testing\notumor\Te-no_3.jpg,artifacts\inference\convnext-tiny-production\Te-no_3__notumor__highlighted.png,convnext_tiny,notumor,0.9999994039535522,ok,
data\raw\974e32f0fa628a307ba1bc2ec7f48d137b8190da0582678d7c5c75c8120bf383\Testing\notumor\Te-no_30.jpg,artifacts\inference\convnext-tiny-production\Te-no_30__notumor__highlighted.png,convnext_tiny,notumor,0.9999997615814209,ok,
data\raw\974e32f0fa628a307ba1bc2ec7f48d137b8190da0582678d7c5c75c8120bf383\Testing\notumor\Te-no_300.jpg,artifacts\inference\convnext-tiny-production\Te-no_300__notumor__highlighted.png,convnext_tiny,notumor,0.9999963045120239,ok,
data\raw\974e32f0fa628a307ba1bc2ec7f48d137b8190da0582678d7c5c75c8120bf383\Testing\notumor\Te-no_301.jpg,artifacts\inference\convnext-tiny-production\Te-no_301__notumor__highlighted.png,convnext_tiny,notumor,0.9999977350234985,ok,
data\raw\974e32f0fa628a307ba1bc2ec7f48d137b8190da0582678d7c5c75c8120bf383\Testing\notumor\Te-no_302.jpg,artifacts\inference\convnext-tiny-production\Te-no_302__notumor__highlighted.png,convnext_tiny,notumor,0.9999985694885254,ok,
data\raw\974e32f0fa628a307ba1bc2ec7f48d137b8190da0582678d7c5c75c8120bf383\Testing\notumor\Te-no_303.jpg,artifacts\inference\convnext-tiny-production\Te-no_303__notumor__highlighted.png,convnext_tiny,notumor,0.9999994039535522,ok,
data\raw\974e32f0fa628a307ba1bc2ec7f48d137b8190da0582678d7c5c75c8120bf383\Testing\notumor\Te-no_304.jpg,artifacts\inference\convnext-tiny-production\Te-no_304__notumor__highlighted.png,convnext_tiny,notumor,0.9999983310699463,ok,
data\raw\974e32f0fa628a307ba1bc2ec7f48d137b8190da0582678d7c5c75c8120bf383\Testing\notumor\Te-no_305.jpg,artifacts\inference\convnext-tiny-production\Te-no_305__notumor__highlighted.png,convnext_tiny,notumor,0.9999703168869019,ok,
data\raw\974e32f0fa628a307ba1bc2ec7f48d137b8190da0582678d7c5c75c8120bf383\Testing\notumor\Te-no_306.jpg,artifacts\inference\convnext-tiny-production\Te-no_306__notumor__highlighted.png,convnext_tiny,notumor,0.9999964237213135,ok,
data\raw\974e32f0fa628a307ba1bc2ec7f48d137b8190da0582678d7c5c75c8120bf383\Testing\notumor\Te-no_307.jpg,artifacts\inference\convnext-tiny-production\Te-no_307__notumor__highlighted.png,convnext_tiny,notumor,0.9999827146530151,ok,
data\raw\974e32f0fa628a307ba1bc2ec7f48d137b8190da0582678d7c5c75c8120bf383\Testing\notumor\Te-no_308.jpg,artifacts\inference\convnext-tiny-production\Te-no_308__notumor__highlighted.png,convnext_tiny,notumor,0.9999983310699463,ok,
data\raw\974e32f0fa628a307ba1bc2ec7f48d137b8190da0582678d7c5c75c8120bf383\Testing\notumor\Te-no_309.jpg,artifacts\inference\convnext-tiny-production\Te-no_309__notumor__highlighted.png,convnext_tiny,notumor,0.9999996423721313,ok,
data\raw\974e32f0fa628a307ba1bc2ec7f48d137b8190da0582678d7c5c75c8120bf383\Testing\notumor\Te-no_31.jpg,artifacts\inference\convnext-tiny-production\Te-no_31__notumor__highlighted.png,convnext_tiny,notumor,0.9999420642852783,ok,
data\raw\974e32f0fa628a307ba1bc2ec7f48d137b8190da0582678d7c5c75c8120bf383\Testing\notumor\Te-no_310.jpg,artifacts\inference\convnext-tiny-production\Te-no_310__notumor__highlighted.png,convnext_tiny,notumor,0.9999788999557495,ok,
data\raw\974e32f0fa628a307ba1bc2ec7f48d137b8190da0582678d7c5c75c8120bf383\Testing\notumor\Te-no_311.jpg,artifacts\inference\convnext-tiny-production\Te-no_311__notumor__highlighted.png,convnext_tiny,notumor,0.9998132586479187,ok,
data\raw\974e32f0fa628a307ba1bc2ec7f48d137b8190da0582678d7c5c75c8120bf383\Testing\notumor\Te-no_312.jpg,artifacts\inference\convnext-tiny-production\Te-no_312__notumor__highlighted.png,convnext_tiny,notumor,0.9999995231628418,ok,
data\raw\974e32f0fa628a307ba1bc2ec7f48d137b8190da0582678d7c5c75c8120bf383\Testing\notumor\Te-no_313.jpg,artifacts\inference\convnext-tiny-production\Te-no_313__notumor__highlighted.png,convnext_tiny,notumor,0.9999920129776001,ok,
data\raw\974e32f0fa628a307ba1bc2ec7f48d137b8190da0582678d7c5c75c8120bf383\Testing\notumor\Te-no_314.jpg,artifacts\inference\convnext-tiny-production\Te-no_314__notumor__highlighted.png,convnext_tiny,notumor,0.9999886751174927,ok,
data\raw\974e32f0fa628a307ba1bc2ec7f48d137b8190da0582678d7c5c75c8120bf383\Testing\notumor\Te-no_315.jpg,artifacts\inference\convnext-tiny-production\Te-no_315__notumor__highlighted.png,convnext_tiny,notumor,0.9994144439697266,ok,
data\raw\974e32f0fa628a307ba1bc2ec7f48d137b8190da0582678d7c5c75c8120bf383\Testing\notumor\Te-no_316.jpg,artifacts\inference\convnext-tiny-production\Te-no_316__notumor__highlighted.png,convnext_tiny,notumor,0.9999984502792358,ok,
data\raw\974e32f0fa628a307ba1bc2ec7f48d137b8190da0582678d7c5c75c8120bf383\Testing\notumor\Te-no_317.jpg,artifacts\inference\convnext-tiny-production\Te-no_317__notumor__highlighted.png,convnext_tiny,notumor,0.9999932050704956,ok,
data\raw\974e32f0fa628a307ba1bc2ec7f48d137b8190da0582678d7c5c75c8120bf383\Testing\notumor\Te-no_318.jpg,artifacts\inference\convnext-tiny-production\Te-no_318__notumor__highlighted.png,convnext_tiny,notumor,0.9999997615814209,ok,
data\raw\974e32f0fa628a307ba1bc2ec7f48d137b8190da0582678d7c5c75c8120bf383\Testing\notumor\Te-no_319.jpg,artifacts\inference\convnext-tiny-production\Te-no_319__notumor__highlighted.png,convnext_tiny,notumor,0.9999998807907104,ok,
data\raw\974e32f0fa628a307ba1bc2ec7f48d137b8190da0582678d7c5c75c8120bf383\Testing\notumor\Te-no_32.jpg,artifacts\inference\convnext-tiny-production\Te-no_32__notumor__highlighted.png,convnext_tiny,notumor,0.9999759197235107,ok,
data\raw\974e32f0fa628a307ba1bc2ec7f48d137b8190da0582678d7c5c75c8120bf383\Testing\notumor\Te-no_320.jpg,artifacts\inference\convnext-tiny-production\Te-no_320__notumor__highlighted.png,convnext_tiny,notumor,0.9999957084655762,ok,
data\raw\974e32f0fa628a307ba1bc2ec7f48d137b8190da0582678d7c5c75c8120bf383\Testing\notumor\Te-no_321.jpg,artifacts\inference\convnext-tiny-production\Te-no_321__notumor__highlighted.png,convnext_tiny,notumor,0.9999985694885254,ok,
data\raw\974e32f0fa628a307ba1bc2ec7f48d137b8190da0582678d7c5c75c8120bf383\Testing\notumor\Te-no_322.jpg,artifacts\inference\convnext-tiny-production\Te-no_322__notumor__highlighted.png,convnext_tiny,notumor,0.9999610185623169,ok,
data\raw\974e32f0fa628a307ba1bc2ec7f48d137b8190da0582678d7c5c75c8120bf383\Testing\notumor\Te-no_323.jpg,artifacts\inference\convnext-tiny-production\Te-no_323__notumor__highlighted.png,convnext_tiny,notumor,0.999997615814209,ok,
data\raw\974e32f0fa628a307ba1bc2ec7f48d137b8190da0582678d7c5c75c8120bf383\Testing\notumor\Te-no_324.jpg,artifacts\inference\convnext-tiny-production\Te-no_324__notumor__highlighted.png,convnext_tiny,notumor,0.9997488856315613,ok,
data\raw\974e32f0fa628a307ba1bc2ec7f48d137b8190da0582678d7c5c75c8120bf383\Testing\notumor\Te-no_325.jpg,artifacts\inference\convnext-tiny-production\Te-no_325__notumor__highlighted.png,convnext_tiny,notumor,0.9999978542327881,ok,
data\raw\974e32f0fa628a307ba1bc2ec7f48d137b8190da0582678d7c5c75c8120bf383\Testing\notumor\Te-no_326.jpg,artifacts\inference\convnext-tiny-production\Te-no_326__notumor__highlighted.png,convnext_tiny,notumor,0.9999996423721313,ok,
data\raw\974e32f0fa628a307ba1bc2ec7f48d137b8190da0582678d7c5c75c8120bf383\Testing\notumor\Te-no_327.jpg,artifacts\inference\convnext-tiny-production\Te-no_327__notumor__highlighted.png,convnext_tiny,notumor,0.9999850988388062,ok,
data\raw\974e32f0fa628a307ba1bc2ec7f48d137b8190da0582678d7c5c75c8120bf383\Testing\notumor\Te-no_328.jpg,artifacts\inference\convnext-tiny-production\Te-no_328__notumor__highlighted.png,convnext_tiny,notumor,0.9999995231628418,ok,
data\raw\974e32f0fa628a307ba1bc2ec7f48d137b8190da0582678d7c5c75c8120bf383\Testing\notumor\Te-no_329.jpg,artifacts\inference\convnext-tiny-production\Te-no_329__notumor__highlighted.png,convnext_tiny,notumor,0.9999996423721313,ok,
data\raw\974e32f0fa628a307ba1bc2ec7f48d137b8190da0582678d7c5c75c8120bf383\Testing\notumor\Te-no_33.jpg,artifacts\inference\convnext-tiny-production\Te-no_33__notumor__highlighted.png,convnext_tiny,notumor,1.0,ok,
data\raw\974e32f0fa628a307ba1bc2ec7f48d137b8190da0582678d7c5c75c8120bf383\Testing\notumor\Te-no_330.jpg,artifacts\inference\convnext-tiny-production\Te-no_330__notumor__highlighted.png,convnext_tiny,notumor,0.9999990463256836,ok,
data\raw\974e32f0fa628a307ba1bc2ec7f48d137b8190da0582678d7c5c75c8120bf383\Testing\notumor\Te-no_331.jpg,artifacts\inference\convnext-tiny-production\Te-no_331__notumor__highlighted.png,convnext_tiny,notumor,0.9999985694885254,ok,
data\raw\974e32f0fa628a307ba1bc2ec7f48d137b8190da0582678d7c5c75c8120bf383\Testing\notumor\Te-no_332.jpg,artifacts\inference\convnext-tiny-production\Te-no_332__notumor__highlighted.png,convnext_tiny,notumor,0.9999992847442627,ok,
data\raw\974e32f0fa628a307ba1bc2ec7f48d137b8190da0582678d7c5c75c8120bf383\Testing\notumor\Te-no_333.jpg,artifacts\inference\convnext-tiny-production\Te-no_333__notumor__highlighted.png,convnext_tiny,notumor,0.9999992847442627,ok,
data\raw\974e32f0fa628a307ba1bc2ec7f48d137b8190da0582678d7c5c75c8120bf383\Testing\notumor\Te-no_334.jpg,artifacts\inference\convnext-tiny-production\Te-no_334__notumor__highlighted.png,convnext_tiny,notumor,0.9999997615814209,ok,
data\raw\974e32f0fa628a307ba1bc2ec7f48d137b8190da0582678d7c5c75c8120bf383\Testing\notumor\Te-no_335.jpg,artifacts\inference\convnext-tiny-production\Te-no_335__notumor__highlighted.png,convnext_tiny,notumor,0.9999998807907104,ok,
data\raw\974e32f0fa628a307ba1bc2ec7f48d137b8190da0582678d7c5c75c8120bf383\Testing\notumor\Te-no_336.jpg,artifacts\inference\convnext-tiny-production\Te-no_336__notumor__highlighted.png,convnext_tiny,notumor,0.9999523162841797,ok,
data\raw\974e32f0fa628a307ba1bc2ec7f48d137b8190da0582678d7c5c75c8120bf383\Testing\notumor\Te-no_337.jpg,artifacts\inference\convnext-tiny-production\Te-no_337__notumor__highlighted.png,convnext_tiny,notumor,0.999998927116394,ok,
data\raw\974e32f0fa628a307ba1bc2ec7f48d137b8190da0582678d7c5c75c8120bf383\Testing\notumor\Te-no_338.jpg,artifacts\inference\convnext-tiny-production\Te-no_338__notumor__highlighted.png,convnext_tiny,notumor,0.9999979734420776,ok,
data\raw\974e32f0fa628a307ba1bc2ec7f48d137b8190da0582678d7c5c75c8120bf383\Testing\notumor\Te-no_339.jpg,artifacts\inference\convnext-tiny-production\Te-no_339__notumor__highlighted.png,convnext_tiny,notumor,1.0,ok,
data\raw\974e32f0fa628a307ba1bc2ec7f48d137b8190da0582678d7c5c75c8120bf383\Testing\notumor\Te-no_34.jpg,artifacts\inference\convnext-tiny-production\Te-no_34__notumor__highlighted.png,convnext_tiny,notumor,0.9999805688858032,ok,
data\raw\974e32f0fa628a307ba1bc2ec7f48d137b8190da0582678d7c5c75c8120bf383\Testing\notumor\Te-no_340.jpg,artifacts\inference\convnext-tiny-production\Te-no_340__notumor__highlighted.png,convnext_tiny,notumor,0.9999980926513672,ok,
data\raw\974e32f0fa628a307ba1bc2ec7f48d137b8190da0582678d7c5c75c8120bf383\Testing\notumor\Te-no_341.jpg,artifacts\inference\convnext-tiny-production\Te-no_341__notumor__highlighted.png,convnext_tiny,notumor,0.9999970197677612,ok,
data\raw\974e32f0fa628a307ba1bc2ec7f48d137b8190da0582678d7c5c75c8120bf383\Testing\notumor\Te-no_342.jpg,artifacts\inference\convnext-tiny-production\Te-no_342__notumor__highlighted.png,convnext_tiny,notumor,0.9999972581863403,ok,
data\raw\974e32f0fa628a307ba1bc2ec7f48d137b8190da0582678d7c5c75c8120bf383\Testing\notumor\Te-no_343.jpg,artifacts\inference\convnext-tiny-production\Te-no_343__notumor__highlighted.png,convnext_tiny,notumor,0.9999972581863403,ok,
data\raw\974e32f0fa628a307ba1bc2ec7f48d137b8190da0582678d7c5c75c8120bf383\Testing\notumor\Te-no_344.jpg,artifacts\inference\convnext-tiny-production\Te-no_344__notumor__highlighted.png,convnext_tiny,notumor,0.9999929666519165,ok,
data\raw\974e32f0fa628a307ba1bc2ec7f48d137b8190da0582678d7c5c75c8120bf383\Testing\notumor\Te-no_345.jpg,artifacts\inference\convnext-tiny-production\Te-no_345__notumor__highlighted.png,convnext_tiny,notumor,1.0,ok,
data\raw\974e32f0fa628a307ba1bc2ec7f48d137b8190da0582678d7c5c75c8120bf383\Testing\notumor\Te-no_346.jpg,artifacts\inference\convnext-tiny-production\Te-no_346__notumor__highlighted.png,convnext_tiny,notumor,0.9999998807907104,ok,
data\raw\974e32f0fa628a307ba1bc2ec7f48d137b8190da0582678d7c5c75c8120bf383\Testing\notumor\Te-no_347.jpg,artifacts\inference\convnext-tiny-production\Te-no_347__notumor__highlighted.png,convnext_tiny,notumor,0.9999129772186279,ok,
data\raw\974e32f0fa628a307ba1bc2ec7f48d137b8190da0582678d7c5c75c8120bf383\Testing\notumor\Te-no_348.jpg,artifacts\inference\convnext-tiny-production\Te-no_348__notumor__highlighted.png,convnext_tiny,notumor,0.9999369382858276,ok,
data\raw\974e32f0fa628a307ba1bc2ec7f48d137b8190da0582678d7c5c75c8120bf383\Testing\notumor\Te-no_349.jpg,artifacts\inference\convnext-tiny-production\Te-no_349__notumor__highlighted.png,convnext_tiny,notumor,0.9999998807907104,ok,
data\raw\974e32f0fa628a307ba1bc2ec7f48d137b8190da0582678d7c5c75c8120bf383\Testing\notumor\Te-no_35.jpg,artifacts\inference\convnext-tiny-production\Te-no_35__notumor__highlighted.png,convnext_tiny,notumor,0.9999994039535522,ok,
data\raw\974e32f0fa628a307ba1bc2ec7f48d137b8190da0582678d7c5c75c8120bf383\Testing\notumor\Te-no_350.jpg,artifacts\inference\convnext-tiny-production\Te-no_350__notumor__highlighted.png,convnext_tiny,notumor,0.999990701675415,ok,
data\raw\974e32f0fa628a307ba1bc2ec7f48d137b8190da0582678d7c5c75c8120bf383\Testing\notumor\Te-no_351.jpg,artifacts\inference\convnext-tiny-production\Te-no_351__notumor__highlighted.png,convnext_tiny,notumor,0.9999998807907104,ok,
data\raw\974e32f0fa628a307ba1bc2ec7f48d137b8190da0582678d7c5c75c8120bf383\Testing\notumor\Te-no_352.jpg,artifacts\inference\convnext-tiny-production\Te-no_352__notumor__highlighted.png,convnext_tiny,notumor,0.9999969005584717,ok,
data\raw\974e32f0fa628a307ba1bc2ec7f48d137b8190da0582678d7c5c75c8120bf383\Testing\notumor\Te-no_353.jpg,artifacts\inference\convnext-tiny-production\Te-no_353__notumor__highlighted.png,convnext_tiny,notumor,0.9999374151229858,ok,
data\raw\974e32f0fa628a307ba1bc2ec7f48d137b8190da0582678d7c5c75c8120bf383\Testing\notumor\Te-no_354.jpg,artifacts\inference\convnext-tiny-production\Te-no_354__notumor__highlighted.png,convnext_tiny,notumor,0.999984860420227,ok,
data\raw\974e32f0fa628a307ba1bc2ec7f48d137b8190da0582678d7c5c75c8120bf383\Testing\notumor\Te-no_355.jpg,artifacts\inference\convnext-tiny-production\Te-no_355__notumor__highlighted.png,convnext_tiny,notumor,0.9999895095825195,ok,
data\raw\974e32f0fa628a307ba1bc2ec7f48d137b8190da0582678d7c5c75c8120bf383\Testing\notumor\Te-no_356.jpg,artifacts\inference\convnext-tiny-production\Te-no_356__notumor__highlighted.png,convnext_tiny,notumor,0.9995953440666199,ok,
data\raw\974e32f0fa628a307ba1bc2ec7f48d137b8190da0582678d7c5c75c8120bf383\Testing\notumor\Te-no_357.jpg,artifacts\inference\convnext-tiny-production\Te-no_357__notumor__highlighted.png,convnext_tiny,notumor,0.9999998807907104,ok,
data\raw\974e32f0fa628a307ba1bc2ec7f48d137b8190da0582678d7c5c75c8120bf383\Testing\notumor\Te-no_358.jpg,artifacts\inference\convnext-tiny-production\Te-no_358__notumor__highlighted.png,convnext_tiny,notumor,0.9999991655349731,ok,
data\raw\974e32f0fa628a307ba1bc2ec7f48d137b8190da0582678d7c5c75c8120bf383\Testing\notumor\Te-no_359.jpg,artifacts\inference\convnext-tiny-production\Te-no_359__notumor__highlighted.png,convnext_tiny,notumor,0.9999991655349731,ok,
data\raw\974e32f0fa628a307ba1bc2ec7f48d137b8190da0582678d7c5c75c8120bf383\Testing\notumor\Te-no_36.jpg,artifacts\inference\convnext-tiny-production\Te-no_36__notumor__highlighted.png,convnext_tiny,notumor,0.999995231628418,ok,
data\raw\974e32f0fa628a307ba1bc2ec7f48d137b8190da0582678d7c5c75c8120bf383\Testing\notumor\Te-no_360.jpg,artifacts\inference\convnext-tiny-production\Te-no_360__notumor__highlighted.png,convnext_tiny,notumor,0.9999980926513672,ok,
data\raw\974e32f0fa628a307ba1bc2ec7f48d137b8190da0582678d7c5c75c8120bf383\Testing\notumor\Te-no_361.jpg,artifacts\inference\convnext-tiny-production\Te-no_361__notumor__highlighted.png,convnext_tiny,notumor,0.9999223947525024,ok,
data\raw\974e32f0fa628a307ba1bc2ec7f48d137b8190da0582678d7c5c75c8120bf383\Testing\notumor\Te-no_362.jpg,artifacts\inference\convnext-tiny-production\Te-no_362__notumor__highlighted.png,convnext_tiny,notumor,0.999756395816803,ok,
data\raw\974e32f0fa628a307ba1bc2ec7f48d137b8190da0582678d7c5c75c8120bf383\Testing\notumor\Te-no_363.jpg,artifacts\inference\convnext-tiny-production\Te-no_363__notumor__highlighted.png,convnext_tiny,notumor,0.9999998807907104,ok,
data\raw\974e32f0fa628a307ba1bc2ec7f48d137b8190da0582678d7c5c75c8120bf383\Testing\notumor\Te-no_364.jpg,artifacts\inference\convnext-tiny-production\Te-no_364__notumor__highlighted.png,convnext_tiny,notumor,0.9999994039535522,ok,
data\raw\974e32f0fa628a307ba1bc2ec7f48d137b8190da0582678d7c5c75c8120bf383\Testing\notumor\Te-no_365.jpg,artifacts\inference\convnext-tiny-production\Te-no_365__notumor__highlighted.png,convnext_tiny,notumor,0.9994188547134399,ok,
data\raw\974e32f0fa628a307ba1bc2ec7f48d137b8190da0582678d7c5c75c8120bf383\Testing\notumor\Te-no_366.jpg,artifacts\inference\convnext-tiny-production\Te-no_366__notumor__highlighted.png,convnext_tiny,notumor,0.9999996423721313,ok,
data\raw\974e32f0fa628a307ba1bc2ec7f48d137b8190da0582678d7c5c75c8120bf383\Testing\notumor\Te-no_367.jpg,artifacts\inference\convnext-tiny-production\Te-no_367__notumor__highlighted.png,convnext_tiny,notumor,0.9998528957366943,ok,
data\raw\974e32f0fa628a307ba1bc2ec7f48d137b8190da0582678d7c5c75c8120bf383\Testing\notumor\Te-no_368.jpg,artifacts\inference\convnext-tiny-production\Te-no_368__notumor__highlighted.png,convnext_tiny,notumor,0.9999995231628418,ok,
data\raw\974e32f0fa628a307ba1bc2ec7f48d137b8190da0582678d7c5c75c8120bf383\Testing\notumor\Te-no_369.jpg,artifacts\inference\convnext-tiny-production\Te-no_369__notumor__highlighted.png,convnext_tiny,notumor,0.999998927116394,ok,
data\raw\974e32f0fa628a307ba1bc2ec7f48d137b8190da0582678d7c5c75c8120bf383\Testing\notumor\Te-no_37.jpg,artifacts\inference\convnext-tiny-production\Te-no_37__notumor__highlighted.png,convnext_tiny,notumor,0.9999967813491821,ok,
data\raw\974e32f0fa628a307ba1bc2ec7f48d137b8190da0582678d7c5c75c8120bf383\Testing\notumor\Te-no_370.jpg,artifacts\inference\convnext-tiny-production\Te-no_370__notumor__highlighted.png,convnext_tiny,notumor,0.9999994039535522,ok,
data\raw\974e32f0fa628a307ba1bc2ec7f48d137b8190da0582678d7c5c75c8120bf383\Testing\notumor\Te-no_371.jpg,artifacts\inference\convnext-tiny-production\Te-no_371__notumor__highlighted.png,convnext_tiny,notumor,0.9999991655349731,ok,
data\raw\974e32f0fa628a307ba1bc2ec7f48d137b8190da0582678d7c5c75c8120bf383\Testing\notumor\Te-no_372.jpg,artifacts\inference\convnext-tiny-production\Te-no_372__notumor__highlighted.png,convnext_tiny,notumor,0.9999998807907104,ok,
data\raw\974e32f0fa628a307ba1bc2ec7f48d137b8190da0582678d7c5c75c8120bf383\Testing\notumor\Te-no_373.jpg,artifacts\inference\convnext-tiny-production\Te-no_373__notumor__highlighted.png,convnext_tiny,notumor,0.9999856948852539,ok,
data\raw\974e32f0fa628a307ba1bc2ec7f48d137b8190da0582678d7c5c75c8120bf383\Testing\notumor\Te-no_374.jpg,artifacts\inference\convnext-tiny-production\Te-no_374__notumor__highlighted.png,convnext_tiny,notumor,0.9999988079071045,ok,
data\raw\974e32f0fa628a307ba1bc2ec7f48d137b8190da0582678d7c5c75c8120bf383\Testing\notumor\Te-no_375.jpg,artifacts\inference\convnext-tiny-production\Te-no_375__notumor__highlighted.png,convnext_tiny,notumor,1.0,ok,
data\raw\974e32f0fa628a307ba1bc2ec7f48d137b8190da0582678d7c5c75c8120bf383\Testing\notumor\Te-no_376.jpg,artifacts\inference\convnext-tiny-production\Te-no_376__notumor__highlighted.png,convnext_tiny,notumor,0.9999991655349731,ok,
data\raw\974e32f0fa628a307ba1bc2ec7f48d137b8190da0582678d7c5c75c8120bf383\Testing\notumor\Te-no_377.jpg,artifacts\inference\convnext-tiny-production\Te-no_377__notumor__highlighted.png,convnext_tiny,notumor,0.9999985694885254,ok,
data\raw\974e32f0fa628a307ba1bc2ec7f48d137b8190da0582678d7c5c75c8120bf383\Testing\notumor\Te-no_378.jpg,artifacts\inference\convnext-tiny-production\Te-no_378__notumor__highlighted.png,convnext_tiny,notumor,0.9999289512634277,ok,
data\raw\974e32f0fa628a307ba1bc2ec7f48d137b8190da0582678d7c5c75c8120bf383\Testing\notumor\Te-no_379.jpg,artifacts\inference\convnext-tiny-production\Te-no_379__notumor__highlighted.png,convnext_tiny,notumor,0.999970555305481,ok,
data\raw\974e32f0fa628a307ba1bc2ec7f48d137b8190da0582678d7c5c75c8120bf383\Testing\notumor\Te-no_38.jpg,artifacts\inference\convnext-tiny-production\Te-no_38__notumor__highlighted.png,convnext_tiny,notumor,0.9999936819076538,ok,
data\raw\974e32f0fa628a307ba1bc2ec7f48d137b8190da0582678d7c5c75c8120bf383\Testing\notumor\Te-no_380.jpg,artifacts\inference\convnext-tiny-production\Te-no_380__notumor__highlighted.png,convnext_tiny,notumor,0.9999815225601196,ok,
data\raw\974e32f0fa628a307ba1bc2ec7f48d137b8190da0582678d7c5c75c8120bf383\Testing\notumor\Te-no_381.jpg,artifacts\inference\convnext-tiny-production\Te-no_381__notumor__highlighted.png,convnext_tiny,notumor,0.9999852180480957,ok,
data\raw\974e32f0fa628a307ba1bc2ec7f48d137b8190da0582678d7c5c75c8120bf383\Testing\notumor\Te-no_382.jpg,artifacts\inference\convnext-tiny-production\Te-no_382__notumor__highlighted.png,convnext_tiny,notumor,0.999993085861206,ok,
data\raw\974e32f0fa628a307ba1bc2ec7f48d137b8190da0582678d7c5c75c8120bf383\Testing\notumor\Te-no_383.jpg,artifacts\inference\convnext-tiny-production\Te-no_383__notumor__highlighted.png,convnext_tiny,notumor,0.9999998807907104,ok,
data\raw\974e32f0fa628a307ba1bc2ec7f48d137b8190da0582678d7c5c75c8120bf383\Testing\notumor\Te-no_384.jpg,artifacts\inference\convnext-tiny-production\Te-no_384__notumor__highlighted.png,convnext_tiny,notumor,0.9998983144760132,ok,
data\raw\974e32f0fa628a307ba1bc2ec7f48d137b8190da0582678d7c5c75c8120bf383\Testing\notumor\Te-no_385.jpg,artifacts\inference\convnext-tiny-production\Te-no_385__notumor__highlighted.png,convnext_tiny,notumor,0.9999980926513672,ok,
data\raw\974e32f0fa628a307ba1bc2ec7f48d137b8190da0582678d7c5c75c8120bf383\Testing\notumor\Te-no_386.jpg,artifacts\inference\convnext-tiny-production\Te-no_386__notumor__highlighted.png,convnext_tiny,notumor,0.9982105493545532,ok,
data\raw\974e32f0fa628a307ba1bc2ec7f48d137b8190da0582678d7c5c75c8120bf383\Testing\notumor\Te-no_387.jpg,artifacts\inference\convnext-tiny-production\Te-no_387__notumor__highlighted.png,convnext_tiny,notumor,1.0,ok,
data\raw\974e32f0fa628a307ba1bc2ec7f48d137b8190da0582678d7c5c75c8120bf383\Testing\notumor\Te-no_388.jpg,artifacts\inference\convnext-tiny-production\Te-no_388__notumor__highlighted.png,convnext_tiny,notumor,0.9999997615814209,ok,
data\raw\974e32f0fa628a307ba1bc2ec7f48d137b8190da0582678d7c5c75c8120bf383\Testing\notumor\Te-no_389.jpg,artifacts\inference\convnext-tiny-production\Te-no_389__notumor__highlighted.png,convnext_tiny,notumor,0.9999995231628418,ok,
data\raw\974e32f0fa628a307ba1bc2ec7f48d137b8190da0582678d7c5c75c8120bf383\Testing\notumor\Te-no_39.jpg,artifacts\inference\convnext-tiny-production\Te-no_39__notumor__highlighted.png,convnext_tiny,notumor,0.9999880790710449,ok,
data\raw\974e32f0fa628a307ba1bc2ec7f48d137b8190da0582678d7c5c75c8120bf383\Testing\notumor\Te-no_390.jpg,artifacts\inference\convnext-tiny-production\Te-no_390__notumor__highlighted.png,convnext_tiny,notumor,0.9999785423278809,ok,
data\raw\974e32f0fa628a307ba1bc2ec7f48d137b8190da0582678d7c5c75c8120bf383\Testing\notumor\Te-no_391.jpg,artifacts\inference\convnext-tiny-production\Te-no_391__notumor__highlighted.png,convnext_tiny,notumor,1.0,ok,
data\raw\974e32f0fa628a307ba1bc2ec7f48d137b8190da0582678d7c5c75c8120bf383\Testing\notumor\Te-no_392.jpg,artifacts\inference\convnext-tiny-production\Te-no_392__notumor__highlighted.png,convnext_tiny,notumor,0.9999984502792358,ok,
data\raw\974e32f0fa628a307ba1bc2ec7f48d137b8190da0582678d7c5c75c8120bf383\Testing\notumor\Te-no_393.jpg,artifacts\inference\convnext-tiny-production\Te-no_393__notumor__highlighted.png,convnext_tiny,notumor,0.9999240636825562,ok,
data\raw\974e32f0fa628a307ba1bc2ec7f48d137b8190da0582678d7c5c75c8120bf383\Testing\notumor\Te-no_394.jpg,artifacts\inference\convnext-tiny-production\Te-no_394__notumor__highlighted.png,convnext_tiny,notumor,0.9999996423721313,ok,
data\raw\974e32f0fa628a307ba1bc2ec7f48d137b8190da0582678d7c5c75c8120bf383\Testing\notumor\Te-no_395.jpg,artifacts\inference\convnext-tiny-production\Te-no_395__notumor__highlighted.png,convnext_tiny,notumor,0.9999995231628418,ok,
data\raw\974e32f0fa628a307ba1bc2ec7f48d137b8190da0582678d7c5c75c8120bf383\Testing\notumor\Te-no_396.jpg,artifacts\inference\convnext-tiny-production\Te-no_396__notumor__highlighted.png,convnext_tiny,notumor,0.9999991655349731,ok,
data\raw\974e32f0fa628a307ba1bc2ec7f48d137b8190da0582678d7c5c75c8120bf383\Testing\notumor\Te-no_397.jpg,artifacts\inference\convnext-tiny-production\Te-no_397__notumor__highlighted.png,convnext_tiny,notumor,0.9999997615814209,ok,
data\raw\974e32f0fa628a307ba1bc2ec7f48d137b8190da0582678d7c5c75c8120bf383\Testing\notumor\Te-no_398.jpg,artifacts\inference\convnext-tiny-production\Te-no_398__notumor__highlighted.png,convnext_tiny,notumor,0.9999978542327881,ok,
data\raw\974e32f0fa628a307ba1bc2ec7f48d137b8190da0582678d7c5c75c8120bf383\Testing\notumor\Te-no_399.jpg,artifacts\inference\convnext-tiny-production\Te-no_399__notumor__highlighted.png,convnext_tiny,notumor,1.0,ok,
data\raw\974e32f0fa628a307ba1bc2ec7f48d137b8190da0582678d7c5c75c8120bf383\Testing\notumor\Te-no_4.jpg,artifacts\inference\convnext-tiny-production\Te-no_4__notumor__highlighted.png,convnext_tiny,notumor,0.9999891519546509,ok,
data\raw\974e32f0fa628a307ba1bc2ec7f48d137b8190da0582678d7c5c75c8120bf383\Testing\notumor\Te-no_40.jpg,artifacts\inference\convnext-tiny-production\Te-no_40__notumor__highlighted.png,convnext_tiny,notumor,0.9999979734420776,ok,
data\raw\974e32f0fa628a307ba1bc2ec7f48d137b8190da0582678d7c5c75c8120bf383\Testing\notumor\Te-no_400.jpg,artifacts\inference\convnext-tiny-production\Te-no_400__notumor__highlighted.png,convnext_tiny,notumor,0.9999964237213135,ok,
data\raw\974e32f0fa628a307ba1bc2ec7f48d137b8190da0582678d7c5c75c8120bf383\Testing\notumor\Te-no_41.jpg,artifacts\inference\convnext-tiny-production\Te-no_41__notumor__highlighted.png,convnext_tiny,notumor,0.9999991655349731,ok,
data\raw\974e32f0fa628a307ba1bc2ec7f48d137b8190da0582678d7c5c75c8120bf383\Testing\notumor\Te-no_42.jpg,artifacts\inference\convnext-tiny-production\Te-no_42__notumor__highlighted.png,convnext_tiny,notumor,0.9999867677688599,ok,
data\raw\974e32f0fa628a307ba1bc2ec7f48d137b8190da0582678d7c5c75c8120bf383\Testing\notumor\Te-no_43.jpg,artifacts\inference\convnext-tiny-production\Te-no_43__notumor__highlighted.png,convnext_tiny,notumor,0.9999982118606567,ok,
data\raw\974e32f0fa628a307ba1bc2ec7f48d137b8190da0582678d7c5c75c8120bf383\Testing\notumor\Te-no_44.jpg,artifacts\inference\convnext-tiny-production\Te-no_44__notumor__highlighted.png,convnext_tiny,notumor,0.9999988079071045,ok,
data\raw\974e32f0fa628a307ba1bc2ec7f48d137b8190da0582678d7c5c75c8120bf383\Testing\notumor\Te-no_45.jpg,artifacts\inference\convnext-tiny-production\Te-no_45__notumor__highlighted.png,convnext_tiny,notumor,0.9999967813491821,ok,
data\raw\974e32f0fa628a307ba1bc2ec7f48d137b8190da0582678d7c5c75c8120bf383\Testing\notumor\Te-no_46.jpg,artifacts\inference\convnext-tiny-production\Te-no_46__notumor__highlighted.png,convnext_tiny,notumor,0.9999997615814209,ok,
data\raw\974e32f0fa628a307ba1bc2ec7f48d137b8190da0582678d7c5c75c8120bf383\Testing\notumor\Te-no_47.jpg,artifacts\inference\convnext-tiny-production\Te-no_47__notumor__highlighted.png,convnext_tiny,notumor,0.9999997615814209,ok,
data\raw\974e32f0fa628a307ba1bc2ec7f48d137b8190da0582678d7c5c75c8120bf383\Testing\notumor\Te-no_48.jpg,artifacts\inference\convnext-tiny-production\Te-no_48__notumor__highlighted.png,convnext_tiny,notumor,0.9999990463256836,ok,
data\raw\974e32f0fa628a307ba1bc2ec7f48d137b8190da0582678d7c5c75c8120bf383\Testing\notumor\Te-no_49.jpg,artifacts\inference\convnext-tiny-production\Te-no_49__notumor__highlighted.png,convnext_tiny,notumor,0.9980384707450867,ok,
data\raw\974e32f0fa628a307ba1bc2ec7f48d137b8190da0582678d7c5c75c8120bf383\Testing\notumor\Te-no_5.jpg,artifacts\inference\convnext-tiny-production\Te-no_5__notumor__highlighted.png,convnext_tiny,notumor,0.9999997615814209,ok,
data\raw\974e32f0fa628a307ba1bc2ec7f48d137b8190da0582678d7c5c75c8120bf383\Testing\notumor\Te-no_50.jpg,artifacts\inference\convnext-tiny-production\Te-no_50__notumor__highlighted.png,convnext_tiny,notumor,0.9999995231628418,ok,
data\raw\974e32f0fa628a307ba1bc2ec7f48d137b8190da0582678d7c5c75c8120bf383\Testing\notumor\Te-no_51.jpg,artifacts\inference\convnext-tiny-production\Te-no_51__notumor__highlighted.png,convnext_tiny,notumor,0.9999377727508545,ok,
data\raw\974e32f0fa628a307ba1bc2ec7f48d137b8190da0582678d7c5c75c8120bf383\Testing\notumor\Te-no_52.jpg,artifacts\inference\convnext-tiny-production\Te-no_52__notumor__highlighted.png,convnext_tiny,notumor,0.9999570846557617,ok,
data\raw\974e32f0fa628a307ba1bc2ec7f48d137b8190da0582678d7c5c75c8120bf383\Testing\notumor\Te-no_53.jpg,artifacts\inference\convnext-tiny-production\Te-no_53__notumor__highlighted.png,convnext_tiny,notumor,0.9999948740005493,ok,
data\raw\974e32f0fa628a307ba1bc2ec7f48d137b8190da0582678d7c5c75c8120bf383\Testing\notumor\Te-no_54.jpg,artifacts\inference\convnext-tiny-production\Te-no_54__notumor__highlighted.png,convnext_tiny,notumor,0.9999997615814209,ok,
data\raw\974e32f0fa628a307ba1bc2ec7f48d137b8190da0582678d7c5c75c8120bf383\Testing\notumor\Te-no_55.jpg,artifacts\inference\convnext-tiny-production\Te-no_55__notumor__highlighted.png,convnext_tiny,notumor,0.9999814033508301,ok,
data\raw\974e32f0fa628a307ba1bc2ec7f48d137b8190da0582678d7c5c75c8120bf383\Testing\notumor\Te-no_56.jpg,artifacts\inference\convnext-tiny-production\Te-no_56__notumor__highlighted.png,convnext_tiny,notumor,1.0,ok,
data\raw\974e32f0fa628a307ba1bc2ec7f48d137b8190da0582678d7c5c75c8120bf383\Testing\notumor\Te-no_57.jpg,artifacts\inference\convnext-tiny-production\Te-no_57__notumor__highlighted.png,convnext_tiny,notumor,0.9999997615814209,ok,
data\raw\974e32f0fa628a307ba1bc2ec7f48d137b8190da0582678d7c5c75c8120bf383\Testing\notumor\Te-no_58.jpg,artifacts\inference\convnext-tiny-production\Te-no_58__notumor__highlighted.png,convnext_tiny,notumor,0.9999985694885254,ok,
data\raw\974e32f0fa628a307ba1bc2ec7f48d137b8190da0582678d7c5c75c8120bf383\Testing\notumor\Te-no_59.jpg,artifacts\inference\convnext-tiny-production\Te-no_59__notumor__highlighted.png,convnext_tiny,notumor,0.9999998807907104,ok,
data\raw\974e32f0fa628a307ba1bc2ec7f48d137b8190da0582678d7c5c75c8120bf383\Testing\notumor\Te-no_6.jpg,artifacts\inference\convnext-tiny-production\Te-no_6__notumor__highlighted.png,convnext_tiny,notumor,0.9998618364334106,ok,
data\raw\974e32f0fa628a307ba1bc2ec7f48d137b8190da0582678d7c5c75c8120bf383\Testing\notumor\Te-no_60.jpg,artifacts\inference\convnext-tiny-production\Te-no_60__notumor__highlighted.png,convnext_tiny,notumor,0.9996470212936401,ok,
data\raw\974e32f0fa628a307ba1bc2ec7f48d137b8190da0582678d7c5c75c8120bf383\Testing\notumor\Te-no_61.jpg,artifacts\inference\convnext-tiny-production\Te-no_61__notumor__highlighted.png,convnext_tiny,notumor,0.9999991655349731,ok,
data\raw\974e32f0fa628a307ba1bc2ec7f48d137b8190da0582678d7c5c75c8120bf383\Testing\notumor\Te-no_62.jpg,artifacts\inference\convnext-tiny-production\Te-no_62__notumor__highlighted.png,convnext_tiny,notumor,0.9999977350234985,ok,
data\raw\974e32f0fa628a307ba1bc2ec7f48d137b8190da0582678d7c5c75c8120bf383\Testing\notumor\Te-no_63.jpg,artifacts\inference\convnext-tiny-production\Te-no_63__notumor__highlighted.png,convnext_tiny,notumor,0.9999997615814209,ok,
data\raw\974e32f0fa628a307ba1bc2ec7f48d137b8190da0582678d7c5c75c8120bf383\Testing\notumor\Te-no_64.jpg,artifacts\inference\convnext-tiny-production\Te-no_64__notumor__highlighted.png,convnext_tiny,notumor,0.99998939037323,ok,
data\raw\974e32f0fa628a307ba1bc2ec7f48d137b8190da0582678d7c5c75c8120bf383\Testing\notumor\Te-no_65.jpg,artifacts\inference\convnext-tiny-production\Te-no_65__notumor__highlighted.png,convnext_tiny,notumor,0.9999998807907104,ok,
data\raw\974e32f0fa628a307ba1bc2ec7f48d137b8190da0582678d7c5c75c8120bf383\Testing\notumor\Te-no_66.jpg,artifacts\inference\convnext-tiny-production\Te-no_66__notumor__highlighted.png,convnext_tiny,notumor,0.9999988079071045,ok,
data\raw\974e32f0fa628a307ba1bc2ec7f48d137b8190da0582678d7c5c75c8120bf383\Testing\notumor\Te-no_67.jpg,artifacts\inference\convnext-tiny-production\Te-no_67__notumor__highlighted.png,convnext_tiny,notumor,1.0,ok,
data\raw\974e32f0fa628a307ba1bc2ec7f48d137b8190da0582678d7c5c75c8120bf383\Testing\notumor\Te-no_68.jpg,artifacts\inference\convnext-tiny-production\Te-no_68__notumor__highlighted.png,convnext_tiny,notumor,0.9999949932098389,ok,
data\raw\974e32f0fa628a307ba1bc2ec7f48d137b8190da0582678d7c5c75c8120bf383\Testing\notumor\Te-no_69.jpg,artifacts\inference\convnext-tiny-production\Te-no_69__notumor__highlighted.png,convnext_tiny,notumor,0.9999980926513672,ok,
data\raw\974e32f0fa628a307ba1bc2ec7f48d137b8190da0582678d7c5c75c8120bf383\Testing\notumor\Te-no_7.jpg,artifacts\inference\convnext-tiny-production\Te-no_7__notumor__highlighted.png,convnext_tiny,notumor,0.9999997615814209,ok,
data\raw\974e32f0fa628a307ba1bc2ec7f48d137b8190da0582678d7c5c75c8120bf383\Testing\notumor\Te-no_70.jpg,artifacts\inference\convnext-tiny-production\Te-no_70__notumor__highlighted.png,convnext_tiny,notumor,0.9999998807907104,ok,
data\raw\974e32f0fa628a307ba1bc2ec7f48d137b8190da0582678d7c5c75c8120bf383\Testing\notumor\Te-no_71.jpg,artifacts\inference\convnext-tiny-production\Te-no_71__notumor__highlighted.png,convnext_tiny,notumor,0.999998927116394,ok,
data\raw\974e32f0fa628a307ba1bc2ec7f48d137b8190da0582678d7c5c75c8120bf383\Testing\notumor\Te-no_72.jpg,artifacts\inference\convnext-tiny-production\Te-no_72__notumor__highlighted.png,convnext_tiny,notumor,0.9998641014099121,ok,
data\raw\974e32f0fa628a307ba1bc2ec7f48d137b8190da0582678d7c5c75c8120bf383\Testing\notumor\Te-no_73.jpg,artifacts\inference\convnext-tiny-production\Te-no_73__notumor__highlighted.png,convnext_tiny,notumor,0.9999960660934448,ok,
data\raw\974e32f0fa628a307ba1bc2ec7f48d137b8190da0582678d7c5c75c8120bf383\Testing\notumor\Te-no_74.jpg,artifacts\inference\convnext-tiny-production\Te-no_74__notumor__highlighted.png,convnext_tiny,notumor,1.0,ok,
data\raw\974e32f0fa628a307ba1bc2ec7f48d137b8190da0582678d7c5c75c8120bf383\Testing\notumor\Te-no_75.jpg,artifacts\inference\convnext-tiny-production\Te-no_75__notumor__highlighted.png,convnext_tiny,notumor,0.999997615814209,ok,
data\raw\974e32f0fa628a307ba1bc2ec7f48d137b8190da0582678d7c5c75c8120bf383\Testing\notumor\Te-no_76.jpg,artifacts\inference\convnext-tiny-production\Te-no_76__notumor__highlighted.png,convnext_tiny,notumor,0.9999997615814209,ok,
data\raw\974e32f0fa628a307ba1bc2ec7f48d137b8190da0582678d7c5c75c8120bf383\Testing\notumor\Te-no_77.jpg,artifacts\inference\convnext-tiny-production\Te-no_77__notumor__highlighted.png,convnext_tiny,notumor,0.9997910857200623,ok,
data\raw\974e32f0fa628a307ba1bc2ec7f48d137b8190da0582678d7c5c75c8120bf383\Testing\notumor\Te-no_78.jpg,artifacts\inference\convnext-tiny-production\Te-no_78__notumor__highlighted.png,convnext_tiny,notumor,0.9999996423721313,ok,
data\raw\974e32f0fa628a307ba1bc2ec7f48d137b8190da0582678d7c5c75c8120bf383\Testing\notumor\Te-no_79.jpg,artifacts\inference\convnext-tiny-production\Te-no_79__notumor__highlighted.png,convnext_tiny,notumor,0.9997983574867249,ok,
data\raw\974e32f0fa628a307ba1bc2ec7f48d137b8190da0582678d7c5c75c8120bf383\Testing\notumor\Te-no_8.jpg,artifacts\inference\convnext-tiny-production\Te-no_8__notumor__highlighted.png,convnext_tiny,notumor,0.9996727705001831,ok,
data\raw\974e32f0fa628a307ba1bc2ec7f48d137b8190da0582678d7c5c75c8120bf383\Testing\notumor\Te-no_80.jpg,artifacts\inference\convnext-tiny-production\Te-no_80__notumor__highlighted.png,convnext_tiny,notumor,0.99953293800354,ok,
data\raw\974e32f0fa628a307ba1bc2ec7f48d137b8190da0582678d7c5c75c8120bf383\Testing\notumor\Te-no_81.jpg,artifacts\inference\convnext-tiny-production\Te-no_81__notumor__highlighted.png,convnext_tiny,notumor,0.9999496936798096,ok,
data\raw\974e32f0fa628a307ba1bc2ec7f48d137b8190da0582678d7c5c75c8120bf383\Testing\notumor\Te-no_82.jpg,artifacts\inference\convnext-tiny-production\Te-no_82__notumor__highlighted.png,convnext_tiny,notumor,0.9999964237213135,ok,
data\raw\974e32f0fa628a307ba1bc2ec7f48d137b8190da0582678d7c5c75c8120bf383\Testing\notumor\Te-no_83.jpg,artifacts\inference\convnext-tiny-production\Te-no_83__notumor__highlighted.png,convnext_tiny,notumor,0.999998927116394,ok,
data\raw\974e32f0fa628a307ba1bc2ec7f48d137b8190da0582678d7c5c75c8120bf383\Testing\notumor\Te-no_84.jpg,artifacts\inference\convnext-tiny-production\Te-no_84__notumor__highlighted.png,convnext_tiny,notumor,0.9999876022338867,ok,
data\raw\974e32f0fa628a307ba1bc2ec7f48d137b8190da0582678d7c5c75c8120bf383\Testing\notumor\Te-no_85.jpg,artifacts\inference\convnext-tiny-production\Te-no_85__notumor__highlighted.png,convnext_tiny,notumor,0.9999861717224121,ok,
data\raw\974e32f0fa628a307ba1bc2ec7f48d137b8190da0582678d7c5c75c8120bf383\Testing\notumor\Te-no_86.jpg,artifacts\inference\convnext-tiny-production\Te-no_86__notumor__highlighted.png,convnext_tiny,notumor,0.9999957084655762,ok,
data\raw\974e32f0fa628a307ba1bc2ec7f48d137b8190da0582678d7c5c75c8120bf383\Testing\notumor\Te-no_87.jpg,artifacts\inference\convnext-tiny-production\Te-no_87__notumor__highlighted.png,convnext_tiny,notumor,0.9999986886978149,ok,
data\raw\974e32f0fa628a307ba1bc2ec7f48d137b8190da0582678d7c5c75c8120bf383\Testing\notumor\Te-no_88.jpg,artifacts\inference\convnext-tiny-production\Te-no_88__notumor__highlighted.png,convnext_tiny,notumor,0.9999970197677612,ok,
data\raw\974e32f0fa628a307ba1bc2ec7f48d137b8190da0582678d7c5c75c8120bf383\Testing\notumor\Te-no_89.jpg,artifacts\inference\convnext-tiny-production\Te-no_89__notumor__highlighted.png,convnext_tiny,notumor,0.9999990463256836,ok,
data\raw\974e32f0fa628a307ba1bc2ec7f48d137b8190da0582678d7c5c75c8120bf383\Testing\notumor\Te-no_9.jpg,artifacts\inference\convnext-tiny-production\Te-no_9__notumor__highlighted.png,convnext_tiny,notumor,0.9999905824661255,ok,
data\raw\974e32f0fa628a307ba1bc2ec7f48d137b8190da0582678d7c5c75c8120bf383\Testing\notumor\Te-no_90.jpg,artifacts\inference\convnext-tiny-production\Te-no_90__notumor__highlighted.png,convnext_tiny,notumor,0.9999642372131348,ok,
data\raw\974e32f0fa628a307ba1bc2ec7f48d137b8190da0582678d7c5c75c8120bf383\Testing\notumor\Te-no_91.jpg,artifacts\inference\convnext-tiny-production\Te-no_91__notumor__highlighted.png,convnext_tiny,notumor,0.9999997615814209,ok,
data\raw\974e32f0fa628a307ba1bc2ec7f48d137b8190da0582678d7c5c75c8120bf383\Testing\notumor\Te-no_92.jpg,artifacts\inference\convnext-tiny-production\Te-no_92__notumor__highlighted.png,convnext_tiny,notumor,0.9999164342880249,ok,
data\raw\974e32f0fa628a307ba1bc2ec7f48d137b8190da0582678d7c5c75c8120bf383\Testing\notumor\Te-no_93.jpg,artifacts\inference\convnext-tiny-production\Te-no_93__notumor__highlighted.png,convnext_tiny,notumor,0.9999948740005493,ok,
data\raw\974e32f0fa628a307ba1bc2ec7f48d137b8190da0582678d7c5c75c8120bf383\Testing\notumor\Te-no_94.jpg,artifacts\inference\convnext-tiny-production\Te-no_94__notumor__highlighted.png,convnext_tiny,notumor,0.9980127811431885,ok,
data\raw\974e32f0fa628a307ba1bc2ec7f48d137b8190da0582678d7c5c75c8120bf383\Testing\notumor\Te-no_95.jpg,artifacts\inference\convnext-tiny-production\Te-no_95__notumor__highlighted.png,convnext_tiny,notumor,0.9999969005584717,ok,
data\raw\974e32f0fa628a307ba1bc2ec7f48d137b8190da0582678d7c5c75c8120bf383\Testing\notumor\Te-no_96.jpg,artifacts\inference\convnext-tiny-production\Te-no_96__notumor__highlighted.png,convnext_tiny,notumor,0.9998431205749512,ok,
data\raw\974e32f0fa628a307ba1bc2ec7f48d137b8190da0582678d7c5c75c8120bf383\Testing\notumor\Te-no_97.jpg,artifacts\inference\convnext-tiny-production\Te-no_97__notumor__highlighted.png,convnext_tiny,notumor,0.9999982118606567,ok,
data\raw\974e32f0fa628a307ba1bc2ec7f48d137b8190da0582678d7c5c75c8120bf383\Testing\notumor\Te-no_98.jpg,artifacts\inference\convnext-tiny-production\Te-no_98__notumor__highlighted.png,convnext_tiny,notumor,0.9999141693115234,ok,
data\raw\974e32f0fa628a307ba1bc2ec7f48d137b8190da0582678d7c5c75c8120bf383\Testing\notumor\Te-no_99.jpg,artifacts\inference\convnext-tiny-production\Te-no_99__notumor__highlighted.png,convnext_tiny,notumor,0.9999873638153076,ok,
data\raw\974e32f0fa628a307ba1bc2ec7f48d137b8190da0582678d7c5c75c8120bf383\Testing\pituitary\Te-pi_1.jpg,artifacts\inference\convnext-tiny-production\Te-pi_1__pituitary__highlighted.png,convnext_tiny,pituitary,0.9999861717224121,ok,
data\raw\974e32f0fa628a307ba1bc2ec7f48d137b8190da0582678d7c5c75c8120bf383\Testing\pituitary\Te-pi_10.jpg,artifacts\inference\convnext-tiny-production\Te-pi_10__pituitary__highlighted.png,convnext_tiny,pituitary,0.9999991655349731,ok,
data\raw\974e32f0fa628a307ba1bc2ec7f48d137b8190da0582678d7c5c75c8120bf383\Testing\pituitary\Te-pi_100.jpg,artifacts\inference\convnext-tiny-production\Te-pi_100__pituitary__highlighted.png,convnext_tiny,pituitary,0.9999818801879883,ok,
data\raw\974e32f0fa628a307ba1bc2ec7f48d137b8190da0582678d7c5c75c8120bf383\Testing\pituitary\Te-pi_101.jpg,artifacts\inference\convnext-tiny-production\Te-pi_101__pituitary__highlighted.png,convnext_tiny,pituitary,0.9999996423721313,ok,
data\raw\974e32f0fa628a307ba1bc2ec7f48d137b8190da0582678d7c5c75c8120bf383\Testing\pituitary\Te-pi_102.jpg,artifacts\inference\convnext-tiny-production\Te-pi_102__pituitary__highlighted.png,convnext_tiny,pituitary,0.9999934434890747,ok,
data\raw\974e32f0fa628a307ba1bc2ec7f48d137b8190da0582678d7c5c75c8120bf383\Testing\pituitary\Te-pi_103.jpg,artifacts\inference\convnext-tiny-production\Te-pi_103__pituitary__highlighted.png,convnext_tiny,pituitary,0.9999572038650513,ok,
data\raw\974e32f0fa628a307ba1bc2ec7f48d137b8190da0582678d7c5c75c8120bf383\Testing\pituitary\Te-pi_104.jpg,artifacts\inference\convnext-tiny-production\Te-pi_104__pituitary__highlighted.png,convnext_tiny,pituitary,0.9999672174453735,ok,
data\raw\974e32f0fa628a307ba1bc2ec7f48d137b8190da0582678d7c5c75c8120bf383\Testing\pituitary\Te-pi_105.jpg,artifacts\inference\convnext-tiny-production\Te-pi_105__pituitary__highlighted.png,convnext_tiny,pituitary,0.9996603727340698,ok,
data\raw\974e32f0fa628a307ba1bc2ec7f48d137b8190da0582678d7c5c75c8120bf383\Testing\pituitary\Te-pi_106.jpg,artifacts\inference\convnext-tiny-production\Te-pi_106__pituitary__highlighted.png,convnext_tiny,pituitary,0.9974672794342041,ok,
data\raw\974e32f0fa628a307ba1bc2ec7f48d137b8190da0582678d7c5c75c8120bf383\Testing\pituitary\Te-pi_107.jpg,artifacts\inference\convnext-tiny-production\Te-pi_107__pituitary__highlighted.png,convnext_tiny,pituitary,0.9999992847442627,ok,
data\raw\974e32f0fa628a307ba1bc2ec7f48d137b8190da0582678d7c5c75c8120bf383\Testing\pituitary\Te-pi_108.jpg,artifacts\inference\convnext-tiny-production\Te-pi_108__pituitary__highlighted.png,convnext_tiny,pituitary,0.9994382262229919,ok,
data\raw\974e32f0fa628a307ba1bc2ec7f48d137b8190da0582678d7c5c75c8120bf383\Testing\pituitary\Te-pi_109.jpg,artifacts\inference\convnext-tiny-production\Te-pi_109__pituitary__highlighted.png,convnext_tiny,pituitary,0.9999847412109375,ok,
data\raw\974e32f0fa628a307ba1bc2ec7f48d137b8190da0582678d7c5c75c8120bf383\Testing\pituitary\Te-pi_11.jpg,artifacts\inference\convnext-tiny-production\Te-pi_11__pituitary__highlighted.png,convnext_tiny,pituitary,0.9999756813049316,ok,
data\raw\974e32f0fa628a307ba1bc2ec7f48d137b8190da0582678d7c5c75c8120bf383\Testing\pituitary\Te-pi_110.jpg,artifacts\inference\convnext-tiny-production\Te-pi_110__pituitary__highlighted.png,convnext_tiny,pituitary,0.9999881982803345,ok,
data\raw\974e32f0fa628a307ba1bc2ec7f48d137b8190da0582678d7c5c75c8120bf383\Testing\pituitary\Te-pi_111.jpg,artifacts\inference\convnext-tiny-production\Te-pi_111__pituitary__highlighted.png,convnext_tiny,pituitary,0.9999884366989136,ok,
data\raw\974e32f0fa628a307ba1bc2ec7f48d137b8190da0582678d7c5c75c8120bf383\Testing\pituitary\Te-pi_112.jpg,artifacts\inference\convnext-tiny-production\Te-pi_112__pituitary__highlighted.png,convnext_tiny,pituitary,0.9999635219573975,ok,
data\raw\974e32f0fa628a307ba1bc2ec7f48d137b8190da0582678d7c5c75c8120bf383\Testing\pituitary\Te-pi_113.jpg,artifacts\inference\convnext-tiny-production\Te-pi_113__pituitary__highlighted.png,convnext_tiny,pituitary,0.9998620748519897,ok,
data\raw\974e32f0fa628a307ba1bc2ec7f48d137b8190da0582678d7c5c75c8120bf383\Testing\pituitary\Te-pi_114.jpg,artifacts\inference\convnext-tiny-production\Te-pi_114__pituitary__highlighted.png,convnext_tiny,pituitary,0.9903311729431152,ok,
data\raw\974e32f0fa628a307ba1bc2ec7f48d137b8190da0582678d7c5c75c8120bf383\Testing\pituitary\Te-pi_115.jpg,artifacts\inference\convnext-tiny-production\Te-pi_115__pituitary__highlighted.png,convnext_tiny,pituitary,0.9999219179153442,ok,
data\raw\974e32f0fa628a307ba1bc2ec7f48d137b8190da0582678d7c5c75c8120bf383\Testing\pituitary\Te-pi_116.jpg,artifacts\inference\convnext-tiny-production\Te-pi_116__pituitary__highlighted.png,convnext_tiny,pituitary,0.9999516010284424,ok,
data\raw\974e32f0fa628a307ba1bc2ec7f48d137b8190da0582678d7c5c75c8120bf383\Testing\pituitary\Te-pi_117.jpg,artifacts\inference\convnext-tiny-production\Te-pi_117__pituitary__highlighted.png,convnext_tiny,pituitary,0.9985746145248413,ok,
data\raw\974e32f0fa628a307ba1bc2ec7f48d137b8190da0582678d7c5c75c8120bf383\Testing\pituitary\Te-pi_118.jpg,artifacts\inference\convnext-tiny-production\Te-pi_118__pituitary__highlighted.png,convnext_tiny,pituitary,0.9998397827148438,ok,
data\raw\974e32f0fa628a307ba1bc2ec7f48d137b8190da0582678d7c5c75c8120bf383\Testing\pituitary\Te-pi_119.jpg,artifacts\inference\convnext-tiny-production\Te-pi_119__pituitary__highlighted.png,convnext_tiny,pituitary,0.9999505281448364,ok,
data\raw\974e32f0fa628a307ba1bc2ec7f48d137b8190da0582678d7c5c75c8120bf383\Testing\pituitary\Te-pi_12.jpg,artifacts\inference\convnext-tiny-production\Te-pi_12__pituitary__highlighted.png,convnext_tiny,pituitary,0.9999868869781494,ok,
data\raw\974e32f0fa628a307ba1bc2ec7f48d137b8190da0582678d7c5c75c8120bf383\Testing\pituitary\Te-pi_120.jpg,artifacts\inference\convnext-tiny-production\Te-pi_120__pituitary__highlighted.png,convnext_tiny,pituitary,0.9957746863365173,ok,
data\raw\974e32f0fa628a307ba1bc2ec7f48d137b8190da0582678d7c5c75c8120bf383\Testing\pituitary\Te-pi_121.jpg,artifacts\inference\convnext-tiny-production\Te-pi_121__pituitary__highlighted.png,convnext_tiny,pituitary,0.9994600415229797,ok,
data\raw\974e32f0fa628a307ba1bc2ec7f48d137b8190da0582678d7c5c75c8120bf383\Testing\pituitary\Te-pi_122.jpg,artifacts\inference\convnext-tiny-production\Te-pi_122__pituitary__highlighted.png,convnext_tiny,pituitary,0.997840166091919,ok,
data\raw\974e32f0fa628a307ba1bc2ec7f48d137b8190da0582678d7c5c75c8120bf383\Testing\pituitary\Te-pi_123.jpg,artifacts\inference\convnext-tiny-production\Te-pi_123__pituitary__highlighted.png,convnext_tiny,pituitary,0.9999957084655762,ok,
data\raw\974e32f0fa628a307ba1bc2ec7f48d137b8190da0582678d7c5c75c8120bf383\Testing\pituitary\Te-pi_124.jpg,artifacts\inference\convnext-tiny-production\Te-pi_124__pituitary__highlighted.png,convnext_tiny,pituitary,0.9999935626983643,ok,
data\raw\974e32f0fa628a307ba1bc2ec7f48d137b8190da0582678d7c5c75c8120bf383\Testing\pituitary\Te-pi_125.jpg,artifacts\inference\convnext-tiny-production\Te-pi_125__pituitary__highlighted.png,convnext_tiny,pituitary,0.9999380111694336,ok,
data\raw\974e32f0fa628a307ba1bc2ec7f48d137b8190da0582678d7c5c75c8120bf383\Testing\pituitary\Te-pi_126.jpg,artifacts\inference\convnext-tiny-production\Te-pi_126__pituitary__highlighted.png,convnext_tiny,pituitary,0.9999575614929199,ok,
data\raw\974e32f0fa628a307ba1bc2ec7f48d137b8190da0582678d7c5c75c8120bf383\Testing\pituitary\Te-pi_127.jpg,artifacts\inference\convnext-tiny-production\Te-pi_127__pituitary__highlighted.png,convnext_tiny,pituitary,0.9999724626541138,ok,
data\raw\974e32f0fa628a307ba1bc2ec7f48d137b8190da0582678d7c5c75c8120bf383\Testing\pituitary\Te-pi_128.jpg,artifacts\inference\convnext-tiny-production\Te-pi_128__pituitary__highlighted.png,convnext_tiny,pituitary,0.9999985694885254,ok,
data\raw\974e32f0fa628a307ba1bc2ec7f48d137b8190da0582678d7c5c75c8120bf383\Testing\pituitary\Te-pi_129.jpg,artifacts\inference\convnext-tiny-production\Te-pi_129__pituitary__highlighted.png,convnext_tiny,pituitary,0.9999146461486816,ok,
data\raw\974e32f0fa628a307ba1bc2ec7f48d137b8190da0582678d7c5c75c8120bf383\Testing\pituitary\Te-pi_13.jpg,artifacts\inference\convnext-tiny-production\Te-pi_13__pituitary__highlighted.png,convnext_tiny,pituitary,0.9998443126678467,ok,
data\raw\974e32f0fa628a307ba1bc2ec7f48d137b8190da0582678d7c5c75c8120bf383\Testing\pituitary\Te-pi_130.jpg,artifacts\inference\convnext-tiny-production\Te-pi_130__pituitary__highlighted.png,convnext_tiny,pituitary,0.9984176158905029,ok,
data\raw\974e32f0fa628a307ba1bc2ec7f48d137b8190da0582678d7c5c75c8120bf383\Testing\pituitary\Te-pi_131.jpg,artifacts\inference\convnext-tiny-production\Te-pi_131__pituitary__highlighted.png,convnext_tiny,pituitary,0.9946669340133667,ok,
data\raw\974e32f0fa628a307ba1bc2ec7f48d137b8190da0582678d7c5c75c8120bf383\Testing\pituitary\Te-pi_132.jpg,artifacts\inference\convnext-tiny-production\Te-pi_132__pituitary__highlighted.png,convnext_tiny,pituitary,0.9999858140945435,ok,
data\raw\974e32f0fa628a307ba1bc2ec7f48d137b8190da0582678d7c5c75c8120bf383\Testing\pituitary\Te-pi_133.jpg,artifacts\inference\convnext-tiny-production\Te-pi_133__pituitary__highlighted.png,convnext_tiny,pituitary,0.9997149109840393,ok,
data\raw\974e32f0fa628a307ba1bc2ec7f48d137b8190da0582678d7c5c75c8120bf383\Testing\pituitary\Te-pi_134.jpg,artifacts\inference\convnext-tiny-production\Te-pi_134__glioma__highlighted.png,convnext_tiny,glioma,0.6513968706130981,ok,
data\raw\974e32f0fa628a307ba1bc2ec7f48d137b8190da0582678d7c5c75c8120bf383\Testing\pituitary\Te-pi_135.jpg,artifacts\inference\convnext-tiny-production\Te-pi_135__pituitary__highlighted.png,convnext_tiny,pituitary,0.9999977350234985,ok,
data\raw\974e32f0fa628a307ba1bc2ec7f48d137b8190da0582678d7c5c75c8120bf383\Testing\pituitary\Te-pi_136.jpg,artifacts\inference\convnext-tiny-production\Te-pi_136__pituitary__highlighted.png,convnext_tiny,pituitary,0.999930739402771,ok,
data\raw\974e32f0fa628a307ba1bc2ec7f48d137b8190da0582678d7c5c75c8120bf383\Testing\pituitary\Te-pi_137.jpg,artifacts\inference\convnext-tiny-production\Te-pi_137__pituitary__highlighted.png,convnext_tiny,pituitary,0.9999127388000488,ok,
data\raw\974e32f0fa628a307ba1bc2ec7f48d137b8190da0582678d7c5c75c8120bf383\Testing\pituitary\Te-pi_138.jpg,artifacts\inference\convnext-tiny-production\Te-pi_138__pituitary__highlighted.png,convnext_tiny,pituitary,0.9999426603317261,ok,
data\raw\974e32f0fa628a307ba1bc2ec7f48d137b8190da0582678d7c5c75c8120bf383\Testing\pituitary\Te-pi_139.jpg,artifacts\inference\convnext-tiny-production\Te-pi_139__pituitary__highlighted.png,convnext_tiny,pituitary,0.9997513890266418,ok,
data\raw\974e32f0fa628a307ba1bc2ec7f48d137b8190da0582678d7c5c75c8120bf383\Testing\pituitary\Te-pi_14.jpg,artifacts\inference\convnext-tiny-production\Te-pi_14__pituitary__highlighted.png,convnext_tiny,pituitary,0.999976634979248,ok,
data\raw\974e32f0fa628a307ba1bc2ec7f48d137b8190da0582678d7c5c75c8120bf383\Testing\pituitary\Te-pi_140.jpg,artifacts\inference\convnext-tiny-production\Te-pi_140__glioma__highlighted.png,convnext_tiny,glioma,0.8066405653953552,ok,
data\raw\974e32f0fa628a307ba1bc2ec7f48d137b8190da0582678d7c5c75c8120bf383\Testing\pituitary\Te-pi_141.jpg,artifacts\inference\convnext-tiny-production\Te-pi_141__pituitary__highlighted.png,convnext_tiny,pituitary,0.9989450573921204,ok,
data\raw\974e32f0fa628a307ba1bc2ec7f48d137b8190da0582678d7c5c75c8120bf383\Testing\pituitary\Te-pi_142.jpg,artifacts\inference\convnext-tiny-production\Te-pi_142__pituitary__highlighted.png,convnext_tiny,pituitary,0.9995245933532715,ok,
data\raw\974e32f0fa628a307ba1bc2ec7f48d137b8190da0582678d7c5c75c8120bf383\Testing\pituitary\Te-pi_143.jpg,artifacts\inference\convnext-tiny-production\Te-pi_143__pituitary__highlighted.png,convnext_tiny,pituitary,0.9805136322975159,ok,
data\raw\974e32f0fa628a307ba1bc2ec7f48d137b8190da0582678d7c5c75c8120bf383\Testing\pituitary\Te-pi_144.jpg,artifacts\inference\convnext-tiny-production\Te-pi_144__pituitary__highlighted.png,convnext_tiny,pituitary,0.9997479319572449,ok,
data\raw\974e32f0fa628a307ba1bc2ec7f48d137b8190da0582678d7c5c75c8120bf383\Testing\pituitary\Te-pi_145.jpg,artifacts\inference\convnext-tiny-production\Te-pi_145__pituitary__highlighted.png,convnext_tiny,pituitary,0.9999953508377075,ok,
data\raw\974e32f0fa628a307ba1bc2ec7f48d137b8190da0582678d7c5c75c8120bf383\Testing\pituitary\Te-pi_146.jpg,artifacts\inference\convnext-tiny-production\Te-pi_146__pituitary__highlighted.png,convnext_tiny,pituitary,0.999738872051239,ok,
data\raw\974e32f0fa628a307ba1bc2ec7f48d137b8190da0582678d7c5c75c8120bf383\Testing\pituitary\Te-pi_147.jpg,artifacts\inference\convnext-tiny-production\Te-pi_147__pituitary__highlighted.png,convnext_tiny,pituitary,0.9999994039535522,ok,
data\raw\974e32f0fa628a307ba1bc2ec7f48d137b8190da0582678d7c5c75c8120bf383\Testing\pituitary\Te-pi_148.jpg,artifacts\inference\convnext-tiny-production\Te-pi_148__pituitary__highlighted.png,convnext_tiny,pituitary,0.9993259906768799,ok,
data\raw\974e32f0fa628a307ba1bc2ec7f48d137b8190da0582678d7c5c75c8120bf383\Testing\pituitary\Te-pi_149.jpg,artifacts\inference\convnext-tiny-production\Te-pi_149__pituitary__highlighted.png,convnext_tiny,pituitary,0.9998869895935059,ok,
data\raw\974e32f0fa628a307ba1bc2ec7f48d137b8190da0582678d7c5c75c8120bf383\Testing\pituitary\Te-pi_15.jpg,artifacts\inference\convnext-tiny-production\Te-pi_15__pituitary__highlighted.png,convnext_tiny,pituitary,0.9999984502792358,ok,
data\raw\974e32f0fa628a307ba1bc2ec7f48d137b8190da0582678d7c5c75c8120bf383\Testing\pituitary\Te-pi_150.jpg,artifacts\inference\convnext-tiny-production\Te-pi_150__pituitary__highlighted.png,convnext_tiny,pituitary,0.9999014139175415,ok,
data\raw\974e32f0fa628a307ba1bc2ec7f48d137b8190da0582678d7c5c75c8120bf383\Testing\pituitary\Te-pi_151.jpg,artifacts\inference\convnext-tiny-production\Te-pi_151__pituitary__highlighted.png,convnext_tiny,pituitary,0.9999512434005737,ok,
data\raw\974e32f0fa628a307ba1bc2ec7f48d137b8190da0582678d7c5c75c8120bf383\Testing\pituitary\Te-pi_152.jpg,artifacts\inference\convnext-tiny-production\Te-pi_152__pituitary__highlighted.png,convnext_tiny,pituitary,0.9995742440223694,ok,
data\raw\974e32f0fa628a307ba1bc2ec7f48d137b8190da0582678d7c5c75c8120bf383\Testing\pituitary\Te-pi_153.jpg,artifacts\inference\convnext-tiny-production\Te-pi_153__pituitary__highlighted.png,convnext_tiny,pituitary,0.999699592590332,ok,
data\raw\974e32f0fa628a307ba1bc2ec7f48d137b8190da0582678d7c5c75c8120bf383\Testing\pituitary\Te-pi_154.jpg,artifacts\inference\convnext-tiny-production\Te-pi_154__pituitary__highlighted.png,convnext_tiny,pituitary,0.9999871253967285,ok,
data\raw\974e32f0fa628a307ba1bc2ec7f48d137b8190da0582678d7c5c75c8120bf383\Testing\pituitary\Te-pi_155.jpg,artifacts\inference\convnext-tiny-production\Te-pi_155__pituitary__highlighted.png,convnext_tiny,pituitary,0.9999995231628418,ok,
data\raw\974e32f0fa628a307ba1bc2ec7f48d137b8190da0582678d7c5c75c8120bf383\Testing\pituitary\Te-pi_156.jpg,artifacts\inference\convnext-tiny-production\Te-pi_156__pituitary__highlighted.png,convnext_tiny,pituitary,0.9995430707931519,ok,
data\raw\974e32f0fa628a307ba1bc2ec7f48d137b8190da0582678d7c5c75c8120bf383\Testing\pituitary\Te-pi_157.jpg,artifacts\inference\convnext-tiny-production\Te-pi_157__pituitary__highlighted.png,convnext_tiny,pituitary,0.999729573726654,ok,
data\raw\974e32f0fa628a307ba1bc2ec7f48d137b8190da0582678d7c5c75c8120bf383\Testing\pituitary\Te-pi_158.jpg,artifacts\inference\convnext-tiny-production\Te-pi_158__pituitary__highlighted.png,convnext_tiny,pituitary,0.9991713762283325,ok,
data\raw\974e32f0fa628a307ba1bc2ec7f48d137b8190da0582678d7c5c75c8120bf383\Testing\pituitary\Te-pi_159.jpg,artifacts\inference\convnext-tiny-production\Te-pi_159__pituitary__highlighted.png,convnext_tiny,pituitary,0.9998689889907837,ok,
data\raw\974e32f0fa628a307ba1bc2ec7f48d137b8190da0582678d7c5c75c8120bf383\Testing\pituitary\Te-pi_16.jpg,artifacts\inference\convnext-tiny-production\Te-pi_16__pituitary__highlighted.png,convnext_tiny,pituitary,0.9999973773956299,ok,
data\raw\974e32f0fa628a307ba1bc2ec7f48d137b8190da0582678d7c5c75c8120bf383\Testing\pituitary\Te-pi_160.jpg,artifacts\inference\convnext-tiny-production\Te-pi_160__pituitary__highlighted.png,convnext_tiny,pituitary,0.9994314312934875,ok,
data\raw\974e32f0fa628a307ba1bc2ec7f48d137b8190da0582678d7c5c75c8120bf383\Testing\pituitary\Te-pi_161.jpg,artifacts\inference\convnext-tiny-production\Te-pi_161__pituitary__highlighted.png,convnext_tiny,pituitary,0.9998517036437988,ok,
data\raw\974e32f0fa628a307ba1bc2ec7f48d137b8190da0582678d7c5c75c8120bf383\Testing\pituitary\Te-pi_162.jpg,artifacts\inference\convnext-tiny-production\Te-pi_162__pituitary__highlighted.png,convnext_tiny,pituitary,0.9997536540031433,ok,
data\raw\974e32f0fa628a307ba1bc2ec7f48d137b8190da0582678d7c5c75c8120bf383\Testing\pituitary\Te-pi_163.jpg,artifacts\inference\convnext-tiny-production\Te-pi_163__pituitary__highlighted.png,convnext_tiny,pituitary,0.9998897314071655,ok,
data\raw\974e32f0fa628a307ba1bc2ec7f48d137b8190da0582678d7c5c75c8120bf383\Testing\pituitary\Te-pi_164.jpg,artifacts\inference\convnext-tiny-production\Te-pi_164__pituitary__highlighted.png,convnext_tiny,pituitary,0.9999841451644897,ok,
data\raw\974e32f0fa628a307ba1bc2ec7f48d137b8190da0582678d7c5c75c8120bf383\Testing\pituitary\Te-pi_165.jpg,artifacts\inference\convnext-tiny-production\Te-pi_165__pituitary__highlighted.png,convnext_tiny,pituitary,0.9990915060043335,ok,
data\raw\974e32f0fa628a307ba1bc2ec7f48d137b8190da0582678d7c5c75c8120bf383\Testing\pituitary\Te-pi_166.jpg,artifacts\inference\convnext-tiny-production\Te-pi_166__pituitary__highlighted.png,convnext_tiny,pituitary,0.934898853302002,ok,
data\raw\974e32f0fa628a307ba1bc2ec7f48d137b8190da0582678d7c5c75c8120bf383\Testing\pituitary\Te-pi_167.jpg,artifacts\inference\convnext-tiny-production\Te-pi_167__pituitary__highlighted.png,convnext_tiny,pituitary,0.9996926784515381,ok,
data\raw\974e32f0fa628a307ba1bc2ec7f48d137b8190da0582678d7c5c75c8120bf383\Testing\pituitary\Te-pi_168.jpg,artifacts\inference\convnext-tiny-production\Te-pi_168__pituitary__highlighted.png,convnext_tiny,pituitary,0.9980494976043701,ok,
data\raw\974e32f0fa628a307ba1bc2ec7f48d137b8190da0582678d7c5c75c8120bf383\Testing\pituitary\Te-pi_169.jpg,artifacts\inference\convnext-tiny-production\Te-pi_169__pituitary__highlighted.png,convnext_tiny,pituitary,0.9999911785125732,ok,
data\raw\974e32f0fa628a307ba1bc2ec7f48d137b8190da0582678d7c5c75c8120bf383\Testing\pituitary\Te-pi_17.jpg,artifacts\inference\convnext-tiny-production\Te-pi_17__pituitary__highlighted.png,convnext_tiny,pituitary,0.9990555644035339,ok,
data\raw\974e32f0fa628a307ba1bc2ec7f48d137b8190da0582678d7c5c75c8120bf383\Testing\pituitary\Te-pi_170.jpg,artifacts\inference\convnext-tiny-production\Te-pi_170__pituitary__highlighted.png,convnext_tiny,pituitary,0.9999905824661255,ok,
data\raw\974e32f0fa628a307ba1bc2ec7f48d137b8190da0582678d7c5c75c8120bf383\Testing\pituitary\Te-pi_171.jpg,artifacts\inference\convnext-tiny-production\Te-pi_171__pituitary__highlighted.png,convnext_tiny,pituitary,0.9994367957115173,ok,
data\raw\974e32f0fa628a307ba1bc2ec7f48d137b8190da0582678d7c5c75c8120bf383\Testing\pituitary\Te-pi_172.jpg,artifacts\inference\convnext-tiny-production\Te-pi_172__pituitary__highlighted.png,convnext_tiny,pituitary,0.9998798370361328,ok,
data\raw\974e32f0fa628a307ba1bc2ec7f48d137b8190da0582678d7c5c75c8120bf383\Testing\pituitary\Te-pi_173.jpg,artifacts\inference\convnext-tiny-production\Te-pi_173__pituitary__highlighted.png,convnext_tiny,pituitary,0.9999908208847046,ok,
data\raw\974e32f0fa628a307ba1bc2ec7f48d137b8190da0582678d7c5c75c8120bf383\Testing\pituitary\Te-pi_174.jpg,artifacts\inference\convnext-tiny-production\Te-pi_174__pituitary__highlighted.png,convnext_tiny,pituitary,0.9999415874481201,ok,
data\raw\974e32f0fa628a307ba1bc2ec7f48d137b8190da0582678d7c5c75c8120bf383\Testing\pituitary\Te-pi_175.jpg,artifacts\inference\convnext-tiny-production\Te-pi_175__pituitary__highlighted.png,convnext_tiny,pituitary,0.9992542862892151,ok,
data\raw\974e32f0fa628a307ba1bc2ec7f48d137b8190da0582678d7c5c75c8120bf383\Testing\pituitary\Te-pi_176.jpg,artifacts\inference\convnext-tiny-production\Te-pi_176__pituitary__highlighted.png,convnext_tiny,pituitary,0.9999023675918579,ok,
data\raw\974e32f0fa628a307ba1bc2ec7f48d137b8190da0582678d7c5c75c8120bf383\Testing\pituitary\Te-pi_177.jpg,artifacts\inference\convnext-tiny-production\Te-pi_177__pituitary__highlighted.png,convnext_tiny,pituitary,0.998273491859436,ok,
data\raw\974e32f0fa628a307ba1bc2ec7f48d137b8190da0582678d7c5c75c8120bf383\Testing\pituitary\Te-pi_178.jpg,artifacts\inference\convnext-tiny-production\Te-pi_178__pituitary__highlighted.png,convnext_tiny,pituitary,0.9999915361404419,ok,
data\raw\974e32f0fa628a307ba1bc2ec7f48d137b8190da0582678d7c5c75c8120bf383\Testing\pituitary\Te-pi_179.jpg,artifacts\inference\convnext-tiny-production\Te-pi_179__pituitary__highlighted.png,convnext_tiny,pituitary,0.9997840523719788,ok,
data\raw\974e32f0fa628a307ba1bc2ec7f48d137b8190da0582678d7c5c75c8120bf383\Testing\pituitary\Te-pi_18.jpg,artifacts\inference\convnext-tiny-production\Te-pi_18__pituitary__highlighted.png,convnext_tiny,pituitary,0.9999994039535522,ok,
data\raw\974e32f0fa628a307ba1bc2ec7f48d137b8190da0582678d7c5c75c8120bf383\Testing\pituitary\Te-pi_180.jpg,artifacts\inference\convnext-tiny-production\Te-pi_180__pituitary__highlighted.png,convnext_tiny,pituitary,0.9999679327011108,ok,
data\raw\974e32f0fa628a307ba1bc2ec7f48d137b8190da0582678d7c5c75c8120bf383\Testing\pituitary\Te-pi_181.jpg,artifacts\inference\convnext-tiny-production\Te-pi_181__pituitary__highlighted.png,convnext_tiny,pituitary,0.999969482421875,ok,
data\raw\974e32f0fa628a307ba1bc2ec7f48d137b8190da0582678d7c5c75c8120bf383\Testing\pituitary\Te-pi_182.jpg,artifacts\inference\convnext-tiny-production\Te-pi_182__pituitary__highlighted.png,convnext_tiny,pituitary,0.9999626874923706,ok,
data\raw\974e32f0fa628a307ba1bc2ec7f48d137b8190da0582678d7c5c75c8120bf383\Testing\pituitary\Te-pi_183.jpg,artifacts\inference\convnext-tiny-production\Te-pi_183__pituitary__highlighted.png,convnext_tiny,pituitary,0.9993454813957214,ok,
data\raw\974e32f0fa628a307ba1bc2ec7f48d137b8190da0582678d7c5c75c8120bf383\Testing\pituitary\Te-pi_184.jpg,artifacts\inference\convnext-tiny-production\Te-pi_184__pituitary__highlighted.png,convnext_tiny,pituitary,0.999937891960144,ok,
data\raw\974e32f0fa628a307ba1bc2ec7f48d137b8190da0582678d7c5c75c8120bf383\Testing\pituitary\Te-pi_185.jpg,artifacts\inference\convnext-tiny-production\Te-pi_185__pituitary__highlighted.png,convnext_tiny,pituitary,0.9987494945526123,ok,
data\raw\974e32f0fa628a307ba1bc2ec7f48d137b8190da0582678d7c5c75c8120bf383\Testing\pituitary\Te-pi_186.jpg,artifacts\inference\convnext-tiny-production\Te-pi_186__pituitary__highlighted.png,convnext_tiny,pituitary,0.9999071359634399,ok,
data\raw\974e32f0fa628a307ba1bc2ec7f48d137b8190da0582678d7c5c75c8120bf383\Testing\pituitary\Te-pi_187.jpg,artifacts\inference\convnext-tiny-production\Te-pi_187__pituitary__highlighted.png,convnext_tiny,pituitary,0.9999074935913086,ok,
data\raw\974e32f0fa628a307ba1bc2ec7f48d137b8190da0582678d7c5c75c8120bf383\Testing\pituitary\Te-pi_188.jpg,artifacts\inference\convnext-tiny-production\Te-pi_188__pituitary__highlighted.png,convnext_tiny,pituitary,0.9999668598175049,ok,
data\raw\974e32f0fa628a307ba1bc2ec7f48d137b8190da0582678d7c5c75c8120bf383\Testing\pituitary\Te-pi_189.jpg,artifacts\inference\convnext-tiny-production\Te-pi_189__pituitary__highlighted.png,convnext_tiny,pituitary,0.9998347759246826,ok,
data\raw\974e32f0fa628a307ba1bc2ec7f48d137b8190da0582678d7c5c75c8120bf383\Testing\pituitary\Te-pi_19.jpg,artifacts\inference\convnext-tiny-production\Te-pi_19__pituitary__highlighted.png,convnext_tiny,pituitary,0.9999923706054688,ok,
data\raw\974e32f0fa628a307ba1bc2ec7f48d137b8190da0582678d7c5c75c8120bf383\Testing\pituitary\Te-pi_190.jpg,artifacts\inference\convnext-tiny-production\Te-pi_190__pituitary__highlighted.png,convnext_tiny,pituitary,0.9999974966049194,ok,
data\raw\974e32f0fa628a307ba1bc2ec7f48d137b8190da0582678d7c5c75c8120bf383\Testing\pituitary\Te-pi_191.jpg,artifacts\inference\convnext-tiny-production\Te-pi_191__pituitary__highlighted.png,convnext_tiny,pituitary,0.9999902248382568,ok,
data\raw\974e32f0fa628a307ba1bc2ec7f48d137b8190da0582678d7c5c75c8120bf383\Testing\pituitary\Te-pi_192.jpg,artifacts\inference\convnext-tiny-production\Te-pi_192__pituitary__highlighted.png,convnext_tiny,pituitary,0.9927412271499634,ok,
data\raw\974e32f0fa628a307ba1bc2ec7f48d137b8190da0582678d7c5c75c8120bf383\Testing\pituitary\Te-pi_193.jpg,artifacts\inference\convnext-tiny-production\Te-pi_193__pituitary__highlighted.png,convnext_tiny,pituitary,0.9999878406524658,ok,
data\raw\974e32f0fa628a307ba1bc2ec7f48d137b8190da0582678d7c5c75c8120bf383\Testing\pituitary\Te-pi_194.jpg,artifacts\inference\convnext-tiny-production\Te-pi_194__pituitary__highlighted.png,convnext_tiny,pituitary,0.9208487272262573,ok,
data\raw\974e32f0fa628a307ba1bc2ec7f48d137b8190da0582678d7c5c75c8120bf383\Testing\pituitary\Te-pi_195.jpg,artifacts\inference\convnext-tiny-production\Te-pi_195__pituitary__highlighted.png,convnext_tiny,pituitary,0.9998507499694824,ok,
data\raw\974e32f0fa628a307ba1bc2ec7f48d137b8190da0582678d7c5c75c8120bf383\Testing\pituitary\Te-pi_196.jpg,artifacts\inference\convnext-tiny-production\Te-pi_196__pituitary__highlighted.png,convnext_tiny,pituitary,0.9910877346992493,ok,
data\raw\974e32f0fa628a307ba1bc2ec7f48d137b8190da0582678d7c5c75c8120bf383\Testing\pituitary\Te-pi_197.jpg,artifacts\inference\convnext-tiny-production\Te-pi_197__pituitary__highlighted.png,convnext_tiny,pituitary,0.9999902248382568,ok,
data\raw\974e32f0fa628a307ba1bc2ec7f48d137b8190da0582678d7c5c75c8120bf383\Testing\pituitary\Te-pi_198.jpg,artifacts\inference\convnext-tiny-production\Te-pi_198__pituitary__highlighted.png,convnext_tiny,pituitary,0.9999661445617676,ok,
data\raw\974e32f0fa628a307ba1bc2ec7f48d137b8190da0582678d7c5c75c8120bf383\Testing\pituitary\Te-pi_199.jpg,artifacts\inference\convnext-tiny-production\Te-pi_199__pituitary__highlighted.png,convnext_tiny,pituitary,0.999998927116394,ok,
data\raw\974e32f0fa628a307ba1bc2ec7f48d137b8190da0582678d7c5c75c8120bf383\Testing\pituitary\Te-pi_2.jpg,artifacts\inference\convnext-tiny-production\Te-pi_2__pituitary__highlighted.png,convnext_tiny,pituitary,0.9935113787651062,ok,
data\raw\974e32f0fa628a307ba1bc2ec7f48d137b8190da0582678d7c5c75c8120bf383\Testing\pituitary\Te-pi_20.jpg,artifacts\inference\convnext-tiny-production\Te-pi_20__pituitary__highlighted.png,convnext_tiny,pituitary,0.9745934009552002,ok,
data\raw\974e32f0fa628a307ba1bc2ec7f48d137b8190da0582678d7c5c75c8120bf383\Testing\pituitary\Te-pi_200.jpg,artifacts\inference\convnext-tiny-production\Te-pi_200__pituitary__highlighted.png,convnext_tiny,pituitary,0.9999730587005615,ok,
data\raw\974e32f0fa628a307ba1bc2ec7f48d137b8190da0582678d7c5c75c8120bf383\Testing\pituitary\Te-pi_201.jpg,artifacts\inference\convnext-tiny-production\Te-pi_201__pituitary__highlighted.png,convnext_tiny,pituitary,0.9999973773956299,ok,
data\raw\974e32f0fa628a307ba1bc2ec7f48d137b8190da0582678d7c5c75c8120bf383\Testing\pituitary\Te-pi_202.jpg,artifacts\inference\convnext-tiny-production\Te-pi_202__pituitary__highlighted.png,convnext_tiny,pituitary,0.9999130964279175,ok,
data\raw\974e32f0fa628a307ba1bc2ec7f48d137b8190da0582678d7c5c75c8120bf383\Testing\pituitary\Te-pi_203.jpg,artifacts\inference\convnext-tiny-production\Te-pi_203__pituitary__highlighted.png,convnext_tiny,pituitary,0.9999985694885254,ok,
data\raw\974e32f0fa628a307ba1bc2ec7f48d137b8190da0582678d7c5c75c8120bf383\Testing\pituitary\Te-pi_204.jpg,artifacts\inference\convnext-tiny-production\Te-pi_204__pituitary__highlighted.png,convnext_tiny,pituitary,0.9995865225791931,ok,
data\raw\974e32f0fa628a307ba1bc2ec7f48d137b8190da0582678d7c5c75c8120bf383\Testing\pituitary\Te-pi_205.jpg,artifacts\inference\convnext-tiny-production\Te-pi_205__pituitary__highlighted.png,convnext_tiny,pituitary,0.9999982118606567,ok,
data\raw\974e32f0fa628a307ba1bc2ec7f48d137b8190da0582678d7c5c75c8120bf383\Testing\pituitary\Te-pi_206.jpg,artifacts\inference\convnext-tiny-production\Te-pi_206__pituitary__highlighted.png,convnext_tiny,pituitary,0.6928501725196838,ok,
data\raw\974e32f0fa628a307ba1bc2ec7f48d137b8190da0582678d7c5c75c8120bf383\Testing\pituitary\Te-pi_207.jpg,artifacts\inference\convnext-tiny-production\Te-pi_207__pituitary__highlighted.png,convnext_tiny,pituitary,0.9997479319572449,ok,
data\raw\974e32f0fa628a307ba1bc2ec7f48d137b8190da0582678d7c5c75c8120bf383\Testing\pituitary\Te-pi_208.jpg,artifacts\inference\convnext-tiny-production\Te-pi_208__pituitary__highlighted.png,convnext_tiny,pituitary,0.9999655485153198,ok,
data\raw\974e32f0fa628a307ba1bc2ec7f48d137b8190da0582678d7c5c75c8120bf383\Testing\pituitary\Te-pi_209.jpg,artifacts\inference\convnext-tiny-production\Te-pi_209__pituitary__highlighted.png,convnext_tiny,pituitary,0.9999948740005493,ok,
data\raw\974e32f0fa628a307ba1bc2ec7f48d137b8190da0582678d7c5c75c8120bf383\Testing\pituitary\Te-pi_21.jpg,artifacts\inference\convnext-tiny-production\Te-pi_21__pituitary__highlighted.png,convnext_tiny,pituitary,0.9990515112876892,ok,
data\raw\974e32f0fa628a307ba1bc2ec7f48d137b8190da0582678d7c5c75c8120bf383\Testing\pituitary\Te-pi_210.jpg,artifacts\inference\convnext-tiny-production\Te-pi_210__pituitary__highlighted.png,convnext_tiny,pituitary,0.9999967813491821,ok,
data\raw\974e32f0fa628a307ba1bc2ec7f48d137b8190da0582678d7c5c75c8120bf383\Testing\pituitary\Te-pi_211.jpg,artifacts\inference\convnext-tiny-production\Te-pi_211__pituitary__highlighted.png,convnext_tiny,pituitary,0.9999994039535522,ok,
data\raw\974e32f0fa628a307ba1bc2ec7f48d137b8190da0582678d7c5c75c8120bf383\Testing\pituitary\Te-pi_212.jpg,artifacts\inference\convnext-tiny-production\Te-pi_212__pituitary__highlighted.png,convnext_tiny,pituitary,0.9999420642852783,ok,
data\raw\974e32f0fa628a307ba1bc2ec7f48d137b8190da0582678d7c5c75c8120bf383\Testing\pituitary\Te-pi_213.jpg,artifacts\inference\convnext-tiny-production\Te-pi_213__pituitary__highlighted.png,convnext_tiny,pituitary,0.9999575614929199,ok,
data\raw\974e32f0fa628a307ba1bc2ec7f48d137b8190da0582678d7c5c75c8120bf383\Testing\pituitary\Te-pi_214.jpg,artifacts\inference\convnext-tiny-production\Te-pi_214__pituitary__highlighted.png,convnext_tiny,pituitary,0.9971539974212646,ok,
data\raw\974e32f0fa628a307ba1bc2ec7f48d137b8190da0582678d7c5c75c8120bf383\Testing\pituitary\Te-pi_215.jpg,artifacts\inference\convnext-tiny-production\Te-pi_215__pituitary__highlighted.png,convnext_tiny,pituitary,0.9999988079071045,ok,
data\raw\974e32f0fa628a307ba1bc2ec7f48d137b8190da0582678d7c5c75c8120bf383\Testing\pituitary\Te-pi_216.jpg,artifacts\inference\convnext-tiny-production\Te-pi_216__pituitary__highlighted.png,convnext_tiny,pituitary,0.9998295307159424,ok,
data\raw\974e32f0fa628a307ba1bc2ec7f48d137b8190da0582678d7c5c75c8120bf383\Testing\pituitary\Te-pi_217.jpg,artifacts\inference\convnext-tiny-production\Te-pi_217__pituitary__highlighted.png,convnext_tiny,pituitary,0.979949951171875,ok,
data\raw\974e32f0fa628a307ba1bc2ec7f48d137b8190da0582678d7c5c75c8120bf383\Testing\pituitary\Te-pi_218.jpg,artifacts\inference\convnext-tiny-production\Te-pi_218__pituitary__highlighted.png,convnext_tiny,pituitary,0.9999977350234985,ok,
data\raw\974e32f0fa628a307ba1bc2ec7f48d137b8190da0582678d7c5c75c8120bf383\Testing\pituitary\Te-pi_219.jpg,artifacts\inference\convnext-tiny-production\Te-pi_219__pituitary__highlighted.png,convnext_tiny,pituitary,0.7387569546699524,ok,
data\raw\974e32f0fa628a307ba1bc2ec7f48d137b8190da0582678d7c5c75c8120bf383\Testing\pituitary\Te-pi_22.jpg,artifacts\inference\convnext-tiny-production\Te-pi_22__pituitary__highlighted.png,convnext_tiny,pituitary,0.9974800944328308,ok,
data\raw\974e32f0fa628a307ba1bc2ec7f48d137b8190da0582678d7c5c75c8120bf383\Testing\pituitary\Te-pi_220.jpg,artifacts\inference\convnext-tiny-production\Te-pi_220__pituitary__highlighted.png,convnext_tiny,pituitary,0.9988856911659241,ok,
data\raw\974e32f0fa628a307ba1bc2ec7f48d137b8190da0582678d7c5c75c8120bf383\Testing\pituitary\Te-pi_221.jpg,artifacts\inference\convnext-tiny-production\Te-pi_221__pituitary__highlighted.png,convnext_tiny,pituitary,0.9997792840003967,ok,
data\raw\974e32f0fa628a307ba1bc2ec7f48d137b8190da0582678d7c5c75c8120bf383\Testing\pituitary\Te-pi_222.jpg,artifacts\inference\convnext-tiny-production\Te-pi_222__pituitary__highlighted.png,convnext_tiny,pituitary,0.999017596244812,ok,
data\raw\974e32f0fa628a307ba1bc2ec7f48d137b8190da0582678d7c5c75c8120bf383\Testing\pituitary\Te-pi_223.jpg,artifacts\inference\convnext-tiny-production\Te-pi_223__pituitary__highlighted.png,convnext_tiny,pituitary,0.9999688863754272,ok,
data\raw\974e32f0fa628a307ba1bc2ec7f48d137b8190da0582678d7c5c75c8120bf383\Testing\pituitary\Te-pi_224.jpg,artifacts\inference\convnext-tiny-production\Te-pi_224__pituitary__highlighted.png,convnext_tiny,pituitary,0.999087929725647,ok,
data\raw\974e32f0fa628a307ba1bc2ec7f48d137b8190da0582678d7c5c75c8120bf383\Testing\pituitary\Te-pi_225.jpg,artifacts\inference\convnext-tiny-production\Te-pi_225__pituitary__highlighted.png,convnext_tiny,pituitary,0.9990091323852539,ok,
data\raw\974e32f0fa628a307ba1bc2ec7f48d137b8190da0582678d7c5c75c8120bf383\Testing\pituitary\Te-pi_226.jpg,artifacts\inference\convnext-tiny-production\Te-pi_226__pituitary__highlighted.png,convnext_tiny,pituitary,0.9999914169311523,ok,
data\raw\974e32f0fa628a307ba1bc2ec7f48d137b8190da0582678d7c5c75c8120bf383\Testing\pituitary\Te-pi_227.jpg,artifacts\inference\convnext-tiny-production\Te-pi_227__pituitary__highlighted.png,convnext_tiny,pituitary,0.9999997615814209,ok,
data\raw\974e32f0fa628a307ba1bc2ec7f48d137b8190da0582678d7c5c75c8120bf383\Testing\pituitary\Te-pi_228.jpg,artifacts\inference\convnext-tiny-production\Te-pi_228__pituitary__highlighted.png,convnext_tiny,pituitary,0.9999599456787109,ok,
data\raw\974e32f0fa628a307ba1bc2ec7f48d137b8190da0582678d7c5c75c8120bf383\Testing\pituitary\Te-pi_229.jpg,artifacts\inference\convnext-tiny-production\Te-pi_229__pituitary__highlighted.png,convnext_tiny,pituitary,0.9999990463256836,ok,
data\raw\974e32f0fa628a307ba1bc2ec7f48d137b8190da0582678d7c5c75c8120bf383\Testing\pituitary\Te-pi_23.jpg,artifacts\inference\convnext-tiny-production\Te-pi_23__pituitary__highlighted.png,convnext_tiny,pituitary,0.9997231364250183,ok,
data\raw\974e32f0fa628a307ba1bc2ec7f48d137b8190da0582678d7c5c75c8120bf383\Testing\pituitary\Te-pi_230.jpg,artifacts\inference\convnext-tiny-production\Te-pi_230__pituitary__highlighted.png,convnext_tiny,pituitary,0.9999920129776001,ok,
data\raw\974e32f0fa628a307ba1bc2ec7f48d137b8190da0582678d7c5c75c8120bf383\Testing\pituitary\Te-pi_231.jpg,artifacts\inference\convnext-tiny-production\Te-pi_231__pituitary__highlighted.png,convnext_tiny,pituitary,0.9999810457229614,ok,
data\raw\974e32f0fa628a307ba1bc2ec7f48d137b8190da0582678d7c5c75c8120bf383\Testing\pituitary\Te-pi_232.jpg,artifacts\inference\convnext-tiny-production\Te-pi_232__pituitary__highlighted.png,convnext_tiny,pituitary,0.9996193647384644,ok,
data\raw\974e32f0fa628a307ba1bc2ec7f48d137b8190da0582678d7c5c75c8120bf383\Testing\pituitary\Te-pi_233.jpg,artifacts\inference\convnext-tiny-production\Te-pi_233__pituitary__highlighted.png,convnext_tiny,pituitary,0.9998757839202881,ok,
data\raw\974e32f0fa628a307ba1bc2ec7f48d137b8190da0582678d7c5c75c8120bf383\Testing\pituitary\Te-pi_234.jpg,artifacts\inference\convnext-tiny-production\Te-pi_234__pituitary__highlighted.png,convnext_tiny,pituitary,0.9999754428863525,ok,
data\raw\974e32f0fa628a307ba1bc2ec7f48d137b8190da0582678d7c5c75c8120bf383\Testing\pituitary\Te-pi_235.jpg,artifacts\inference\convnext-tiny-production\Te-pi_235__pituitary__highlighted.png,convnext_tiny,pituitary,1.0,ok,
data\raw\974e32f0fa628a307ba1bc2ec7f48d137b8190da0582678d7c5c75c8120bf383\Testing\pituitary\Te-pi_236.jpg,artifacts\inference\convnext-tiny-production\Te-pi_236__pituitary__highlighted.png,convnext_tiny,pituitary,0.999942421913147,ok,
data\raw\974e32f0fa628a307ba1bc2ec7f48d137b8190da0582678d7c5c75c8120bf383\Testing\pituitary\Te-pi_237.jpg,artifacts\inference\convnext-tiny-production\Te-pi_237__pituitary__highlighted.png,convnext_tiny,pituitary,0.9998589754104614,ok,
data\raw\974e32f0fa628a307ba1bc2ec7f48d137b8190da0582678d7c5c75c8120bf383\Testing\pituitary\Te-pi_238.jpg,artifacts\inference\convnext-tiny-production\Te-pi_238__pituitary__highlighted.png,convnext_tiny,pituitary,0.9999377727508545,ok,
data\raw\974e32f0fa628a307ba1bc2ec7f48d137b8190da0582678d7c5c75c8120bf383\Testing\pituitary\Te-pi_239.jpg,artifacts\inference\convnext-tiny-production\Te-pi_239__pituitary__highlighted.png,convnext_tiny,pituitary,0.999987006187439,ok,
data\raw\974e32f0fa628a307ba1bc2ec7f48d137b8190da0582678d7c5c75c8120bf383\Testing\pituitary\Te-pi_24.jpg,artifacts\inference\convnext-tiny-production\Te-pi_24__pituitary__highlighted.png,convnext_tiny,pituitary,0.9952704310417175,ok,
data\raw\974e32f0fa628a307ba1bc2ec7f48d137b8190da0582678d7c5c75c8120bf383\Testing\pituitary\Te-pi_240.jpg,artifacts\inference\convnext-tiny-production\Te-pi_240__pituitary__highlighted.png,convnext_tiny,pituitary,0.9996992349624634,ok,
data\raw\974e32f0fa628a307ba1bc2ec7f48d137b8190da0582678d7c5c75c8120bf383\Testing\pituitary\Te-pi_241.jpg,artifacts\inference\convnext-tiny-production\Te-pi_241__pituitary__highlighted.png,convnext_tiny,pituitary,0.9991063475608826,ok,
data\raw\974e32f0fa628a307ba1bc2ec7f48d137b8190da0582678d7c5c75c8120bf383\Testing\pituitary\Te-pi_242.jpg,artifacts\inference\convnext-tiny-production\Te-pi_242__pituitary__highlighted.png,convnext_tiny,pituitary,0.972722589969635,ok,
data\raw\974e32f0fa628a307ba1bc2ec7f48d137b8190da0582678d7c5c75c8120bf383\Testing\pituitary\Te-pi_243.jpg,artifacts\inference\convnext-tiny-production\Te-pi_243__pituitary__highlighted.png,convnext_tiny,pituitary,0.9993311166763306,ok,
data\raw\974e32f0fa628a307ba1bc2ec7f48d137b8190da0582678d7c5c75c8120bf383\Testing\pituitary\Te-pi_244.jpg,artifacts\inference\convnext-tiny-production\Te-pi_244__pituitary__highlighted.png,convnext_tiny,pituitary,0.9940726161003113,ok,
data\raw\974e32f0fa628a307ba1bc2ec7f48d137b8190da0582678d7c5c75c8120bf383\Testing\pituitary\Te-pi_245.jpg,artifacts\inference\convnext-tiny-production\Te-pi_245__pituitary__highlighted.png,convnext_tiny,pituitary,0.9999375343322754,ok,
data\raw\974e32f0fa628a307ba1bc2ec7f48d137b8190da0582678d7c5c75c8120bf383\Testing\pituitary\Te-pi_246.jpg,artifacts\inference\convnext-tiny-production\Te-pi_246__pituitary__highlighted.png,convnext_tiny,pituitary,0.9997673630714417,ok,
data\raw\974e32f0fa628a307ba1bc2ec7f48d137b8190da0582678d7c5c75c8120bf383\Testing\pituitary\Te-pi_247.jpg,artifacts\inference\convnext-tiny-production\Te-pi_247__pituitary__highlighted.png,convnext_tiny,pituitary,0.9981676340103149,ok,
data\raw\974e32f0fa628a307ba1bc2ec7f48d137b8190da0582678d7c5c75c8120bf383\Testing\pituitary\Te-pi_248.jpg,artifacts\inference\convnext-tiny-production\Te-pi_248__pituitary__highlighted.png,convnext_tiny,pituitary,0.9999974966049194,ok,
data\raw\974e32f0fa628a307ba1bc2ec7f48d137b8190da0582678d7c5c75c8120bf383\Testing\pituitary\Te-pi_249.jpg,artifacts\inference\convnext-tiny-production\Te-pi_249__pituitary__highlighted.png,convnext_tiny,pituitary,0.9999512434005737,ok,
data\raw\974e32f0fa628a307ba1bc2ec7f48d137b8190da0582678d7c5c75c8120bf383\Testing\pituitary\Te-pi_25.jpg,artifacts\inference\convnext-tiny-production\Te-pi_25__pituitary__highlighted.png,convnext_tiny,pituitary,0.9962249994277954,ok,
data\raw\974e32f0fa628a307ba1bc2ec7f48d137b8190da0582678d7c5c75c8120bf383\Testing\pituitary\Te-pi_250.jpg,artifacts\inference\convnext-tiny-production\Te-pi_250__pituitary__highlighted.png,convnext_tiny,pituitary,0.9999197721481323,ok,
data\raw\974e32f0fa628a307ba1bc2ec7f48d137b8190da0582678d7c5c75c8120bf383\Testing\pituitary\Te-pi_251.jpg,artifacts\inference\convnext-tiny-production\Te-pi_251__pituitary__highlighted.png,convnext_tiny,pituitary,0.9999959468841553,ok,
data\raw\974e32f0fa628a307ba1bc2ec7f48d137b8190da0582678d7c5c75c8120bf383\Testing\pituitary\Te-pi_252.jpg,artifacts\inference\convnext-tiny-production\Te-pi_252__pituitary__highlighted.png,convnext_tiny,pituitary,0.9999946355819702,ok,
data\raw\974e32f0fa628a307ba1bc2ec7f48d137b8190da0582678d7c5c75c8120bf383\Testing\pituitary\Te-pi_253.jpg,artifacts\inference\convnext-tiny-production\Te-pi_253__pituitary__highlighted.png,convnext_tiny,pituitary,0.9999983310699463,ok,
data\raw\974e32f0fa628a307ba1bc2ec7f48d137b8190da0582678d7c5c75c8120bf383\Testing\pituitary\Te-pi_254.jpg,artifacts\inference\convnext-tiny-production\Te-pi_254__pituitary__highlighted.png,convnext_tiny,pituitary,0.9997499585151672,ok,
data\raw\974e32f0fa628a307ba1bc2ec7f48d137b8190da0582678d7c5c75c8120bf383\Testing\pituitary\Te-pi_255.jpg,artifacts\inference\convnext-tiny-production\Te-pi_255__pituitary__highlighted.png,convnext_tiny,pituitary,0.999749481678009,ok,
data\raw\974e32f0fa628a307ba1bc2ec7f48d137b8190da0582678d7c5c75c8120bf383\Testing\pituitary\Te-pi_256.jpg,artifacts\inference\convnext-tiny-production\Te-pi_256__pituitary__highlighted.png,convnext_tiny,pituitary,0.9999878406524658,ok,
data\raw\974e32f0fa628a307ba1bc2ec7f48d137b8190da0582678d7c5c75c8120bf383\Testing\pituitary\Te-pi_257.jpg,artifacts\inference\convnext-tiny-production\Te-pi_257__pituitary__highlighted.png,convnext_tiny,pituitary,0.9999911785125732,ok,
data\raw\974e32f0fa628a307ba1bc2ec7f48d137b8190da0582678d7c5c75c8120bf383\Testing\pituitary\Te-pi_258.jpg,artifacts\inference\convnext-tiny-production\Te-pi_258__pituitary__highlighted.png,convnext_tiny,pituitary,0.9997184872627258,ok,
data\raw\974e32f0fa628a307ba1bc2ec7f48d137b8190da0582678d7c5c75c8120bf383\Testing\pituitary\Te-pi_259.jpg,artifacts\inference\convnext-tiny-production\Te-pi_259__pituitary__highlighted.png,convnext_tiny,pituitary,0.9999325275421143,ok,
data\raw\974e32f0fa628a307ba1bc2ec7f48d137b8190da0582678d7c5c75c8120bf383\Testing\pituitary\Te-pi_26.jpg,artifacts\inference\convnext-tiny-production\Te-pi_26__pituitary__highlighted.png,convnext_tiny,pituitary,0.6785027384757996,ok,
data\raw\974e32f0fa628a307ba1bc2ec7f48d137b8190da0582678d7c5c75c8120bf383\Testing\pituitary\Te-pi_260.jpg,artifacts\inference\convnext-tiny-production\Te-pi_260__pituitary__highlighted.png,convnext_tiny,pituitary,0.9999407529830933,ok,
data\raw\974e32f0fa628a307ba1bc2ec7f48d137b8190da0582678d7c5c75c8120bf383\Testing\pituitary\Te-pi_261.jpg,artifacts\inference\convnext-tiny-production\Te-pi_261__pituitary__highlighted.png,convnext_tiny,pituitary,0.9942694902420044,ok,
data\raw\974e32f0fa628a307ba1bc2ec7f48d137b8190da0582678d7c5c75c8120bf383\Testing\pituitary\Te-pi_262.jpg,artifacts\inference\convnext-tiny-production\Te-pi_262__pituitary__highlighted.png,convnext_tiny,pituitary,0.9996840953826904,ok,
data\raw\974e32f0fa628a307ba1bc2ec7f48d137b8190da0582678d7c5c75c8120bf383\Testing\pituitary\Te-pi_263.jpg,artifacts\inference\convnext-tiny-production\Te-pi_263__pituitary__highlighted.png,convnext_tiny,pituitary,0.9999998807907104,ok,
data\raw\974e32f0fa628a307ba1bc2ec7f48d137b8190da0582678d7c5c75c8120bf383\Testing\pituitary\Te-pi_264.jpg,artifacts\inference\convnext-tiny-production\Te-pi_264__pituitary__highlighted.png,convnext_tiny,pituitary,0.9998235106468201,ok,
data\raw\974e32f0fa628a307ba1bc2ec7f48d137b8190da0582678d7c5c75c8120bf383\Testing\pituitary\Te-pi_265.jpg,artifacts\inference\convnext-tiny-production\Te-pi_265__pituitary__highlighted.png,convnext_tiny,pituitary,0.9999984502792358,ok,
data\raw\974e32f0fa628a307ba1bc2ec7f48d137b8190da0582678d7c5c75c8120bf383\Testing\pituitary\Te-pi_266.jpg,artifacts\inference\convnext-tiny-production\Te-pi_266__pituitary__highlighted.png,convnext_tiny,pituitary,0.9999889135360718,ok,
data\raw\974e32f0fa628a307ba1bc2ec7f48d137b8190da0582678d7c5c75c8120bf383\Testing\pituitary\Te-pi_267.jpg,artifacts\inference\convnext-tiny-production\Te-pi_267__pituitary__highlighted.png,convnext_tiny,pituitary,0.9999977350234985,ok,
data\raw\974e32f0fa628a307ba1bc2ec7f48d137b8190da0582678d7c5c75c8120bf383\Testing\pituitary\Te-pi_268.jpg,artifacts\inference\convnext-tiny-production\Te-pi_268__pituitary__highlighted.png,convnext_tiny,pituitary,0.9999788999557495,ok,
data\raw\974e32f0fa628a307ba1bc2ec7f48d137b8190da0582678d7c5c75c8120bf383\Testing\pituitary\Te-pi_269.jpg,artifacts\inference\convnext-tiny-production\Te-pi_269__pituitary__highlighted.png,convnext_tiny,pituitary,0.9997113347053528,ok,
data\raw\974e32f0fa628a307ba1bc2ec7f48d137b8190da0582678d7c5c75c8120bf383\Testing\pituitary\Te-pi_27.jpg,artifacts\inference\convnext-tiny-production\Te-pi_27__pituitary__highlighted.png,convnext_tiny,pituitary,0.9999974966049194,ok,
data\raw\974e32f0fa628a307ba1bc2ec7f48d137b8190da0582678d7c5c75c8120bf383\Testing\pituitary\Te-pi_270.jpg,artifacts\inference\convnext-tiny-production\Te-pi_270__pituitary__highlighted.png,convnext_tiny,pituitary,0.999848484992981,ok,
data\raw\974e32f0fa628a307ba1bc2ec7f48d137b8190da0582678d7c5c75c8120bf383\Testing\pituitary\Te-pi_271.jpg,artifacts\inference\convnext-tiny-production\Te-pi_271__pituitary__highlighted.png,convnext_tiny,pituitary,0.9998890161514282,ok,
data\raw\974e32f0fa628a307ba1bc2ec7f48d137b8190da0582678d7c5c75c8120bf383\Testing\pituitary\Te-pi_272.jpg,artifacts\inference\convnext-tiny-production\Te-pi_272__pituitary__highlighted.png,convnext_tiny,pituitary,0.9968674778938293,ok,
data\raw\974e32f0fa628a307ba1bc2ec7f48d137b8190da0582678d7c5c75c8120bf383\Testing\pituitary\Te-pi_273.jpg,artifacts\inference\convnext-tiny-production\Te-pi_273__pituitary__highlighted.png,convnext_tiny,pituitary,0.9999839067459106,ok,
data\raw\974e32f0fa628a307ba1bc2ec7f48d137b8190da0582678d7c5c75c8120bf383\Testing\pituitary\Te-pi_274.jpg,artifacts\inference\convnext-tiny-production\Te-pi_274__pituitary__highlighted.png,convnext_tiny,pituitary,0.9999697208404541,ok,
data\raw\974e32f0fa628a307ba1bc2ec7f48d137b8190da0582678d7c5c75c8120bf383\Testing\pituitary\Te-pi_275.jpg,artifacts\inference\convnext-tiny-production\Te-pi_275__pituitary__highlighted.png,convnext_tiny,pituitary,0.9999992847442627,ok,
data\raw\974e32f0fa628a307ba1bc2ec7f48d137b8190da0582678d7c5c75c8120bf383\Testing\pituitary\Te-pi_276.jpg,artifacts\inference\convnext-tiny-production\Te-pi_276__pituitary__highlighted.png,convnext_tiny,pituitary,0.9999673366546631,ok,
data\raw\974e32f0fa628a307ba1bc2ec7f48d137b8190da0582678d7c5c75c8120bf383\Testing\pituitary\Te-pi_277.jpg,artifacts\inference\convnext-tiny-production\Te-pi_277__pituitary__highlighted.png,convnext_tiny,pituitary,0.9993327260017395,ok,
data\raw\974e32f0fa628a307ba1bc2ec7f48d137b8190da0582678d7c5c75c8120bf383\Testing\pituitary\Te-pi_278.jpg,artifacts\inference\convnext-tiny-production\Te-pi_278__pituitary__highlighted.png,convnext_tiny,pituitary,0.9991239905357361,ok,
data\raw\974e32f0fa628a307ba1bc2ec7f48d137b8190da0582678d7c5c75c8120bf383\Testing\pituitary\Te-pi_279.jpg,artifacts\inference\convnext-tiny-production\Te-pi_279__pituitary__highlighted.png,convnext_tiny,pituitary,0.9998962879180908,ok,
data\raw\974e32f0fa628a307ba1bc2ec7f48d137b8190da0582678d7c5c75c8120bf383\Testing\pituitary\Te-pi_28.jpg,artifacts\inference\convnext-tiny-production\Te-pi_28__pituitary__highlighted.png,convnext_tiny,pituitary,0.9999310970306396,ok,
data\raw\974e32f0fa628a307ba1bc2ec7f48d137b8190da0582678d7c5c75c8120bf383\Testing\pituitary\Te-pi_280.jpg,artifacts\inference\convnext-tiny-production\Te-pi_280__pituitary__highlighted.png,convnext_tiny,pituitary,0.9997954964637756,ok,
data\raw\974e32f0fa628a307ba1bc2ec7f48d137b8190da0582678d7c5c75c8120bf383\Testing\pituitary\Te-pi_281.jpg,artifacts\inference\convnext-tiny-production\Te-pi_281__pituitary__highlighted.png,convnext_tiny,pituitary,0.9999891519546509,ok,
data\raw\974e32f0fa628a307ba1bc2ec7f48d137b8190da0582678d7c5c75c8120bf383\Testing\pituitary\Te-pi_282.jpg,artifacts\inference\convnext-tiny-production\Te-pi_282__pituitary__highlighted.png,convnext_tiny,pituitary,0.9999747276306152,ok,
data\raw\974e32f0fa628a307ba1bc2ec7f48d137b8190da0582678d7c5c75c8120bf383\Testing\pituitary\Te-pi_283.jpg,artifacts\inference\convnext-tiny-production\Te-pi_283__pituitary__highlighted.png,convnext_tiny,pituitary,0.9999873638153076,ok,
data\raw\974e32f0fa628a307ba1bc2ec7f48d137b8190da0582678d7c5c75c8120bf383\Testing\pituitary\Te-pi_284.jpg,artifacts\inference\convnext-tiny-production\Te-pi_284__pituitary__highlighted.png,convnext_tiny,pituitary,0.9995477795600891,ok,
data\raw\974e32f0fa628a307ba1bc2ec7f48d137b8190da0582678d7c5c75c8120bf383\Testing\pituitary\Te-pi_285.jpg,artifacts\inference\convnext-tiny-production\Te-pi_285__pituitary__highlighted.png,convnext_tiny,pituitary,0.9999709129333496,ok,
data\raw\974e32f0fa628a307ba1bc2ec7f48d137b8190da0582678d7c5c75c8120bf383\Testing\pituitary\Te-pi_286.jpg,artifacts\inference\convnext-tiny-production\Te-pi_286__pituitary__highlighted.png,convnext_tiny,pituitary,0.9999947547912598,ok,
data\raw\974e32f0fa628a307ba1bc2ec7f48d137b8190da0582678d7c5c75c8120bf383\Testing\pituitary\Te-pi_287.jpg,artifacts\inference\convnext-tiny-production\Te-pi_287__pituitary__highlighted.png,convnext_tiny,pituitary,0.9998505115509033,ok,
data\raw\974e32f0fa628a307ba1bc2ec7f48d137b8190da0582678d7c5c75c8120bf383\Testing\pituitary\Te-pi_288.jpg,artifacts\inference\convnext-tiny-production\Te-pi_288__pituitary__highlighted.png,convnext_tiny,pituitary,0.9998200535774231,ok,
data\raw\974e32f0fa628a307ba1bc2ec7f48d137b8190da0582678d7c5c75c8120bf383\Testing\pituitary\Te-pi_289.jpg,artifacts\inference\convnext-tiny-production\Te-pi_289__pituitary__highlighted.png,convnext_tiny,pituitary,0.9925374388694763,ok,
data\raw\974e32f0fa628a307ba1bc2ec7f48d137b8190da0582678d7c5c75c8120bf383\Testing\pituitary\Te-pi_29.jpg,artifacts\inference\convnext-tiny-production\Te-pi_29__pituitary__highlighted.png,convnext_tiny,pituitary,0.9999340772628784,ok,
data\raw\974e32f0fa628a307ba1bc2ec7f48d137b8190da0582678d7c5c75c8120bf383\Testing\pituitary\Te-pi_290.jpg,artifacts\inference\convnext-tiny-production\Te-pi_290__pituitary__highlighted.png,convnext_tiny,pituitary,0.9999998807907104,ok,
data\raw\974e32f0fa628a307ba1bc2ec7f48d137b8190da0582678d7c5c75c8120bf383\Testing\pituitary\Te-pi_291.jpg,artifacts\inference\convnext-tiny-production\Te-pi_291__pituitary__highlighted.png,convnext_tiny,pituitary,0.9996318817138672,ok,
data\raw\974e32f0fa628a307ba1bc2ec7f48d137b8190da0582678d7c5c75c8120bf383\Testing\pituitary\Te-pi_292.jpg,artifacts\inference\convnext-tiny-production\Te-pi_292__pituitary__highlighted.png,convnext_tiny,pituitary,0.999509334564209,ok,
data\raw\974e32f0fa628a307ba1bc2ec7f48d137b8190da0582678d7c5c75c8120bf383\Testing\pituitary\Te-pi_293.jpg,artifacts\inference\convnext-tiny-production\Te-pi_293__pituitary__highlighted.png,convnext_tiny,pituitary,0.9609650373458862,ok,
data\raw\974e32f0fa628a307ba1bc2ec7f48d137b8190da0582678d7c5c75c8120bf383\Testing\pituitary\Te-pi_294.jpg,artifacts\inference\convnext-tiny-production\Te-pi_294__pituitary__highlighted.png,convnext_tiny,pituitary,0.999678373336792,ok,
data\raw\974e32f0fa628a307ba1bc2ec7f48d137b8190da0582678d7c5c75c8120bf383\Testing\pituitary\Te-pi_295.jpg,artifacts\inference\convnext-tiny-production\Te-pi_295__pituitary__highlighted.png,convnext_tiny,pituitary,0.9999973773956299,ok,
data\raw\974e32f0fa628a307ba1bc2ec7f48d137b8190da0582678d7c5c75c8120bf383\Testing\pituitary\Te-pi_296.jpg,artifacts\inference\convnext-tiny-production\Te-pi_296__pituitary__highlighted.png,convnext_tiny,pituitary,0.9999912977218628,ok,
data\raw\974e32f0fa628a307ba1bc2ec7f48d137b8190da0582678d7c5c75c8120bf383\Testing\pituitary\Te-pi_297.jpg,artifacts\inference\convnext-tiny-production\Te-pi_297__pituitary__highlighted.png,convnext_tiny,pituitary,0.9992074370384216,ok,
data\raw\974e32f0fa628a307ba1bc2ec7f48d137b8190da0582678d7c5c75c8120bf383\Testing\pituitary\Te-pi_298.jpg,artifacts\inference\convnext-tiny-production\Te-pi_298__pituitary__highlighted.png,convnext_tiny,pituitary,0.9994639754295349,ok,
data\raw\974e32f0fa628a307ba1bc2ec7f48d137b8190da0582678d7c5c75c8120bf383\Testing\pituitary\Te-pi_299.jpg,artifacts\inference\convnext-tiny-production\Te-pi_299__pituitary__highlighted.png,convnext_tiny,pituitary,0.9999690055847168,ok,
data\raw\974e32f0fa628a307ba1bc2ec7f48d137b8190da0582678d7c5c75c8120bf383\Testing\pituitary\Te-pi_3.jpg,artifacts\inference\convnext-tiny-production\Te-pi_3__pituitary__highlighted.png,convnext_tiny,pituitary,0.9989942908287048,ok,
data\raw\974e32f0fa628a307ba1bc2ec7f48d137b8190da0582678d7c5c75c8120bf383\Testing\pituitary\Te-pi_30.jpg,artifacts\inference\convnext-tiny-production\Te-pi_30__pituitary__highlighted.png,convnext_tiny,pituitary,0.999828577041626,ok,
data\raw\974e32f0fa628a307ba1bc2ec7f48d137b8190da0582678d7c5c75c8120bf383\Testing\pituitary\Te-pi_300.jpg,artifacts\inference\convnext-tiny-production\Te-pi_300__pituitary__highlighted.png,convnext_tiny,pituitary,0.9999939203262329,ok,
data\raw\974e32f0fa628a307ba1bc2ec7f48d137b8190da0582678d7c5c75c8120bf383\Testing\pituitary\Te-pi_301.jpg,artifacts\inference\convnext-tiny-production\Te-pi_301__pituitary__highlighted.png,convnext_tiny,pituitary,0.9997206330299377,ok,
data\raw\974e32f0fa628a307ba1bc2ec7f48d137b8190da0582678d7c5c75c8120bf383\Testing\pituitary\Te-pi_302.jpg,artifacts\inference\convnext-tiny-production\Te-pi_302__pituitary__highlighted.png,convnext_tiny,pituitary,0.9999054670333862,ok,
data\raw\974e32f0fa628a307ba1bc2ec7f48d137b8190da0582678d7c5c75c8120bf383\Testing\pituitary\Te-pi_303.jpg,artifacts\inference\convnext-tiny-production\Te-pi_303__pituitary__highlighted.png,convnext_tiny,pituitary,0.9860926270484924,ok,
data\raw\974e32f0fa628a307ba1bc2ec7f48d137b8190da0582678d7c5c75c8120bf383\Testing\pituitary\Te-pi_304.jpg,artifacts\inference\convnext-tiny-production\Te-pi_304__pituitary__highlighted.png,convnext_tiny,pituitary,0.9980396628379822,ok,
data\raw\974e32f0fa628a307ba1bc2ec7f48d137b8190da0582678d7c5c75c8120bf383\Testing\pituitary\Te-pi_305.jpg,artifacts\inference\convnext-tiny-production\Te-pi_305__pituitary__highlighted.png,convnext_tiny,pituitary,0.9999951124191284,ok,
data\raw\974e32f0fa628a307ba1bc2ec7f48d137b8190da0582678d7c5c75c8120bf383\Testing\pituitary\Te-pi_306.jpg,artifacts\inference\convnext-tiny-production\Te-pi_306__pituitary__highlighted.png,convnext_tiny,pituitary,0.999971866607666,ok,
data\raw\974e32f0fa628a307ba1bc2ec7f48d137b8190da0582678d7c5c75c8120bf383\Testing\pituitary\Te-pi_307.jpg,artifacts\inference\convnext-tiny-production\Te-pi_307__pituitary__highlighted.png,convnext_tiny,pituitary,0.9999827146530151,ok,
data\raw\974e32f0fa628a307ba1bc2ec7f48d137b8190da0582678d7c5c75c8120bf383\Testing\pituitary\Te-pi_308.jpg,artifacts\inference\convnext-tiny-production\Te-pi_308__pituitary__highlighted.png,convnext_tiny,pituitary,0.9999738931655884,ok,
data\raw\974e32f0fa628a307ba1bc2ec7f48d137b8190da0582678d7c5c75c8120bf383\Testing\pituitary\Te-pi_309.jpg,artifacts\inference\convnext-tiny-production\Te-pi_309__pituitary__highlighted.png,convnext_tiny,pituitary,0.9999809265136719,ok,
data\raw\974e32f0fa628a307ba1bc2ec7f48d137b8190da0582678d7c5c75c8120bf383\Testing\pituitary\Te-pi_31.jpg,artifacts\inference\convnext-tiny-production\Te-pi_31__pituitary__highlighted.png,convnext_tiny,pituitary,0.9999898672103882,ok,
data\raw\974e32f0fa628a307ba1bc2ec7f48d137b8190da0582678d7c5c75c8120bf383\Testing\pituitary\Te-pi_310.jpg,artifacts\inference\convnext-tiny-production\Te-pi_310__pituitary__highlighted.png,convnext_tiny,pituitary,0.9999997615814209,ok,
data\raw\974e32f0fa628a307ba1bc2ec7f48d137b8190da0582678d7c5c75c8120bf383\Testing\pituitary\Te-pi_311.jpg,artifacts\inference\convnext-tiny-production\Te-pi_311__pituitary__highlighted.png,convnext_tiny,pituitary,0.9998865127563477,ok,
data\raw\974e32f0fa628a307ba1bc2ec7f48d137b8190da0582678d7c5c75c8120bf383\Testing\pituitary\Te-pi_312.jpg,artifacts\inference\convnext-tiny-production\Te-pi_312__pituitary__highlighted.png,convnext_tiny,pituitary,0.9999430179595947,ok,
data\raw\974e32f0fa628a307ba1bc2ec7f48d137b8190da0582678d7c5c75c8120bf383\Testing\pituitary\Te-pi_313.jpg,artifacts\inference\convnext-tiny-production\Te-pi_313__pituitary__highlighted.png,convnext_tiny,pituitary,0.9473192095756531,ok,
data\raw\974e32f0fa628a307ba1bc2ec7f48d137b8190da0582678d7c5c75c8120bf383\Testing\pituitary\Te-pi_314.jpg,artifacts\inference\convnext-tiny-production\Te-pi_314__pituitary__highlighted.png,convnext_tiny,pituitary,0.9999750852584839,ok,
data\raw\974e32f0fa628a307ba1bc2ec7f48d137b8190da0582678d7c5c75c8120bf383\Testing\pituitary\Te-pi_315.jpg,artifacts\inference\convnext-tiny-production\Te-pi_315__pituitary__highlighted.png,convnext_tiny,pituitary,0.9989047050476074,ok,
data\raw\974e32f0fa628a307ba1bc2ec7f48d137b8190da0582678d7c5c75c8120bf383\Testing\pituitary\Te-pi_316.jpg,artifacts\inference\convnext-tiny-production\Te-pi_316__pituitary__highlighted.png,convnext_tiny,pituitary,0.999948263168335,ok,
data\raw\974e32f0fa628a307ba1bc2ec7f48d137b8190da0582678d7c5c75c8120bf383\Testing\pituitary\Te-pi_317.jpg,artifacts\inference\convnext-tiny-production\Te-pi_317__pituitary__highlighted.png,convnext_tiny,pituitary,0.9999773502349854,ok,
data\raw\974e32f0fa628a307ba1bc2ec7f48d137b8190da0582678d7c5c75c8120bf383\Testing\pituitary\Te-pi_318.jpg,artifacts\inference\convnext-tiny-production\Te-pi_318__pituitary__highlighted.png,convnext_tiny,pituitary,0.9998644590377808,ok,
data\raw\974e32f0fa628a307ba1bc2ec7f48d137b8190da0582678d7c5c75c8120bf383\Testing\pituitary\Te-pi_319.jpg,artifacts\inference\convnext-tiny-production\Te-pi_319__pituitary__highlighted.png,convnext_tiny,pituitary,0.9999979734420776,ok,
data\raw\974e32f0fa628a307ba1bc2ec7f48d137b8190da0582678d7c5c75c8120bf383\Testing\pituitary\Te-pi_32.jpg,artifacts\inference\convnext-tiny-production\Te-pi_32__pituitary__highlighted.png,convnext_tiny,pituitary,0.8602526783943176,ok,
data\raw\974e32f0fa628a307ba1bc2ec7f48d137b8190da0582678d7c5c75c8120bf383\Testing\pituitary\Te-pi_320.jpg,artifacts\inference\convnext-tiny-production\Te-pi_320__pituitary__highlighted.png,convnext_tiny,pituitary,0.9999973773956299,ok,
data\raw\974e32f0fa628a307ba1bc2ec7f48d137b8190da0582678d7c5c75c8120bf383\Testing\pituitary\Te-pi_321.jpg,artifacts\inference\convnext-tiny-production\Te-pi_321__pituitary__highlighted.png,convnext_tiny,pituitary,0.9997376799583435,ok,
data\raw\974e32f0fa628a307ba1bc2ec7f48d137b8190da0582678d7c5c75c8120bf383\Testing\pituitary\Te-pi_322.jpg,artifacts\inference\convnext-tiny-production\Te-pi_322__pituitary__highlighted.png,convnext_tiny,pituitary,0.9951328635215759,ok,
data\raw\974e32f0fa628a307ba1bc2ec7f48d137b8190da0582678d7c5c75c8120bf383\Testing\pituitary\Te-pi_323.jpg,artifacts\inference\convnext-tiny-production\Te-pi_323__pituitary__highlighted.png,convnext_tiny,pituitary,0.541608989238739,ok,
data\raw\974e32f0fa628a307ba1bc2ec7f48d137b8190da0582678d7c5c75c8120bf383\Testing\pituitary\Te-pi_324.jpg,artifacts\inference\convnext-tiny-production\Te-pi_324__pituitary__highlighted.png,convnext_tiny,pituitary,0.9999967813491821,ok,
data\raw\974e32f0fa628a307ba1bc2ec7f48d137b8190da0582678d7c5c75c8120bf383\Testing\pituitary\Te-pi_325.jpg,artifacts\inference\convnext-tiny-production\Te-pi_325__pituitary__highlighted.png,convnext_tiny,pituitary,0.9999982118606567,ok,
data\raw\974e32f0fa628a307ba1bc2ec7f48d137b8190da0582678d7c5c75c8120bf383\Testing\pituitary\Te-pi_326.jpg,artifacts\inference\convnext-tiny-production\Te-pi_326__pituitary__highlighted.png,convnext_tiny,pituitary,0.9999165534973145,ok,
data\raw\974e32f0fa628a307ba1bc2ec7f48d137b8190da0582678d7c5c75c8120bf383\Testing\pituitary\Te-pi_327.jpg,artifacts\inference\convnext-tiny-production\Te-pi_327__pituitary__highlighted.png,convnext_tiny,pituitary,0.9999785423278809,ok,
data\raw\974e32f0fa628a307ba1bc2ec7f48d137b8190da0582678d7c5c75c8120bf383\Testing\pituitary\Te-pi_328.jpg,artifacts\inference\convnext-tiny-production\Te-pi_328__pituitary__highlighted.png,convnext_tiny,pituitary,0.9998507499694824,ok,
data\raw\974e32f0fa628a307ba1bc2ec7f48d137b8190da0582678d7c5c75c8120bf383\Testing\pituitary\Te-pi_329.jpg,artifacts\inference\convnext-tiny-production\Te-pi_329__pituitary__highlighted.png,convnext_tiny,pituitary,0.9999978542327881,ok,
data\raw\974e32f0fa628a307ba1bc2ec7f48d137b8190da0582678d7c5c75c8120bf383\Testing\pituitary\Te-pi_33.jpg,artifacts\inference\convnext-tiny-production\Te-pi_33__pituitary__highlighted.png,convnext_tiny,pituitary,0.9999579191207886,ok,
data\raw\974e32f0fa628a307ba1bc2ec7f48d137b8190da0582678d7c5c75c8120bf383\Testing\pituitary\Te-pi_330.jpg,artifacts\inference\convnext-tiny-production\Te-pi_330__pituitary__highlighted.png,convnext_tiny,pituitary,0.9941516518592834,ok,
data\raw\974e32f0fa628a307ba1bc2ec7f48d137b8190da0582678d7c5c75c8120bf383\Testing\pituitary\Te-pi_331.jpg,artifacts\inference\convnext-tiny-production\Te-pi_331__pituitary__highlighted.png,convnext_tiny,pituitary,0.9999446868896484,ok,
data\raw\974e32f0fa628a307ba1bc2ec7f48d137b8190da0582678d7c5c75c8120bf383\Testing\pituitary\Te-pi_332.jpg,artifacts\inference\convnext-tiny-production\Te-pi_332__pituitary__highlighted.png,convnext_tiny,pituitary,0.999483585357666,ok,
data\raw\974e32f0fa628a307ba1bc2ec7f48d137b8190da0582678d7c5c75c8120bf383\Testing\pituitary\Te-pi_333.jpg,artifacts\inference\convnext-tiny-production\Te-pi_333__pituitary__highlighted.png,convnext_tiny,pituitary,0.9999932050704956,ok,
data\raw\974e32f0fa628a307ba1bc2ec7f48d137b8190da0582678d7c5c75c8120bf383\Testing\pituitary\Te-pi_334.jpg,artifacts\inference\convnext-tiny-production\Te-pi_334__pituitary__highlighted.png,convnext_tiny,pituitary,0.9995216131210327,ok,
data\raw\974e32f0fa628a307ba1bc2ec7f48d137b8190da0582678d7c5c75c8120bf383\Testing\pituitary\Te-pi_335.jpg,artifacts\inference\convnext-tiny-production\Te-pi_335__pituitary__highlighted.png,convnext_tiny,pituitary,0.9997038245201111,ok,
data\raw\974e32f0fa628a307ba1bc2ec7f48d137b8190da0582678d7c5c75c8120bf383\Testing\pituitary\Te-pi_336.jpg,artifacts\inference\convnext-tiny-production\Te-pi_336__pituitary__highlighted.png,convnext_tiny,pituitary,0.9981269240379333,ok,
data\raw\974e32f0fa628a307ba1bc2ec7f48d137b8190da0582678d7c5c75c8120bf383\Testing\pituitary\Te-pi_337.jpg,artifacts\inference\convnext-tiny-production\Te-pi_337__pituitary__highlighted.png,convnext_tiny,pituitary,0.9996638298034668,ok,
data\raw\974e32f0fa628a307ba1bc2ec7f48d137b8190da0582678d7c5c75c8120bf383\Testing\pituitary\Te-pi_338.jpg,artifacts\inference\convnext-tiny-production\Te-pi_338__pituitary__highlighted.png,convnext_tiny,pituitary,0.9999122619628906,ok,
data\raw\974e32f0fa628a307ba1bc2ec7f48d137b8190da0582678d7c5c75c8120bf383\Testing\pituitary\Te-pi_339.jpg,artifacts\inference\convnext-tiny-production\Te-pi_339__pituitary__highlighted.png,convnext_tiny,pituitary,0.9914905428886414,ok,
data\raw\974e32f0fa628a307ba1bc2ec7f48d137b8190da0582678d7c5c75c8120bf383\Testing\pituitary\Te-pi_34.jpg,artifacts\inference\convnext-tiny-production\Te-pi_34__pituitary__highlighted.png,convnext_tiny,pituitary,0.9999624490737915,ok,
data\raw\974e32f0fa628a307ba1bc2ec7f48d137b8190da0582678d7c5c75c8120bf383\Testing\pituitary\Te-pi_340.jpg,artifacts\inference\convnext-tiny-production\Te-pi_340__pituitary__highlighted.png,convnext_tiny,pituitary,0.9999929666519165,ok,
data\raw\974e32f0fa628a307ba1bc2ec7f48d137b8190da0582678d7c5c75c8120bf383\Testing\pituitary\Te-pi_341.jpg,artifacts\inference\convnext-tiny-production\Te-pi_341__pituitary__highlighted.png,convnext_tiny,pituitary,0.9998716115951538,ok,
data\raw\974e32f0fa628a307ba1bc2ec7f48d137b8190da0582678d7c5c75c8120bf383\Testing\pituitary\Te-pi_342.jpg,artifacts\inference\convnext-tiny-production\Te-pi_342__pituitary__highlighted.png,convnext_tiny,pituitary,0.9991156458854675,ok,
data\raw\974e32f0fa628a307ba1bc2ec7f48d137b8190da0582678d7c5c75c8120bf383\Testing\pituitary\Te-pi_343.jpg,artifacts\inference\convnext-tiny-production\Te-pi_343__pituitary__highlighted.png,convnext_tiny,pituitary,0.9905868172645569,ok,
data\raw\974e32f0fa628a307ba1bc2ec7f48d137b8190da0582678d7c5c75c8120bf383\Testing\pituitary\Te-pi_344.jpg,artifacts\inference\convnext-tiny-production\Te-pi_344__pituitary__highlighted.png,convnext_tiny,pituitary,0.9999067783355713,ok,
data\raw\974e32f0fa628a307ba1bc2ec7f48d137b8190da0582678d7c5c75c8120bf383\Testing\pituitary\Te-pi_345.jpg,artifacts\inference\convnext-tiny-production\Te-pi_345__pituitary__highlighted.png,convnext_tiny,pituitary,0.9985734224319458,ok,
data\raw\974e32f0fa628a307ba1bc2ec7f48d137b8190da0582678d7c5c75c8120bf383\Testing\pituitary\Te-pi_346.jpg,artifacts\inference\convnext-tiny-production\Te-pi_346__pituitary__highlighted.png,convnext_tiny,pituitary,0.9996907711029053,ok,
data\raw\974e32f0fa628a307ba1bc2ec7f48d137b8190da0582678d7c5c75c8120bf383\Testing\pituitary\Te-pi_347.jpg,artifacts\inference\convnext-tiny-production\Te-pi_347__pituitary__highlighted.png,convnext_tiny,pituitary,0.9999951124191284,ok,
data\raw\974e32f0fa628a307ba1bc2ec7f48d137b8190da0582678d7c5c75c8120bf383\Testing\pituitary\Te-pi_348.jpg,artifacts\inference\convnext-tiny-production\Te-pi_348__pituitary__highlighted.png,convnext_tiny,pituitary,0.9992031455039978,ok,
data\raw\974e32f0fa628a307ba1bc2ec7f48d137b8190da0582678d7c5c75c8120bf383\Testing\pituitary\Te-pi_349.jpg,artifacts\inference\convnext-tiny-production\Te-pi_349__pituitary__highlighted.png,convnext_tiny,pituitary,0.9989925026893616,ok,
data\raw\974e32f0fa628a307ba1bc2ec7f48d137b8190da0582678d7c5c75c8120bf383\Testing\pituitary\Te-pi_35.jpg,artifacts\inference\convnext-tiny-production\Te-pi_35__pituitary__highlighted.png,convnext_tiny,pituitary,0.9999366998672485,ok,
data\raw\974e32f0fa628a307ba1bc2ec7f48d137b8190da0582678d7c5c75c8120bf383\Testing\pituitary\Te-pi_350.jpg,artifacts\inference\convnext-tiny-production\Te-pi_350__pituitary__highlighted.png,convnext_tiny,pituitary,0.999983549118042,ok,
data\raw\974e32f0fa628a307ba1bc2ec7f48d137b8190da0582678d7c5c75c8120bf383\Testing\pituitary\Te-pi_351.jpg,artifacts\inference\convnext-tiny-production\Te-pi_351__pituitary__highlighted.png,convnext_tiny,pituitary,0.999881386756897,ok,
data\raw\974e32f0fa628a307ba1bc2ec7f48d137b8190da0582678d7c5c75c8120bf383\Testing\pituitary\Te-pi_352.jpg,artifacts\inference\convnext-tiny-production\Te-pi_352__pituitary__highlighted.png,convnext_tiny,pituitary,0.9873598217964172,ok,
data\raw\974e32f0fa628a307ba1bc2ec7f48d137b8190da0582678d7c5c75c8120bf383\Testing\pituitary\Te-pi_353.jpg,artifacts\inference\convnext-tiny-production\Te-pi_353__pituitary__highlighted.png,convnext_tiny,pituitary,0.9999992847442627,ok,
data\raw\974e32f0fa628a307ba1bc2ec7f48d137b8190da0582678d7c5c75c8120bf383\Testing\pituitary\Te-pi_354.jpg,artifacts\inference\convnext-tiny-production\Te-pi_354__pituitary__highlighted.png,convnext_tiny,pituitary,0.9999983310699463,ok,
data\raw\974e32f0fa628a307ba1bc2ec7f48d137b8190da0582678d7c5c75c8120bf383\Testing\pituitary\Te-pi_355.jpg,artifacts\inference\convnext-tiny-production\Te-pi_355__pituitary__highlighted.png,convnext_tiny,pituitary,0.9999995231628418,ok,
data\raw\974e32f0fa628a307ba1bc2ec7f48d137b8190da0582678d7c5c75c8120bf383\Testing\pituitary\Te-pi_356.jpg,artifacts\inference\convnext-tiny-production\Te-pi_356__pituitary__highlighted.png,convnext_tiny,pituitary,0.9999902248382568,ok,
data\raw\974e32f0fa628a307ba1bc2ec7f48d137b8190da0582678d7c5c75c8120bf383\Testing\pituitary\Te-pi_357.jpg,artifacts\inference\convnext-tiny-production\Te-pi_357__pituitary__highlighted.png,convnext_tiny,pituitary,0.9999995231628418,ok,
data\raw\974e32f0fa628a307ba1bc2ec7f48d137b8190da0582678d7c5c75c8120bf383\Testing\pituitary\Te-pi_358.jpg,artifacts\inference\convnext-tiny-production\Te-pi_358__pituitary__highlighted.png,convnext_tiny,pituitary,0.9999991655349731,ok,
data\raw\974e32f0fa628a307ba1bc2ec7f48d137b8190da0582678d7c5c75c8120bf383\Testing\pituitary\Te-pi_359.jpg,artifacts\inference\convnext-tiny-production\Te-pi_359__pituitary__highlighted.png,convnext_tiny,pituitary,0.9999924898147583,ok,
data\raw\974e32f0fa628a307ba1bc2ec7f48d137b8190da0582678d7c5c75c8120bf383\Testing\pituitary\Te-pi_36.jpg,artifacts\inference\convnext-tiny-production\Te-pi_36__pituitary__highlighted.png,convnext_tiny,pituitary,0.999848484992981,ok,
data\raw\974e32f0fa628a307ba1bc2ec7f48d137b8190da0582678d7c5c75c8120bf383\Testing\pituitary\Te-pi_360.jpg,artifacts\inference\convnext-tiny-production\Te-pi_360__pituitary__highlighted.png,convnext_tiny,pituitary,0.9989426732063293,ok,
data\raw\974e32f0fa628a307ba1bc2ec7f48d137b8190da0582678d7c5c75c8120bf383\Testing\pituitary\Te-pi_361.jpg,artifacts\inference\convnext-tiny-production\Te-pi_361__pituitary__highlighted.png,convnext_tiny,pituitary,0.9580388069152832,ok,
data\raw\974e32f0fa628a307ba1bc2ec7f48d137b8190da0582678d7c5c75c8120bf383\Testing\pituitary\Te-pi_362.jpg,artifacts\inference\convnext-tiny-production\Te-pi_362__pituitary__highlighted.png,convnext_tiny,pituitary,0.99992835521698,ok,
data\raw\974e32f0fa628a307ba1bc2ec7f48d137b8190da0582678d7c5c75c8120bf383\Testing\pituitary\Te-pi_363.jpg,artifacts\inference\convnext-tiny-production\Te-pi_363__pituitary__highlighted.png,convnext_tiny,pituitary,0.9970355033874512,ok,
data\raw\974e32f0fa628a307ba1bc2ec7f48d137b8190da0582678d7c5c75c8120bf383\Testing\pituitary\Te-pi_364.jpg,artifacts\inference\convnext-tiny-production\Te-pi_364__pituitary__highlighted.png,convnext_tiny,pituitary,0.9999936819076538,ok,
data\raw\974e32f0fa628a307ba1bc2ec7f48d137b8190da0582678d7c5c75c8120bf383\Testing\pituitary\Te-pi_365.jpg,artifacts\inference\convnext-tiny-production\Te-pi_365__pituitary__highlighted.png,convnext_tiny,pituitary,0.9993170499801636,ok,
data\raw\974e32f0fa628a307ba1bc2ec7f48d137b8190da0582678d7c5c75c8120bf383\Testing\pituitary\Te-pi_366.jpg,artifacts\inference\convnext-tiny-production\Te-pi_366__pituitary__highlighted.png,convnext_tiny,pituitary,1.0,ok,
data\raw\974e32f0fa628a307ba1bc2ec7f48d137b8190da0582678d7c5c75c8120bf383\Testing\pituitary\Te-pi_367.jpg,artifacts\inference\convnext-tiny-production\Te-pi_367__pituitary__highlighted.png,convnext_tiny,pituitary,0.8325835466384888,ok,
data\raw\974e32f0fa628a307ba1bc2ec7f48d137b8190da0582678d7c5c75c8120bf383\Testing\pituitary\Te-pi_368.jpg,artifacts\inference\convnext-tiny-production\Te-pi_368__pituitary__highlighted.png,convnext_tiny,pituitary,0.9999977350234985,ok,
data\raw\974e32f0fa628a307ba1bc2ec7f48d137b8190da0582678d7c5c75c8120bf383\Testing\pituitary\Te-pi_369.jpg,artifacts\inference\convnext-tiny-production\Te-pi_369__pituitary__highlighted.png,convnext_tiny,pituitary,0.9999632835388184,ok,
data\raw\974e32f0fa628a307ba1bc2ec7f48d137b8190da0582678d7c5c75c8120bf383\Testing\pituitary\Te-pi_37.jpg,artifacts\inference\convnext-tiny-production\Te-pi_37__pituitary__highlighted.png,convnext_tiny,pituitary,0.9999502897262573,ok,
data\raw\974e32f0fa628a307ba1bc2ec7f48d137b8190da0582678d7c5c75c8120bf383\Testing\pituitary\Te-pi_370.jpg,artifacts\inference\convnext-tiny-production\Te-pi_370__pituitary__highlighted.png,convnext_tiny,pituitary,0.99994957447052,ok,
data\raw\974e32f0fa628a307ba1bc2ec7f48d137b8190da0582678d7c5c75c8120bf383\Testing\pituitary\Te-pi_371.jpg,artifacts\inference\convnext-tiny-production\Te-pi_371__pituitary__highlighted.png,convnext_tiny,pituitary,0.999998927116394,ok,
data\raw\974e32f0fa628a307ba1bc2ec7f48d137b8190da0582678d7c5c75c8120bf383\Testing\pituitary\Te-pi_372.jpg,artifacts\inference\convnext-tiny-production\Te-pi_372__pituitary__highlighted.png,convnext_tiny,pituitary,0.9999229907989502,ok,
data\raw\974e32f0fa628a307ba1bc2ec7f48d137b8190da0582678d7c5c75c8120bf383\Testing\pituitary\Te-pi_373.jpg,artifacts\inference\convnext-tiny-production\Te-pi_373__pituitary__highlighted.png,convnext_tiny,pituitary,1.0,ok,
data\raw\974e32f0fa628a307ba1bc2ec7f48d137b8190da0582678d7c5c75c8120bf383\Testing\pituitary\Te-pi_374.jpg,artifacts\inference\convnext-tiny-production\Te-pi_374__pituitary__highlighted.png,convnext_tiny,pituitary,0.9999860525131226,ok,
data\raw\974e32f0fa628a307ba1bc2ec7f48d137b8190da0582678d7c5c75c8120bf383\Testing\pituitary\Te-pi_375.jpg,artifacts\inference\convnext-tiny-production\Te-pi_375__pituitary__highlighted.png,convnext_tiny,pituitary,0.9970574378967285,ok,
data\raw\974e32f0fa628a307ba1bc2ec7f48d137b8190da0582678d7c5c75c8120bf383\Testing\pituitary\Te-pi_376.jpg,artifacts\inference\convnext-tiny-production\Te-pi_376__pituitary__highlighted.png,convnext_tiny,pituitary,0.9999876022338867,ok,
data\raw\974e32f0fa628a307ba1bc2ec7f48d137b8190da0582678d7c5c75c8120bf383\Testing\pituitary\Te-pi_377.jpg,artifacts\inference\convnext-tiny-production\Te-pi_377__pituitary__highlighted.png,convnext_tiny,pituitary,0.9658073782920837,ok,
data\raw\974e32f0fa628a307ba1bc2ec7f48d137b8190da0582678d7c5c75c8120bf383\Testing\pituitary\Te-pi_378.jpg,artifacts\inference\convnext-tiny-production\Te-pi_378__pituitary__highlighted.png,convnext_tiny,pituitary,0.9996305704116821,ok,
data\raw\974e32f0fa628a307ba1bc2ec7f48d137b8190da0582678d7c5c75c8120bf383\Testing\pituitary\Te-pi_379.jpg,artifacts\inference\convnext-tiny-production\Te-pi_379__pituitary__highlighted.png,convnext_tiny,pituitary,0.999997615814209,ok,
data\raw\974e32f0fa628a307ba1bc2ec7f48d137b8190da0582678d7c5c75c8120bf383\Testing\pituitary\Te-pi_38.jpg,artifacts\inference\convnext-tiny-production\Te-pi_38__pituitary__highlighted.png,convnext_tiny,pituitary,0.9999475479125977,ok,
data\raw\974e32f0fa628a307ba1bc2ec7f48d137b8190da0582678d7c5c75c8120bf383\Testing\pituitary\Te-pi_380.jpg,artifacts\inference\convnext-tiny-production\Te-pi_380__pituitary__highlighted.png,convnext_tiny,pituitary,0.999736487865448,ok,
data\raw\974e32f0fa628a307ba1bc2ec7f48d137b8190da0582678d7c5c75c8120bf383\Testing\pituitary\Te-pi_381.jpg,artifacts\inference\convnext-tiny-production\Te-pi_381__pituitary__highlighted.png,convnext_tiny,pituitary,0.9999548196792603,ok,
data\raw\974e32f0fa628a307ba1bc2ec7f48d137b8190da0582678d7c5c75c8120bf383\Testing\pituitary\Te-pi_382.jpg,artifacts\inference\convnext-tiny-production\Te-pi_382__pituitary__highlighted.png,convnext_tiny,pituitary,0.9997158646583557,ok,
data\raw\974e32f0fa628a307ba1bc2ec7f48d137b8190da0582678d7c5c75c8120bf383\Testing\pituitary\Te-pi_383.jpg,artifacts\inference\convnext-tiny-production\Te-pi_383__pituitary__highlighted.png,convnext_tiny,pituitary,0.9938693046569824,ok,
data\raw\974e32f0fa628a307ba1bc2ec7f48d137b8190da0582678d7c5c75c8120bf383\Testing\pituitary\Te-pi_384.jpg,artifacts\inference\convnext-tiny-production\Te-pi_384__pituitary__highlighted.png,convnext_tiny,pituitary,0.9999932050704956,ok,
data\raw\974e32f0fa628a307ba1bc2ec7f48d137b8190da0582678d7c5c75c8120bf383\Testing\pituitary\Te-pi_385.jpg,artifacts\inference\convnext-tiny-production\Te-pi_385__pituitary__highlighted.png,convnext_tiny,pituitary,0.999997615814209,ok,
data\raw\974e32f0fa628a307ba1bc2ec7f48d137b8190da0582678d7c5c75c8120bf383\Testing\pituitary\Te-pi_386.jpg,artifacts\inference\convnext-tiny-production\Te-pi_386__pituitary__highlighted.png,convnext_tiny,pituitary,0.9998229146003723,ok,
data\raw\974e32f0fa628a307ba1bc2ec7f48d137b8190da0582678d7c5c75c8120bf383\Testing\pituitary\Te-pi_387.jpg,artifacts\inference\convnext-tiny-production\Te-pi_387__pituitary__highlighted.png,convnext_tiny,pituitary,0.9933791160583496,ok,
data\raw\974e32f0fa628a307ba1bc2ec7f48d137b8190da0582678d7c5c75c8120bf383\Testing\pituitary\Te-pi_388.jpg,artifacts\inference\convnext-tiny-production\Te-pi_388__pituitary__highlighted.png,convnext_tiny,pituitary,0.9997956156730652,ok,
data\raw\974e32f0fa628a307ba1bc2ec7f48d137b8190da0582678d7c5c75c8120bf383\Testing\pituitary\Te-pi_389.jpg,artifacts\inference\convnext-tiny-production\Te-pi_389__pituitary__highlighted.png,convnext_tiny,pituitary,0.9999996423721313,ok,
data\raw\974e32f0fa628a307ba1bc2ec7f48d137b8190da0582678d7c5c75c8120bf383\Testing\pituitary\Te-pi_39.jpg,artifacts\inference\convnext-tiny-production\Te-pi_39__pituitary__highlighted.png,convnext_tiny,pituitary,0.9998836517333984,ok,
data\raw\974e32f0fa628a307ba1bc2ec7f48d137b8190da0582678d7c5c75c8120bf383\Testing\pituitary\Te-pi_390.jpg,artifacts\inference\convnext-tiny-production\Te-pi_390__pituitary__highlighted.png,convnext_tiny,pituitary,0.999782383441925,ok,
data\raw\974e32f0fa628a307ba1bc2ec7f48d137b8190da0582678d7c5c75c8120bf383\Testing\pituitary\Te-pi_391.jpg,artifacts\inference\convnext-tiny-production\Te-pi_391__pituitary__highlighted.png,convnext_tiny,pituitary,0.9999568462371826,ok,
data\raw\974e32f0fa628a307ba1bc2ec7f48d137b8190da0582678d7c5c75c8120bf383\Testing\pituitary\Te-pi_392.jpg,artifacts\inference\convnext-tiny-production\Te-pi_392__pituitary__highlighted.png,convnext_tiny,pituitary,0.9711592793464661,ok,
data\raw\974e32f0fa628a307ba1bc2ec7f48d137b8190da0582678d7c5c75c8120bf383\Testing\pituitary\Te-pi_393.jpg,artifacts\inference\convnext-tiny-production\Te-pi_393__glioma__highlighted.png,convnext_tiny,glioma,0.9506654143333435,ok,
data\raw\974e32f0fa628a307ba1bc2ec7f48d137b8190da0582678d7c5c75c8120bf383\Testing\pituitary\Te-pi_394.jpg,artifacts\inference\convnext-tiny-production\Te-pi_394__pituitary__highlighted.png,convnext_tiny,pituitary,0.9999794960021973,ok,
data\raw\974e32f0fa628a307ba1bc2ec7f48d137b8190da0582678d7c5c75c8120bf383\Testing\pituitary\Te-pi_395.jpg,artifacts\inference\convnext-tiny-production\Te-pi_395__pituitary__highlighted.png,convnext_tiny,pituitary,0.9999160766601562,ok,
data\raw\974e32f0fa628a307ba1bc2ec7f48d137b8190da0582678d7c5c75c8120bf383\Testing\pituitary\Te-pi_396.jpg,artifacts\inference\convnext-tiny-production\Te-pi_396__pituitary__highlighted.png,convnext_tiny,pituitary,0.9999994039535522,ok,
data\raw\974e32f0fa628a307ba1bc2ec7f48d137b8190da0582678d7c5c75c8120bf383\Testing\pituitary\Te-pi_397.jpg,artifacts\inference\convnext-tiny-production\Te-pi_397__pituitary__highlighted.png,convnext_tiny,pituitary,0.9973099231719971,ok,
data\raw\974e32f0fa628a307ba1bc2ec7f48d137b8190da0582678d7c5c75c8120bf383\Testing\pituitary\Te-pi_398.jpg,artifacts\inference\convnext-tiny-production\Te-pi_398__pituitary__highlighted.png,convnext_tiny,pituitary,0.9999991655349731,ok,
data\raw\974e32f0fa628a307ba1bc2ec7f48d137b8190da0582678d7c5c75c8120bf383\Testing\pituitary\Te-pi_399.jpg,artifacts\inference\convnext-tiny-production\Te-pi_399__pituitary__highlighted.png,convnext_tiny,pituitary,0.999695897102356,ok,
data\raw\974e32f0fa628a307ba1bc2ec7f48d137b8190da0582678d7c5c75c8120bf383\Testing\pituitary\Te-pi_4.jpg,artifacts\inference\convnext-tiny-production\Te-pi_4__pituitary__highlighted.png,convnext_tiny,pituitary,0.9997778534889221,ok,
data\raw\974e32f0fa628a307ba1bc2ec7f48d137b8190da0582678d7c5c75c8120bf383\Testing\pituitary\Te-pi_40.jpg,artifacts\inference\convnext-tiny-production\Te-pi_40__pituitary__highlighted.png,convnext_tiny,pituitary,0.9999635219573975,ok,
data\raw\974e32f0fa628a307ba1bc2ec7f48d137b8190da0582678d7c5c75c8120bf383\Testing\pituitary\Te-pi_400.jpg,artifacts\inference\convnext-tiny-production\Te-pi_400__pituitary__highlighted.png,convnext_tiny,pituitary,0.9999938011169434,ok,
data\raw\974e32f0fa628a307ba1bc2ec7f48d137b8190da0582678d7c5c75c8120bf383\Testing\pituitary\Te-pi_41.jpg,artifacts\inference\convnext-tiny-production\Te-pi_41__pituitary__highlighted.png,convnext_tiny,pituitary,0.9999964237213135,ok,
data\raw\974e32f0fa628a307ba1bc2ec7f48d137b8190da0582678d7c5c75c8120bf383\Testing\pituitary\Te-pi_42.jpg,artifacts\inference\convnext-tiny-production\Te-pi_42__pituitary__highlighted.png,convnext_tiny,pituitary,0.9999762773513794,ok,
data\raw\974e32f0fa628a307ba1bc2ec7f48d137b8190da0582678d7c5c75c8120bf383\Testing\pituitary\Te-pi_43.jpg,artifacts\inference\convnext-tiny-production\Te-pi_43__pituitary__highlighted.png,convnext_tiny,pituitary,0.9999723434448242,ok,
data\raw\974e32f0fa628a307ba1bc2ec7f48d137b8190da0582678d7c5c75c8120bf383\Testing\pituitary\Te-pi_44.jpg,artifacts\inference\convnext-tiny-production\Te-pi_44__pituitary__highlighted.png,convnext_tiny,pituitary,0.9999984502792358,ok,
data\raw\974e32f0fa628a307ba1bc2ec7f48d137b8190da0582678d7c5c75c8120bf383\Testing\pituitary\Te-pi_45.jpg,artifacts\inference\convnext-tiny-production\Te-pi_45__pituitary__highlighted.png,convnext_tiny,pituitary,0.9999951124191284,ok,
data\raw\974e32f0fa628a307ba1bc2ec7f48d137b8190da0582678d7c5c75c8120bf383\Testing\pituitary\Te-pi_46.jpg,artifacts\inference\convnext-tiny-production\Te-pi_46__pituitary__highlighted.png,convnext_tiny,pituitary,0.9999876022338867,ok,
data\raw\974e32f0fa628a307ba1bc2ec7f48d137b8190da0582678d7c5c75c8120bf383\Testing\pituitary\Te-pi_47.jpg,artifacts\inference\convnext-tiny-production\Te-pi_47__pituitary__highlighted.png,convnext_tiny,pituitary,0.9999910593032837,ok,
data\raw\974e32f0fa628a307ba1bc2ec7f48d137b8190da0582678d7c5c75c8120bf383\Testing\pituitary\Te-pi_48.jpg,artifacts\inference\convnext-tiny-production\Te-pi_48__pituitary__highlighted.png,convnext_tiny,pituitary,0.9990854263305664,ok,
data\raw\974e32f0fa628a307ba1bc2ec7f48d137b8190da0582678d7c5c75c8120bf383\Testing\pituitary\Te-pi_49.jpg,artifacts\inference\convnext-tiny-production\Te-pi_49__pituitary__highlighted.png,convnext_tiny,pituitary,0.8478402495384216,ok,
data\raw\974e32f0fa628a307ba1bc2ec7f48d137b8190da0582678d7c5c75c8120bf383\Testing\pituitary\Te-pi_5.jpg,artifacts\inference\convnext-tiny-production\Te-pi_5__pituitary__highlighted.png,convnext_tiny,pituitary,0.9994446635246277,ok,
data\raw\974e32f0fa628a307ba1bc2ec7f48d137b8190da0582678d7c5c75c8120bf383\Testing\pituitary\Te-pi_50.jpg,artifacts\inference\convnext-tiny-production\Te-pi_50__glioma__highlighted.png,convnext_tiny,glioma,0.6484021544456482,ok,
data\raw\974e32f0fa628a307ba1bc2ec7f48d137b8190da0582678d7c5c75c8120bf383\Testing\pituitary\Te-pi_51.jpg,artifacts\inference\convnext-tiny-production\Te-pi_51__pituitary__highlighted.png,convnext_tiny,pituitary,0.9995461106300354,ok,
data\raw\974e32f0fa628a307ba1bc2ec7f48d137b8190da0582678d7c5c75c8120bf383\Testing\pituitary\Te-pi_52.jpg,artifacts\inference\convnext-tiny-production\Te-pi_52__pituitary__highlighted.png,convnext_tiny,pituitary,0.9998592138290405,ok,
data\raw\974e32f0fa628a307ba1bc2ec7f48d137b8190da0582678d7c5c75c8120bf383\Testing\pituitary\Te-pi_53.jpg,artifacts\inference\convnext-tiny-production\Te-pi_53__pituitary__highlighted.png,convnext_tiny,pituitary,0.9999008178710938,ok,
data\raw\974e32f0fa628a307ba1bc2ec7f48d137b8190da0582678d7c5c75c8120bf383\Testing\pituitary\Te-pi_54.jpg,artifacts\inference\convnext-tiny-production\Te-pi_54__pituitary__highlighted.png,convnext_tiny,pituitary,0.9999871253967285,ok,
data\raw\974e32f0fa628a307ba1bc2ec7f48d137b8190da0582678d7c5c75c8120bf383\Testing\pituitary\Te-pi_55.jpg,artifacts\inference\convnext-tiny-production\Te-pi_55__pituitary__highlighted.png,convnext_tiny,pituitary,0.9998923540115356,ok,
data\raw\974e32f0fa628a307ba1bc2ec7f48d137b8190da0582678d7c5c75c8120bf383\Testing\pituitary\Te-pi_56.jpg,artifacts\inference\convnext-tiny-production\Te-pi_56__pituitary__highlighted.png,convnext_tiny,pituitary,0.9606302976608276,ok,
data\raw\974e32f0fa628a307ba1bc2ec7f48d137b8190da0582678d7c5c75c8120bf383\Testing\pituitary\Te-pi_57.jpg,artifacts\inference\convnext-tiny-production\Te-pi_57__pituitary__highlighted.png,convnext_tiny,pituitary,0.999836802482605,ok,
data\raw\974e32f0fa628a307ba1bc2ec7f48d137b8190da0582678d7c5c75c8120bf383\Testing\pituitary\Te-pi_58.jpg,artifacts\inference\convnext-tiny-production\Te-pi_58__pituitary__highlighted.png,convnext_tiny,pituitary,0.9999852180480957,ok,
data\raw\974e32f0fa628a307ba1bc2ec7f48d137b8190da0582678d7c5c75c8120bf383\Testing\pituitary\Te-pi_59.jpg,artifacts\inference\convnext-tiny-production\Te-pi_59__pituitary__highlighted.png,convnext_tiny,pituitary,0.9991142153739929,ok,
data\raw\974e32f0fa628a307ba1bc2ec7f48d137b8190da0582678d7c5c75c8120bf383\Testing\pituitary\Te-pi_6.jpg,artifacts\inference\convnext-tiny-production\Te-pi_6__pituitary__highlighted.png,convnext_tiny,pituitary,0.9999444484710693,ok,
data\raw\974e32f0fa628a307ba1bc2ec7f48d137b8190da0582678d7c5c75c8120bf383\Testing\pituitary\Te-pi_60.jpg,artifacts\inference\convnext-tiny-production\Te-pi_60__pituitary__highlighted.png,convnext_tiny,pituitary,0.9999269247055054,ok,
data\raw\974e32f0fa628a307ba1bc2ec7f48d137b8190da0582678d7c5c75c8120bf383\Testing\pituitary\Te-pi_61.jpg,artifacts\inference\convnext-tiny-production\Te-pi_61__pituitary__highlighted.png,convnext_tiny,pituitary,0.9999703168869019,ok,
data\raw\974e32f0fa628a307ba1bc2ec7f48d137b8190da0582678d7c5c75c8120bf383\Testing\pituitary\Te-pi_62.jpg,artifacts\inference\convnext-tiny-production\Te-pi_62__pituitary__highlighted.png,convnext_tiny,pituitary,0.999961256980896,ok,
data\raw\974e32f0fa628a307ba1bc2ec7f48d137b8190da0582678d7c5c75c8120bf383\Testing\pituitary\Te-pi_63.jpg,artifacts\inference\convnext-tiny-production\Te-pi_63__pituitary__highlighted.png,convnext_tiny,pituitary,0.9998237490653992,ok,
data\raw\974e32f0fa628a307ba1bc2ec7f48d137b8190da0582678d7c5c75c8120bf383\Testing\pituitary\Te-pi_64.jpg,artifacts\inference\convnext-tiny-production\Te-pi_64__pituitary__highlighted.png,convnext_tiny,pituitary,0.9360231757164001,ok,
data\raw\974e32f0fa628a307ba1bc2ec7f48d137b8190da0582678d7c5c75c8120bf383\Testing\pituitary\Te-pi_65.jpg,artifacts\inference\convnext-tiny-production\Te-pi_65__pituitary__highlighted.png,convnext_tiny,pituitary,0.9999867677688599,ok,
data\raw\974e32f0fa628a307ba1bc2ec7f48d137b8190da0582678d7c5c75c8120bf383\Testing\pituitary\Te-pi_66.jpg,artifacts\inference\convnext-tiny-production\Te-pi_66__pituitary__highlighted.png,convnext_tiny,pituitary,0.9973791837692261,ok,
data\raw\974e32f0fa628a307ba1bc2ec7f48d137b8190da0582678d7c5c75c8120bf383\Testing\pituitary\Te-pi_67.jpg,artifacts\inference\convnext-tiny-production\Te-pi_67__pituitary__highlighted.png,convnext_tiny,pituitary,0.9999985694885254,ok,
data\raw\974e32f0fa628a307ba1bc2ec7f48d137b8190da0582678d7c5c75c8120bf383\Testing\pituitary\Te-pi_68.jpg,artifacts\inference\convnext-tiny-production\Te-pi_68__pituitary__highlighted.png,convnext_tiny,pituitary,0.9955247640609741,ok,
data\raw\974e32f0fa628a307ba1bc2ec7f48d137b8190da0582678d7c5c75c8120bf383\Testing\pituitary\Te-pi_69.jpg,artifacts\inference\convnext-tiny-production\Te-pi_69__pituitary__highlighted.png,convnext_tiny,pituitary,0.999943733215332,ok,
data\raw\974e32f0fa628a307ba1bc2ec7f48d137b8190da0582678d7c5c75c8120bf383\Testing\pituitary\Te-pi_7.jpg,artifacts\inference\convnext-tiny-production\Te-pi_7__pituitary__highlighted.png,convnext_tiny,pituitary,0.9999723434448242,ok,
data\raw\974e32f0fa628a307ba1bc2ec7f48d137b8190da0582678d7c5c75c8120bf383\Testing\pituitary\Te-pi_70.jpg,artifacts\inference\convnext-tiny-production\Te-pi_70__pituitary__highlighted.png,convnext_tiny,pituitary,0.9998906850814819,ok,
data\raw\974e32f0fa628a307ba1bc2ec7f48d137b8190da0582678d7c5c75c8120bf383\Testing\pituitary\Te-pi_71.jpg,artifacts\inference\convnext-tiny-production\Te-pi_71__pituitary__highlighted.png,convnext_tiny,pituitary,0.9994511008262634,ok,
data\raw\974e32f0fa628a307ba1bc2ec7f48d137b8190da0582678d7c5c75c8120bf383\Testing\pituitary\Te-pi_72.jpg,artifacts\inference\convnext-tiny-production\Te-pi_72__pituitary__highlighted.png,convnext_tiny,pituitary,0.9992374181747437,ok,
data\raw\974e32f0fa628a307ba1bc2ec7f48d137b8190da0582678d7c5c75c8120bf383\Testing\pituitary\Te-pi_73.jpg,artifacts\inference\convnext-tiny-production\Te-pi_73__pituitary__highlighted.png,convnext_tiny,pituitary,0.9997389912605286,ok,
data\raw\974e32f0fa628a307ba1bc2ec7f48d137b8190da0582678d7c5c75c8120bf383\Testing\pituitary\Te-pi_74.jpg,artifacts\inference\convnext-tiny-production\Te-pi_74__pituitary__highlighted.png,convnext_tiny,pituitary,0.9892376661300659,ok,
data\raw\974e32f0fa628a307ba1bc2ec7f48d137b8190da0582678d7c5c75c8120bf383\Testing\pituitary\Te-pi_75.jpg,artifacts\inference\convnext-tiny-production\Te-pi_75__pituitary__highlighted.png,convnext_tiny,pituitary,0.999138355255127,ok,
data\raw\974e32f0fa628a307ba1bc2ec7f48d137b8190da0582678d7c5c75c8120bf383\Testing\pituitary\Te-pi_76.jpg,artifacts\inference\convnext-tiny-production\Te-pi_76__pituitary__highlighted.png,convnext_tiny,pituitary,0.9986862540245056,ok,
data\raw\974e32f0fa628a307ba1bc2ec7f48d137b8190da0582678d7c5c75c8120bf383\Testing\pituitary\Te-pi_77.jpg,artifacts\inference\convnext-tiny-production\Te-pi_77__pituitary__highlighted.png,convnext_tiny,pituitary,0.9999959468841553,ok,
data\raw\974e32f0fa628a307ba1bc2ec7f48d137b8190da0582678d7c5c75c8120bf383\Testing\pituitary\Te-pi_78.jpg,artifacts\inference\convnext-tiny-production\Te-pi_78__pituitary__highlighted.png,convnext_tiny,pituitary,0.9995947480201721,ok,
data\raw\974e32f0fa628a307ba1bc2ec7f48d137b8190da0582678d7c5c75c8120bf383\Testing\pituitary\Te-pi_79.jpg,artifacts\inference\convnext-tiny-production\Te-pi_79__pituitary__highlighted.png,convnext_tiny,pituitary,0.9999711513519287,ok,
data\raw\974e32f0fa628a307ba1bc2ec7f48d137b8190da0582678d7c5c75c8120bf383\Testing\pituitary\Te-pi_8.jpg,artifacts\inference\convnext-tiny-production\Te-pi_8__meningioma__highlighted.png,convnext_tiny,meningioma,0.6754034161567688,ok,
data\raw\974e32f0fa628a307ba1bc2ec7f48d137b8190da0582678d7c5c75c8120bf383\Testing\pituitary\Te-pi_80.jpg,artifacts\inference\convnext-tiny-production\Te-pi_80__pituitary__highlighted.png,convnext_tiny,pituitary,0.9988381266593933,ok,
data\raw\974e32f0fa628a307ba1bc2ec7f48d137b8190da0582678d7c5c75c8120bf383\Testing\pituitary\Te-pi_81.jpg,artifacts\inference\convnext-tiny-production\Te-pi_81__pituitary__highlighted.png,convnext_tiny,pituitary,0.9998934268951416,ok,
data\raw\974e32f0fa628a307ba1bc2ec7f48d137b8190da0582678d7c5c75c8120bf383\Testing\pituitary\Te-pi_82.jpg,artifacts\inference\convnext-tiny-production\Te-pi_82__pituitary__highlighted.png,convnext_tiny,pituitary,0.9982031583786011,ok,
data\raw\974e32f0fa628a307ba1bc2ec7f48d137b8190da0582678d7c5c75c8120bf383\Testing\pituitary\Te-pi_83.jpg,artifacts\inference\convnext-tiny-production\Te-pi_83__pituitary__highlighted.png,convnext_tiny,pituitary,0.999061644077301,ok,
data\raw\974e32f0fa628a307ba1bc2ec7f48d137b8190da0582678d7c5c75c8120bf383\Testing\pituitary\Te-pi_84.jpg,artifacts\inference\convnext-tiny-production\Te-pi_84__pituitary__highlighted.png,convnext_tiny,pituitary,0.9999942779541016,ok,
data\raw\974e32f0fa628a307ba1bc2ec7f48d137b8190da0582678d7c5c75c8120bf383\Testing\pituitary\Te-pi_85.jpg,artifacts\inference\convnext-tiny-production\Te-pi_85__pituitary__highlighted.png,convnext_tiny,pituitary,0.9791079163551331,ok,
data\raw\974e32f0fa628a307ba1bc2ec7f48d137b8190da0582678d7c5c75c8120bf383\Testing\pituitary\Te-pi_86.jpg,artifacts\inference\convnext-tiny-production\Te-pi_86__pituitary__highlighted.png,convnext_tiny,pituitary,0.9887097477912903,ok,
data\raw\974e32f0fa628a307ba1bc2ec7f48d137b8190da0582678d7c5c75c8120bf383\Testing\pituitary\Te-pi_87.jpg,artifacts\inference\convnext-tiny-production\Te-pi_87__pituitary__highlighted.png,convnext_tiny,pituitary,0.9998846054077148,ok,
data\raw\974e32f0fa628a307ba1bc2ec7f48d137b8190da0582678d7c5c75c8120bf383\Testing\pituitary\Te-pi_88.jpg,artifacts\inference\convnext-tiny-production\Te-pi_88__pituitary__highlighted.png,convnext_tiny,pituitary,0.9997547268867493,ok,
data\raw\974e32f0fa628a307ba1bc2ec7f48d137b8190da0582678d7c5c75c8120bf383\Testing\pituitary\Te-pi_89.jpg,artifacts\inference\convnext-tiny-production\Te-pi_89__pituitary__highlighted.png,convnext_tiny,pituitary,0.9999819993972778,ok,
data\raw\974e32f0fa628a307ba1bc2ec7f48d137b8190da0582678d7c5c75c8120bf383\Testing\pituitary\Te-pi_9.jpg,artifacts\inference\convnext-tiny-production\Te-pi_9__pituitary__highlighted.png,convnext_tiny,pituitary,0.9903295040130615,ok,
data\raw\974e32f0fa628a307ba1bc2ec7f48d137b8190da0582678d7c5c75c8120bf383\Testing\pituitary\Te-pi_90.jpg,artifacts\inference\convnext-tiny-production\Te-pi_90__pituitary__highlighted.png,convnext_tiny,pituitary,0.9988590478897095,ok,
data\raw\974e32f0fa628a307ba1bc2ec7f48d137b8190da0582678d7c5c75c8120bf383\Testing\pituitary\Te-pi_91.jpg,artifacts\inference\convnext-tiny-production\Te-pi_91__pituitary__highlighted.png,convnext_tiny,pituitary,0.9983140230178833,ok,
data\raw\974e32f0fa628a307ba1bc2ec7f48d137b8190da0582678d7c5c75c8120bf383\Testing\pituitary\Te-pi_92.jpg,artifacts\inference\convnext-tiny-production\Te-pi_92__pituitary__highlighted.png,convnext_tiny,pituitary,0.9999558925628662,ok,
data\raw\974e32f0fa628a307ba1bc2ec7f48d137b8190da0582678d7c5c75c8120bf383\Testing\pituitary\Te-pi_93.jpg,artifacts\inference\convnext-tiny-production\Te-pi_93__pituitary__highlighted.png,convnext_tiny,pituitary,0.9999198913574219,ok,
data\raw\974e32f0fa628a307ba1bc2ec7f48d137b8190da0582678d7c5c75c8120bf383\Testing\pituitary\Te-pi_94.jpg,artifacts\inference\convnext-tiny-production\Te-pi_94__pituitary__highlighted.png,convnext_tiny,pituitary,0.9998843669891357,ok,
data\raw\974e32f0fa628a307ba1bc2ec7f48d137b8190da0582678d7c5c75c8120bf383\Testing\pituitary\Te-pi_95.jpg,artifacts\inference\convnext-tiny-production\Te-pi_95__pituitary__highlighted.png,convnext_tiny,pituitary,0.998157799243927,ok,
data\raw\974e32f0fa628a307ba1bc2ec7f48d137b8190da0582678d7c5c75c8120bf383\Testing\pituitary\Te-pi_96.jpg,artifacts\inference\convnext-tiny-production\Te-pi_96__pituitary__highlighted.png,convnext_tiny,pituitary,0.9999773502349854,ok,
data\raw\974e32f0fa628a307ba1bc2ec7f48d137b8190da0582678d7c5c75c8120bf383\Testing\pituitary\Te-pi_97.jpg,artifacts\inference\convnext-tiny-production\Te-pi_97__pituitary__highlighted.png,convnext_tiny,pituitary,0.9999964237213135,ok,
data\raw\974e32f0fa628a307ba1bc2ec7f48d137b8190da0582678d7c5c75c8120bf383\Testing\pituitary\Te-pi_98.jpg,artifacts\inference\convnext-tiny-production\Te-pi_98__pituitary__highlighted.png,convnext_tiny,pituitary,0.999850869178772,ok,
data\raw\974e32f0fa628a307ba1bc2ec7f48d137b8190da0582678d7c5c75c8120bf383\Testing\pituitary\Te-pi_99.jpg,artifacts\inference\convnext-tiny-production\Te-pi_99__pituitary__highlighted.png,convnext_tiny,pituitary,0.9999979734420776,ok,
